ticker,name,asset_class,sub_asset,target_weight,score,date,strategy,overlay_leg,forward_return,benchmark_return,forward_excess,weighted_return,weighted_excess
133690.KS,TIGER 미국나스닥100,risk,overseas_equity_index,0.2,1.0708501035811442,2016-01-29,v31_light_overlay_benchmark_exclude,rule,0.0414373182144949,0.020090913124795703,0.0213464050896992,0.00828746364289898,0.0042692810179398395
139220.KS,TIGER 200 건설,risk,domestic_equity_sector,0.2,0.9755151480972672,2016-01-29,v31_light_overlay_benchmark_exclude,rule,-0.0359711755262649,0.020090913124795703,-0.056062088651060604,-0.00719423510525298,-0.011212417730212122
139250.KS,TIGER 200 에너지화학,risk,domestic_equity_sector,0.01428571428571429,0.9362938452299716,2016-01-29,v31_light_overlay_benchmark_exclude,rule,0.0506993582609778,0.020090913124795703,0.0306084451361821,0.0007242765465853974,0.0004372635019454587
101280.KS,KODEX 일본TOPIX100,risk,overseas_equity_index,0.2,0.6627509250104244,2016-01-29,v31_light_overlay_benchmark_exclude,rule,0.0098038160340765,0.020090913124795703,-0.010287097090719203,0.0019607632068153,-0.0020574194181438407
156080.KS,KODEX MSCI Korea,risk,domestic_equity_index,0.2,0.2041059241230345,2016-01-29,v31_light_overlay_benchmark_exclude,rule,0.015218414790874,0.020090913124795703,-0.004872498333921704,0.0030436829581748,-0.0009744996667843408
152100.KS,PLUS 200,risk,domestic_equity_index,0.18571428571428572,0.1269557288567058,2016-01-29,v31_light_overlay_benchmark_exclude,rule,0.0128501337224928,0.020090913124795703,-0.007240779402302904,0.0023864534056058056,-0.0013447161747133965
139290.KS,TIGER 200 경기소비재,risk,domestic_equity_sector,0.2,0.08000663818793047,2016-02-26,v31_light_overlay_benchmark_exclude,tree,-0.0031348329623357,0.025350659838994635,-0.028485492801330337,-0.0006269665924671401,-0.005697098560266067
161510.KS,PLUS 고배당주,risk,domestic_equity_sector,0.01428571428571429,0.0752180331792254,2016-02-26,v31_light_overlay_benchmark_exclude,tree,0.0340136314815364,0.025350659838994635,0.008662971642541761,0.00048590902116480583,0.00012375673775059663
148020.KS,RISE 200,risk,domestic_equity_index,0.2,0.060101626668454367,2016-02-26,v31_light_overlay_benchmark_exclude,tree,0.0349417677609718,0.025350659838994635,0.009591107921977163,0.00698835355219436,0.0019182215843954326
101280.KS,KODEX 일본TOPIX100,risk,overseas_equity_index,0.2,0.0546162655612136,2016-02-26,v31_light_overlay_benchmark_exclude,tree,-0.0184465981962035,0.025350659838994635,-0.043797258035198135,-0.0036893196392407002,-0.008759451607039627
152100.KS,PLUS 200,risk,domestic_equity_index,0.2,0.04926814531870935,2016-02-26,v31_light_overlay_benchmark_exclude,tree,0.0336940091702786,0.025350659838994635,0.008343349331283965,0.00673880183405572,0.001668669866256793
102110.KS,TIGER 200,risk,domestic_equity_index,0.02857142857142858,0.02221125896283681,2016-02-26,v31_light_overlay_benchmark_exclude,tree,0.0358113079955166,0.025350659838994635,0.010460648156521965,0.0010231802284433318,0.0002988756616149134
133690.KS,TIGER 미국나스닥100,risk,overseas_equity_index,0.15714285714285714,-0.021576218417330227,2016-02-26,v31_light_overlay_benchmark_exclude,tree,-0.0167195757556957,0.025350659838994635,-0.042070235594690336,-0.0026273619044664674,-0.006611037022022767
139250.KS,TIGER 200 에너지화학,risk,domestic_equity_sector,0.2,1.2739712942537098,2016-03-25,v31_light_overlay_benchmark_exclude,rule,-0.0148796524063107,0.012881837537717173,-0.027761489944027874,-0.0029759304812621403,-0.005552297988805575
105010.KS,TIGER 라틴35,risk,overseas_equity_index,0.2,0.7844600352238936,2016-03-25,v31_light_overlay_benchmark_exclude,rule,0.0505224785095128,0.012881837537717173,0.03764064097179563,0.010104495701902562,0.007528128194359127
139220.KS,TIGER 200 건설,risk,domestic_equity_sector,0.01428571428571429,0.7675892387176338,2016-03-25,v31_light_overlay_benchmark_exclude,rule,0.0189656805832194,0.012881837537717173,0.0060838430455022255,0.0002709382940459915,8.691204350717468e-05
133690.KS,TIGER 미국나스닥100,risk,overseas_equity_index,0.2,0.3729010235834729,2016-03-25,v31_light_overlay_benchmark_exclude,rule,-0.0002155962144205,0.012881837537717173,-0.013097433752137674,-4.3119242884100004e-05,-0.002619486750427535
102110.KS,TIGER 200,risk,domestic_equity_index,0.2,0.3728896931130986,2016-03-25,v31_light_overlay_benchmark_exclude,rule,0.016579269645349,0.012881837537717173,0.0036974321076318276,0.0033158539290698004,0.0007394864215263656
069500.KS,KODEX 200,risk,domestic_equity_index,0.18571428571428572,0.3538572846742683,2016-03-25,v31_light_overlay_benchmark_exclude,rule,0.016746919537429,0.012881837537717173,0.0038650819997118266,0.003110142199808243,0.000717800942803625
139240.KS,TIGER 200 철강소재,risk,domestic_equity_sector,0.2,0.12769572726043515,2016-04-29,v31_light_overlay_benchmark_exclude,tree,-0.1089675806612517,-0.009842353829099154,-0.09912522683215255,-0.02179351613225034,-0.01982504536643051
139260.KS,TIGER 200 IT,risk,domestic_equity_sector,0.01428571428571429,0.054257905737196604,2016-04-29,v31_light_overlay_benchmark_exclude,tree,0.0258090044236285,-0.009842353829099154,0.03565135825272765,0.000368700063194693,0.0005093051178961095
156080.KS,KODEX MSCI Korea,risk,domestic_equity_index,0.2,0.04421226010893232,2016-04-29,v31_light_overlay_benchmark_exclude,tree,-0.0122354444208014,-0.009842353829099154,-0.0023930905917022467,-0.00244708888416028,-0.00047861811834044936
105010.KS,TIGER 라틴35,risk,overseas_equity_index,0.2,-0.03391998800683751,2016-04-29,v31_light_overlay_benchmark_exclude,tree,-0.0508197094971039,-0.009842353829099154,-0.04097735566800474,-0.01016394189942078,-0.008195471133600949
101280.KS,KODEX 일본TOPIX100,risk,overseas_equity_index,0.2,-0.05102834145184293,2016-04-29,v31_light_overlay_benchmark_exclude,tree,0.0097088374166944,-0.009842353829099154,0.019551191245793555,0.0019417674833388798,0.003910238249158711
133690.KS,TIGER 미국나스닥100,risk,overseas_equity_index,0.02857142857142858,-0.10729826024460384,2016-04-29,v31_light_overlay_benchmark_exclude,tree,0.0654455304389842,-0.009842353829099154,0.07528788426808335,0.001869872298256692,0.002151082407659525
069500.KS,KODEX 200,risk,domestic_equity_index,0.15714285714285714,-0.15289560134928043,2016-04-29,v31_light_overlay_benchmark_exclude,tree,-0.0118610109347653,-0.009842353829099154,-0.002018657105666146,-0.0018638731468916898,-0.00031721754517610864
139260.KS,TIGER 200 IT,risk,domestic_equity_sector,0.2,1.0856913656392628,2016-05-27,v31_light_overlay_benchmark_exclude,rule,0.0127674568968296,-0.012080847547948371,0.024848304444777973,0.0025534913793659204,0.004969660888955595
133690.KS,TIGER 미국나스닥100,risk,overseas_equity_index,0.2,1.0480909680459924,2016-05-27,v31_light_overlay_benchmark_exclude,rule,-0.0540878836072332,-0.012080847547948371,-0.042007036059284825,-0.010817576721446641,-0.008401407211856966
161510.KS,PLUS 고배당주,risk,domestic_equity_sector,0.01428571428571429,0.5992893833301332,2016-05-27,v31_light_overlay_benchmark_exclude,rule,-0.0490151268837146,-0.012080847547948371,-0.03693427933576623,-0.0007002160983387803,-0.0005276325619395177
069500.KS,KODEX 200,risk,domestic_equity_index,0.2,0.4077632062993257,2016-05-27,v31_light_overlay_benchmark_exclude,rule,-0.0142797395345327,-0.012080847547948371,-0.0021988919865843295,-0.0028559479069065405,-0.0004397783973168659
102110.KS,TIGER 200,risk,domestic_equity_index,0.2,0.3154797842530832,2016-05-27,v31_light_overlay_benchmark_exclude,rule,-0.0138631187549599,-0.012080847547948371,-0.0017822712070115296,-0.0027726237509919805,-0.00035645424140230594
152100.KS,PLUS 200,risk,domestic_equity_index,0.02857142857142858,0.2599782647838018,2016-05-27,v31_light_overlay_benchmark_exclude,rule,-0.0148299292432326,-0.012080847547948371,-0.002749081695284228,-0.00042371226409236015,-7.854519129383512e-05
105010.KS,TIGER 라틴35,risk,overseas_equity_index,0.15714285714285714,0.2444086625305986,2016-05-27,v31_light_overlay_benchmark_exclude,rule,0.0569948414827183,-0.012080847547948371,0.06907568903066667,0.00895633223299859,0.010854751133390477
139260.KS,TIGER 200 IT,risk,domestic_equity_sector,0.2,1.5885046379594068,2016-06-24,v31_light_overlay_benchmark_exclude,rule,0.0511680192758645,0.031305136147477736,0.019862883128386764,0.0102336038551729,0.003972576625677353
105010.KS,TIGER 라틴35,risk,overseas_equity_index,0.2,0.8445471380524289,2016-06-24,v31_light_overlay_benchmark_exclude,rule,0.045751490266372,0.031305136147477736,0.014446354118894264,0.0091502980532744,0.002889270823778853
091160.KS,KODEX 반도체,risk,domestic_equity_sector,0.01428571428571429,0.8158800144799236,2016-06-24,v31_light_overlay_benchmark_exclude,rule,0.1087720719958957,0.031305136147477736,0.07746693584841796,0.0015538867427985104,0.001106670512120257
152100.KS,PLUS 200,risk,domestic_equity_index,0.2,0.4347576578354278,2016-06-24,v31_light_overlay_benchmark_exclude,rule,0.0487141579386596,0.031305136147477736,0.017409021791181867,0.00974283158773192,0.0034818043582363735
102110.KS,TIGER 200,risk,domestic_equity_index,0.2,0.4282904437157303,2016-06-24,v31_light_overlay_benchmark_exclude,rule,0.0486782848617144,0.031305136147477736,0.017373148714236668,0.009735656972342882,0.003474629742847334
069500.KS,KODEX 200,risk,domestic_equity_index,0.02857142857142858,0.4255566819591487,2016-06-24,v31_light_overlay_benchmark_exclude,rule,0.0489183909420722,0.031305136147477736,0.01761325479459446,0.0013976683126306346,0.0005032358512741277
192090.KS,TIGER 차이나CSI300,risk,overseas_equity_index,0.15714285714285714,0.0136540178146151,2016-06-24,v31_light_overlay_benchmark_exclude,rule,0.0157254033376783,0.031305136147477736,-0.015579732809799435,0.00247113481020659,-0.0024482437272541967
091160.KS,KODEX 반도체,risk,domestic_equity_sector,0.2,1.1574744233639762,2016-07-29,v31_light_overlay_benchmark_exclude,rule,-0.0079669987520142,0.013022457390568853,-0.020989456142583053,-0.0015933997504028402,-0.004197891228516611
139230.KS,TIGER 200 중공업,risk,domestic_equity_sector,0.01428571428571429,1.107281598799624,2016-07-29,v31_light_overlay_benchmark_exclude,rule,0.0398724433911701,0.013022457390568853,0.026849986000601244,0.000569606334159573,0.0003835712285800179
133690.KS,TIGER 미국나스닥100,risk,overseas_equity_index,0.2,0.9283177507005328,2016-07-29,v31_light_overlay_benchmark_exclude,rule,0.0090622427857209,0.013022457390568853,-0.003960214604847953,0.00181244855714418,-0.0007920429209695907
105010.KS,TIGER 라틴35,risk,overseas_equity_index,0.2,0.6620109507273099,2016-07-29,v31_light_overlay_benchmark_exclude,rule,0.041867936719083,0.013022457390568853,0.02884547932851415,0.0083735873438166,0.005769095865702831
156080.KS,KODEX MSCI Korea,risk,domestic_equity_index,0.2,0.6517341697043315,2016-07-29,v31_light_overlay_benchmark_exclude,rule,0.0185857096309784,0.013022457390568853,0.005563252240409548,0.0037171419261956802,0.0011126504480819097
148020.KS,RISE 200,risk,domestic_equity_index,0.18571428571428572,0.3586080586353785,2016-07-29,v31_light_overlay_benchmark_exclude,rule,0.0166106385880508,0.013022457390568853,0.0035881811974819468,0.0030848328806380057,0.0006663765081037902
139260.KS,TIGER 200 IT,risk,domestic_equity_sector,0.2,1.239051713208317,2016-08-26,v31_light_overlay_benchmark_exclude,rule,0.0019646049310944,0.0043664031893811146,-0.0024017982582867146,0.00039292098621888,-0.00048035965165734297
156080.KS,KODEX MSCI Korea,risk,domestic_equity_index,0.2,0.9554056629731368,2016-08-26,v31_light_overlay_benchmark_exclude,rule,0.0075656073201957,0.0043664031893811146,0.0031992041308145855,0.00151312146403914,0.0006398408261629172
105010.KS,TIGER 라틴35,risk,overseas_equity_index,0.2,0.8879955121702532,2016-08-26,v31_light_overlay_benchmark_exclude,rule,-0.0108192063634922,0.0043664031893811146,-0.015185609552873314,-0.00216384127269844,-0.003037121910574663
139220.KS,TIGER 200 건설,risk,domestic_equity_sector,0.01428571428571429,0.7236681940785809,2016-08-26,v31_light_overlay_benchmark_exclude,rule,-0.0268335774788398,0.0043664031893811146,-0.03119998066822091,-0.000383336821126283,-0.00044571400954601317
102110.KS,TIGER 200,risk,domestic_equity_index,0.2,0.1861561504461705,2016-08-26,v31_light_overlay_benchmark_exclude,rule,0.0062477101642817,0.0043664031893811146,0.0018813069749005857,0.0012495420328563402,0.00037626139498011716
148020.KS,RISE 200,risk,domestic_equity_index,0.02857142857142858,0.1768505024254382,2016-08-26,v31_light_overlay_benchmark_exclude,rule,0.0062244080480324,0.0043664031893811146,0.0018580048586512854,0.00017784022994378292,5.308585310432246e-05
133690.KS,TIGER 미국나스닥100,risk,overseas_equity_index,0.15714285714285714,0.1285651593191394,2016-08-26,v31_light_overlay_benchmark_exclude,rule,0.0169174818020767,0.0043664031893811146,0.012551078612695584,0.0026584614260406238,0.0019723123534235915
091160.KS,KODEX 반도체,risk,domestic_equity_sector,0.2,0.09635284422889089,2016-09-30,v31_light_overlay_benchmark_exclude,tree,-0.0274319659696802,0.019279063561045712,-0.04671102953072591,-0.00548639319393604,-0.009342205906145182
156080.KS,KODEX MSCI Korea,risk,domestic_equity_index,0.2,0.04016391231447397,2016-09-30,v31_light_overlay_benchmark_exclude,tree,-0.0079330604189563,0.019279063561045712,-0.027212123980002015,-0.0015866120837912602,-0.005442424796000403
147970.KS,TIGER 모멘텀,risk,domestic_equity_sector,0.01428571428571429,0.024899135723750715,2016-09-30,v31_light_overlay_benchmark_exclude,tree,-0.0420308899320156,0.019279063561045712,-0.061309953493061314,-0.0006004412847430802,-0.0008758564784723048
133690.KS,TIGER 미국나스닥100,risk,overseas_equity_index,0.2,0.01857105728680641,2016-09-30,v31_light_overlay_benchmark_exclude,tree,0.0439331114360621,0.019279063561045712,0.024654047875016388,0.00878662228721242,0.004930809575003278
101280.KS,KODEX 일본TOPIX100,risk,overseas_equity_index,0.2,-0.02334373132844423,2016-09-30,v31_light_overlay_benchmark_exclude,tree,0.04083569533663,0.019279063561045712,0.021556631775584287,0.008167139067326001,0.004311326355116858
148020.KS,RISE 200,risk,domestic_equity_index,0.18571428571428572,-0.04022114847820316,2016-09-30,v31_light_overlay_benchmark_exclude,tree,-0.0034898630298114,0.019279063561045712,-0.02276892659085711,-0.0006481174198221172,-0.004228514938302035
091170.KS,KODEX 은행,risk,domestic_equity_sector,0.2,1.914719630122217,2016-10-28,v31_light_overlay_benchmark_exclude,rule,-0.0007076000532989,-0.0007405066044750708,3.2906551176170866e-05,-0.00014152001065978,6.581310235234173e-06
139270.KS,TIGER 200 금융,risk,domestic_equity_sector,0.01428571428571429,1.378301880979521,2016-10-28,v31_light_overlay_benchmark_exclude,rule,0.0105263651281064,-0.0007405066044750708,0.01126687173258147,0.00015037664468723434,0.00016095531046544963
156080.KS,KODEX MSCI Korea,risk,domestic_equity_index,0.2,1.0367641434726451,2016-10-28,v31_light_overlay_benchmark_exclude,rule,-0.0128832622075061,-0.0007405066044750708,-0.01214275560303103,-0.00257665244150122,-0.002428551120606206
105010.KS,TIGER 라틴35,risk,overseas_equity_index,0.2,0.95746144465933,2016-10-28,v31_light_overlay_benchmark_exclude,rule,-0.0635994526551446,-0.0007405066044750708,-0.06285894605066954,-0.012719890531028922,-0.012571789210133908
101280.KS,KODEX 일본TOPIX100,risk,overseas_equity_index,0.2,0.3622460343458564,2016-10-28,v31_light_overlay_benchmark_exclude,rule,0.0136860320591893,-0.0007405066044750708,0.014426538663664371,0.00273720641183786,0.0028853077327328745
102110.KS,TIGER 200,risk,domestic_equity_index,0.18571428571428572,0.2183755523203886,2016-10-28,v31_light_overlay_benchmark_exclude,rule,-0.016572601300328,-0.0007405066044750708,-0.01583209469585293,-0.0030777688129180573,-0.0029402461578012583
139240.KS,TIGER 200 철강소재,risk,domestic_equity_sector,0.2,1.5671485796770632,2016-11-25,v31_light_overlay_benchmark_exclude,rule,0.0529661275466235,0.013140599390763447,0.03982552815586005,0.0105932255093247,0.00796510563117201
091170.KS,KODEX 은행,risk,domestic_equity_sector,0.01428571428571429,1.2861630208409494,2016-11-25,v31_light_overlay_benchmark_exclude,rule,0.0325778878485076,0.013140599390763447,0.019437288457744152,0.000465398397835823,0.0002776755493963451
156080.KS,KODEX MSCI Korea,risk,domestic_equity_index,0.2,0.5937114376443304,2016-11-25,v31_light_overlay_benchmark_exclude,rule,0.0423042317142434,0.013140599390763447,0.029163632323479953,0.00846084634284868,0.005832726464695991
152100.KS,PLUS 200,risk,domestic_equity_index,0.2,0.342451800882328,2016-11-25,v31_light_overlay_benchmark_exclude,rule,0.0359116545205058,0.013140599390763447,0.022771055129742354,0.00718233090410116,0.004554211025948471
148020.KS,RISE 200,risk,domestic_equity_index,0.02857142857142858,0.2572650341038412,2016-11-25,v31_light_overlay_benchmark_exclude,rule,0.0363063931958298,0.013140599390763447,0.023165793805066358,0.0010373255198808519,0.0006618798230018961
133690.KS,TIGER 미국나스닥100,risk,overseas_equity_index,0.2,0.2552416839619629,2016-11-25,v31_light_overlay_benchmark_exclude,rule,0.0345759233899305,0.013140599390763447,0.021435323999167054,0.0069151846779861,0.004287064799833411
101280.KS,KODEX 일본TOPIX100,risk,overseas_equity_index,0.15714285714285703,0.0777720091283436,2016-11-25,v31_light_overlay_benchmark_exclude,rule,0.0504049368934711,0.013140599390763447,0.037264337502707655,0.007920775797545453,0.005855824464711198
091170.KS,KODEX 은행,risk,domestic_equity_sector,0.2,1.0966258361034142,2016-12-23,v31_light_overlay_benchmark_exclude,rule,0.0288064266222145,0.01950503523978066,0.00930139138243384,0.005761285324442901,0.0018602782764867683
091160.KS,KODEX 반도체,risk,domestic_equity_sector,0.01428571428571429,1.0476549442200014,2016-12-23,v31_light_overlay_benchmark_exclude,rule,0.0056859361111458,0.01950503523978066,-0.013819099128634861,8.12276587306543e-05,-0.00019741570183764095
101280.KS,KODEX 일본TOPIX100,risk,overseas_equity_index,0.2,0.9913379552089104,2016-12-23,v31_light_overlay_benchmark_exclude,rule,-0.0137102776320692,0.01950503523978066,-0.03321531287184986,-0.0027420555264138402,-0.0066430625743699725
133690.KS,TIGER 미국나스닥100,risk,overseas_equity_index,0.2,0.8582027359641345,2016-12-23,v31_light_overlay_benchmark_exclude,rule,-0.0003733506901605,0.01950503523978066,-0.01987838592994116,-7.46701380321e-05,-0.003975677185988232
102110.KS,TIGER 200,risk,domestic_equity_index,0.2,0.3398167043722003,2016-12-23,v31_light_overlay_benchmark_exclude,rule,0.0347592796711864,0.01950503523978066,0.015254244431405741,0.006951855934237281,0.0030508488862811484
069500.KS,KODEX 200,risk,domestic_equity_index,0.18571428571428572,0.2996376385936164,2016-12-23,v31_light_overlay_benchmark_exclude,rule,0.0365410592248973,0.01950503523978066,0.017036023985116642,0.006786196713195213,0.0031638330258073766
139240.KS,TIGER 200 철강소재,risk,domestic_equity_sector,0.2,1.6706071903842916,2017-01-20,v31_light_overlay_benchmark_exclude,rule,-0.0143198884820423,0.007523747664851947,-0.021843636146894246,-0.00286397769640846,-0.0043687272293788494
139260.KS,TIGER 200 IT,risk,domestic_equity_sector,0.01428571428571429,0.7751811760028116,2017-01-20,v31_light_overlay_benchmark_exclude,rule,0.0136134882195644,0.007523747664851947,0.006089740554712453,0.00019447840313663434,8.699629363874935e-05
101280.KS,KODEX 일본TOPIX100,risk,overseas_equity_index,0.2,0.3688701898933364,2017-01-20,v31_light_overlay_benchmark_exclude,rule,-0.0095569053008467,0.007523747664851947,-0.017080652965698648,-0.00191138106016934,-0.00341613059313973
105010.KS,TIGER 라틴35,risk,overseas_equity_index,0.2,0.2816772869859451,2017-01-20,v31_light_overlay_benchmark_exclude,rule,0.0719226808729973,0.007523747664851947,0.06439893320814535,0.014384536174599461,0.012879786641629072
133690.KS,TIGER 미국나스닥100,risk,overseas_equity_index,0.02857142857142858,0.2233971519987546,2017-01-20,v31_light_overlay_benchmark_exclude,rule,0.0240940191072243,0.007523747664851947,0.01657027144237235,0.0006884005459206945,0.0004734363269249245
156080.KS,KODEX MSCI Korea,risk,domestic_equity_index,0.2,0.162641061820476,2017-01-20,v31_light_overlay_benchmark_exclude,rule,0.0012446795264342,0.007523747664851947,-0.0062790681384177465,0.00024893590528684005,-0.0012558136276835494
148020.KS,RISE 200,risk,domestic_equity_index,0.15714285714285703,0.1072492723931231,2017-01-20,v31_light_overlay_benchmark_exclude,rule,0.0056917163316823,0.007523747664851947,-0.0018320313331696468,0.0008944125664072179,-0.00028789063806951575
091170.KS,KODEX 은행,risk,domestic_equity_sector,0.2,0.6851061046631902,2017-02-24,v31_light_overlay_benchmark_exclude,rule,0.0405667919585037,0.012733963386767234,0.027832828571736464,0.00811335839170074,0.005566565714347293
139260.KS,TIGER 200 IT,risk,domestic_equity_sector,0.01428571428571429,0.575747903063676,2017-02-24,v31_light_overlay_benchmark_exclude,rule,0.075823796915764,0.012733963386767234,0.06308983352899677,0.001083197098796629,0.0009012833361285256
105010.KS,TIGER 라틴35,risk,overseas_equity_index,0.2,0.5581367607931608,2017-02-24,v31_light_overlay_benchmark_exclude,rule,-0.0498686708414448,0.012733963386767234,-0.06260263422821204,-0.00997373416828896,-0.012520526845642407
133690.KS,TIGER 미국나스닥100,risk,overseas_equity_index,0.2,0.5282986537669397,2017-02-24,v31_light_overlay_benchmark_exclude,rule,0.0005506806969386,0.012733963386767234,-0.012183282689828634,0.00011013613938772001,-0.002436656537965727
148020.KS,RISE 200,risk,domestic_equity_index,0.2,0.3749049670305189,2017-02-24,v31_light_overlay_benchmark_exclude,rule,0.0436830138672981,0.012733963386767234,0.030949050480530867,0.00873660277345962,0.006189810096106174
102110.KS,TIGER 200,risk,domestic_equity_index,0.18571428571428572,0.3382686422977473,2017-02-24,v31_light_overlay_benchmark_exclude,rule,0.0431930329696961,0.012733963386767234,0.030459069582928867,0.008021563265800705,0.005656684351115361
139260.KS,TIGER 200 IT,risk,domestic_equity_sector,0.2,1.744063428006511,2017-03-31,v31_light_overlay_benchmark_exclude,rule,0.0350460045466056,0.012734525189302154,0.022311479357303446,0.00700920090932112,0.004462295871460689
133690.KS,TIGER 미국나스닥100,risk,overseas_equity_index,0.2,0.7923042434787065,2017-03-31,v31_light_overlay_benchmark_exclude,rule,0.0409762934266322,0.012734525189302154,0.028241768237330045,0.00819525868532644,0.00564835364746601
139250.KS,TIGER 200 에너지화학,risk,domestic_equity_sector,0.01428571428571429,0.7153190464179242,2017-03-31,v31_light_overlay_benchmark_exclude,rule,-0.018431855458144,0.012734525189302154,-0.031166380647446153,-0.00026331222083062866,-0.0004452340092492309
105010.KS,TIGER 라틴35,risk,overseas_equity_index,0.2,0.5050512853337643,2017-03-31,v31_light_overlay_benchmark_exclude,rule,-0.0053979957826517,0.012734525189302154,-0.018132520971953853,-0.00107959915653034,-0.003626504194390771
152100.KS,PLUS 200,risk,domestic_equity_index,0.2,0.1852709487379794,2017-03-31,v31_light_overlay_benchmark_exclude,rule,0.0223544546618021,0.012734525189302154,0.009619929472499945,0.00447089093236042,0.001923985894499989
148020.KS,RISE 200,risk,domestic_equity_index,0.18571428571428572,0.1467142069217362,2017-03-31,v31_light_overlay_benchmark_exclude,rule,0.02199478493354,0.012734525189302154,0.009260259744237845,0.004084745773371714,0.0017197625239298855
139260.KS,TIGER 200 IT,risk,domestic_equity_sector,0.2,0.03935423685704162,2017-04-28,v31_light_overlay_benchmark_exclude,tree,0.0700499413430786,0.03432527838591255,0.035724662957166045,0.014009988268615721,0.007144932591433209
091160.KS,KODEX 반도체,risk,domestic_equity_sector,0.01428571428571429,0.03232759694032539,2017-04-28,v31_light_overlay_benchmark_exclude,tree,0.0394200409232941,0.03432527838591255,0.005094762537381545,0.0005631434417613444,7.278232196259352e-05
133690.KS,TIGER 미국나스닥100,risk,overseas_equity_index,0.2,0.028973046824850225,2017-04-28,v31_light_overlay_benchmark_exclude,tree,0.0269417511761791,0.03432527838591255,-0.007383527209733454,0.0053883502352358205,-0.0014767054419466909
148020.KS,RISE 200,risk,domestic_equity_index,0.2,-0.02638749334822938,2017-04-28,v31_light_overlay_benchmark_exclude,tree,0.0718740650425204,0.03432527838591255,0.03754878665660785,0.014374813008504081,0.007509757331321571
102110.KS,TIGER 200,risk,domestic_equity_index,0.2,-0.026710597868106874,2017-04-28,v31_light_overlay_benchmark_exclude,tree,0.071366334153905,0.03432527838591255,0.03704105576799245,0.014273266830781001,0.00740821115359849
069500.KS,KODEX 200,risk,domestic_equity_index,0.02857142857142858,-0.02976046261504542,2017-04-28,v31_light_overlay_benchmark_exclude,tree,0.0721865689704688,0.03432527838591255,0.03786129058455624,0.002062473399156252,0.00108175115955875
101280.KS,KODEX 일본TOPIX100,risk,overseas_equity_index,0.15714285714285714,-0.03957596945206662,2017-04-28,v31_light_overlay_benchmark_exclude,tree,0.0123347050845452,0.03432527838591255,-0.021990573301367354,0.00193831079899996,-0.0034556615187862983
133690.KS,TIGER 미국나스닥100,risk,overseas_equity_index,0.2,1.2263810434782203,2017-05-26,v31_light_overlay_benchmark_exclude,rule,0.0161838801429341,0.010904025063115863,0.005279855079818237,0.00323677602858682,0.0010559710159636475
139250.KS,TIGER 200 에너지화학,risk,domestic_equity_sector,0.2,0.6550448322636799,2017-05-26,v31_light_overlay_benchmark_exclude,rule,-0.0340827058237628,0.010904025063115863,-0.04498673088687866,-0.00681654116475256,-0.008997346177375734
139260.KS,TIGER 200 IT,risk,domestic_equity_sector,0.01428571428571429,0.5733580994523446,2017-05-26,v31_light_overlay_benchmark_exclude,rule,0.0686758276766899,0.010904025063115863,0.05777180261357403,0.0009810832525241416,0.0008253114659082007
156080.KS,KODEX MSCI Korea,risk,domestic_equity_index,0.2,0.4722811552514944,2017-05-26,v31_light_overlay_benchmark_exclude,rule,0.0087367350333011,0.010904025063115863,-0.0021672900298147623,0.0017473470066602201,-0.00043345800596295247
069500.KS,KODEX 200,risk,domestic_equity_index,0.2,0.1454982758576627,2017-05-26,v31_light_overlay_benchmark_exclude,rule,0.0098958330572396,0.010904025063115863,-0.0010081920058762628,0.00197916661144792,-0.00020163840117525257
148020.KS,RISE 200,risk,domestic_equity_index,0.02857142857142858,0.0399265292087574,2017-05-26,v31_light_overlay_benchmark_exclude,rule,0.0098562595638649,0.010904025063115863,-0.0010477654992509626,0.0002816074161104258,-2.9936157121456084e-05
101280.KS,KODEX 일본TOPIX100,risk,overseas_equity_index,0.15714285714285714,0.0322408251369058,2017-05-26,v31_light_overlay_benchmark_exclude,rule,0.0422104698900334,0.010904025063115863,0.03130644482691754,0.006633073839862391,0.0049195841870870415
091160.KS,KODEX 반도체,risk,domestic_equity_sector,0.2,0.25938964588574337,2017-06-30,v31_light_overlay_benchmark_exclude,tree,-0.0205317468509335,0.007349244019636351,-0.027880990870569854,-0.0041063493701867,-0.005576198174113971
102780.KS,KODEX 삼성그룹,risk,domestic_equity_sector,0.01428571428571429,0.11835459025341441,2017-06-30,v31_light_overlay_benchmark_exclude,tree,-0.0045767591971178,0.007349244019636351,-0.01192600321675415,-6.538227424454002e-05,-0.00017037147452505935
168580.KS,ACE 중국본토CSI300,risk,overseas_equity_index,0.2,0.07114181977211943,2017-06-30,v31_light_overlay_benchmark_exclude,tree,-0.0036040265371356,0.007349244019636351,-0.01095327055677195,-0.00072080530742712,-0.0021906541113543903
133690.KS,TIGER 미국나스닥100,risk,overseas_equity_index,0.2,-0.01873186531772044,2017-06-30,v31_light_overlay_benchmark_exclude,tree,0.0201915425101231,0.007349244019636351,0.012842298490486749,0.00403830850202462,0.00256845969809735
069500.KS,KODEX 200,risk,domestic_equity_index,0.2,-0.08249925393913143,2017-06-30,v31_light_overlay_benchmark_exclude,tree,0.007439748741955,0.007349244019636351,9.050472231864927e-05,0.0014879497483910001,1.8100944463729856e-05
148020.KS,RISE 200,risk,domestic_equity_index,0.18571428571428572,-0.08254390730269706,2017-06-30,v31_light_overlay_benchmark_exclude,tree,0.0074543434602782,0.007349244019636351,0.00010509944064184852,0.0013843780711945228,1.951846754777187e-05
192090.KS,TIGER 차이나CSI300,risk,overseas_equity_index,0.2,0.16377555208299616,2017-07-28,v31_light_overlay_benchmark_exclude,tree,0.0438000182059197,0.004768582327152329,0.039031435878767375,0.00876000364118394,0.0078062871757534754
091160.KS,KODEX 반도체,risk,domestic_equity_sector,0.2,0.15497266278294528,2017-07-28,v31_light_overlay_benchmark_exclude,tree,0.0129764937055705,0.004768582327152329,0.00820791137841817,0.0025952987411141,0.001641582275683634
139250.KS,TIGER 200 에너지화학,risk,domestic_equity_sector,0.01428571428571429,0.12559399320247663,2017-07-28,v31_light_overlay_benchmark_exclude,tree,0.047552118731132,0.004768582327152329,0.04278353640397967,0.0006793159818733145,0.0006111933771997098
133690.KS,TIGER 미국나스닥100,risk,overseas_equity_index,0.2,0.06672380284699725,2017-07-28,v31_light_overlay_benchmark_exclude,tree,0.0,0.004768582327152329,-0.004768582327152329,0.0,-0.0009537164654304658
152100.KS,PLUS 200,risk,domestic_equity_index,0.2,-0.0477872975365685,2017-07-28,v31_light_overlay_benchmark_exclude,tree,-0.010273520165339,0.004768582327152329,-0.01504210249249133,-0.0020547040330678003,-0.0030084204984982665
102110.KS,TIGER 200,risk,domestic_equity_index,0.18571428571428572,-0.05107146471909413,2017-07-28,v31_light_overlay_benchmark_exclude,tree,-0.0096887607269064,0.004768582327152329,-0.01445734305405873,-0.0017993412778540459,-0.0026849351386109073
105010.KS,TIGER 라틴35,risk,overseas_equity_index,0.2,0.1001334587480101,2017-08-25,v31_light_overlay_benchmark_exclude,tree,0.0465686071444928,0.015080236034811189,0.03148837110968161,0.00931372142889856,0.006297674221936323
091170.KS,KODEX 은행,risk,domestic_equity_sector,0.2,0.0894559924224924,2017-08-25,v31_light_overlay_benchmark_exclude,tree,-0.034501082657384,0.015080236034811189,-0.04958131869219519,-0.0069002165314768,-0.009916263738439039
091160.KS,KODEX 반도체,risk,domestic_equity_sector,0.01428571428571429,0.08728689455778256,2017-08-25,v31_light_overlay_benchmark_exclude,tree,0.0593221146101254,0.015080236034811189,0.04424187857531421,0.0008474587801446488,0.0006320268367902033
192090.KS,TIGER 차이나CSI300,risk,overseas_equity_index,0.2,0.08285395201811974,2017-08-25,v31_light_overlay_benchmark_exclude,tree,0.0413712175469465,0.015080236034811189,0.026290981512135308,0.0082742435093893,0.005258196302427062
101280.KS,KODEX 일본TOPIX100,risk,overseas_equity_index,0.02857142857142858,0.029642871167210046,2017-08-25,v31_light_overlay_benchmark_exclude,tree,0.0260068822989327,0.015080236034811189,0.010926646264121511,0.000743053779969506,0.0003121898932606147
152100.KS,PLUS 200,risk,domestic_equity_index,0.2,-0.01384960048753399,2017-08-25,v31_light_overlay_benchmark_exclude,tree,0.0233152910349989,0.015080236034811189,0.008235055000187712,0.0046630582069997805,0.0016470110000375425
156080.KS,KODEX MSCI Korea,risk,domestic_equity_index,0.15714285714285703,-0.01990596975919824,2017-08-25,v31_light_overlay_benchmark_exclude,tree,0.0342733667315933,0.015080236034811189,0.01919313069678211,0.005385814772107514,0.003016063395208615
139260.KS,TIGER 200 IT,risk,domestic_equity_sector,0.2,1.5132039950447302,2017-09-29,v31_light_overlay_benchmark_exclude,rule,0.0274986485219435,0.02212461774959861,0.005374030772344888,0.0054997297043887,0.0010748061544689775
156080.KS,KODEX MSCI Korea,risk,domestic_equity_index,0.2,1.306430796813825,2017-09-29,v31_light_overlay_benchmark_exclude,rule,0.038501494702285,0.02212461774959861,0.016376876952686387,0.007700298940457,0.0032753753905372775
139250.KS,TIGER 200 에너지화학,risk,domestic_equity_sector,0.01428571428571429,0.7828506562341674,2017-09-29,v31_light_overlay_benchmark_exclude,rule,0.0186579676396547,0.02212461774959861,-0.00346665010994391,0.0002665423948522101,-4.952357299919873e-05
101280.KS,KODEX 일본TOPIX100,risk,overseas_equity_index,0.2,0.629324900728974,2017-09-29,v31_light_overlay_benchmark_exclude,rule,0.0322320600467471,0.02212461774959861,0.010107442297148488,0.00644641200934942,0.0020214884594296975
105010.KS,TIGER 라틴35,risk,overseas_equity_index,0.2,0.3593436639762825,2017-09-29,v31_light_overlay_benchmark_exclude,rule,-0.0191616461852616,0.02212461774959861,-0.04128626393486021,-0.00383232923705232,-0.008257252786972041
102110.KS,TIGER 200,risk,domestic_equity_index,0.18571428571428572,0.1374191260145653,2017-09-29,v31_light_overlay_benchmark_exclude,rule,0.0400126397694,0.02212461774959861,0.017888022019801386,0.007430918814317142,0.003322061232248829
139260.KS,TIGER 200 IT,risk,domestic_equity_sector,0.2,0.9604800881695408,2017-10-27,v31_light_overlay_benchmark_exclude,rule,0.0465166677542954,0.0016797993985001895,0.044836868355795215,0.009303333550859081,0.008967373671159044
156080.KS,KODEX MSCI Korea,risk,domestic_equity_index,0.2,0.7328979073177382,2017-10-27,v31_light_overlay_benchmark_exclude,rule,0.0223781915724836,0.0016797993985001895,0.02069839217398341,0.00447563831449672,0.004139678434796682
102780.KS,KODEX 삼성그룹,risk,domestic_equity_sector,0.01428571428571429,0.5717510856498527,2017-10-27,v31_light_overlay_benchmark_exclude,rule,0.0378301298969316,0.0016797993985001895,0.036150330498431416,0.0005404304270990231,0.0005164332928347347
101280.KS,KODEX 일본TOPIX100,risk,overseas_equity_index,0.2,0.5370256514872982,2017-10-27,v31_light_overlay_benchmark_exclude,rule,-0.0109289581800535,0.0016797993985001895,-0.01260875757855369,-0.0021857916360107,-0.002521751515710738
102110.KS,TIGER 200,risk,domestic_equity_index,0.2,0.1834779780308662,2017-10-27,v31_light_overlay_benchmark_exclude,rule,0.0191083796161064,0.0016797993985001895,0.01742858021760621,0.0038216759232212803,0.003485716043521242
148020.KS,RISE 200,risk,domestic_equity_index,0.02857142857142858,0.1811839293275643,2017-10-27,v31_light_overlay_benchmark_exclude,rule,0.0191668905267179,0.0016797993985001895,0.01748709112821771,0.0005476254436205117,0.0004996311750919347
105010.KS,TIGER 라틴35,risk,overseas_equity_index,0.15714285714285714,-0.3221566289600387,2017-10-27,v31_light_overlay_benchmark_exclude,rule,-0.0512819973689319,0.0016797993985001895,-0.05296179676743209,-0.008058599586546441,-0.008322568063453615
091160.KS,KODEX 반도체,risk,domestic_equity_sector,0.2,1.5999739565351383,2017-11-24,v31_light_overlay_benchmark_exclude,rule,-0.0769626700954259,-0.015719089589353627,-0.06124358050607227,-0.01539253401908518,-0.012248716101214455
139260.KS,TIGER 200 IT,risk,domestic_equity_sector,0.01428571428571429,1.3555246973077282,2017-11-24,v31_light_overlay_benchmark_exclude,rule,-0.0596709891714286,-0.015719089589353627,-0.043951899582074974,-0.0008524427024489803,-0.0006278842797439284
156080.KS,KODEX MSCI Korea,risk,domestic_equity_index,0.2,0.491924674129624,2017-11-24,v31_light_overlay_benchmark_exclude,rule,-0.0444299928531334,-0.015719089589353627,-0.028710903263779772,-0.00888599857062668,-0.005742180652755955
101280.KS,KODEX 일본TOPIX100,risk,overseas_equity_index,0.2,0.4342448397307208,2017-11-24,v31_light_overlay_benchmark_exclude,rule,0.0015784489108703,-0.015719089589353627,0.017297538500223926,0.00031568978217406,0.0034595077000447853
133690.KS,TIGER 미국나스닥100,risk,overseas_equity_index,0.2,0.3080804196686897,2017-11-24,v31_light_overlay_benchmark_exclude,rule,0.0090607616851032,-0.015719089589353627,0.024779851274456827,0.0018121523370206402,0.0049559702548913655
102110.KS,TIGER 200,risk,domestic_equity_index,0.18571428571428572,-0.1597629872331238,2017-11-24,v31_light_overlay_benchmark_exclude,rule,-0.0421130749463158,-0.015719089589353627,-0.02639398535696217,-0.00782099963288722,-0.004901740137721546
147970.KS,TIGER 모멘텀,risk,domestic_equity_sector,0.2,0.060948978346977725,2017-12-22,v31_light_overlay_benchmark_exclude,tree,0.0782413466017566,0.0365406259178553,0.04170072068390131,0.01564826932035132,0.008340144136780261
139260.KS,TIGER 200 IT,risk,domestic_equity_sector,0.01428571428571429,0.04357057724868922,2017-12-22,v31_light_overlay_benchmark_exclude,tree,0.0146770658452399,0.0365406259178553,-0.021863560072615397,0.00020967236921771293,-0.00031233657246593433
156080.KS,KODEX MSCI Korea,risk,domestic_equity_index,0.2,0.01802196848475928,2017-12-22,v31_light_overlay_benchmark_exclude,tree,0.0430769728841302,0.0365406259178553,0.006536346966274899,0.00861539457682604,0.0013072693932549798
133690.KS,TIGER 미국나스닥100,risk,overseas_equity_index,0.2,0.0075655059923320535,2017-12-22,v31_light_overlay_benchmark_exclude,tree,0.0379645453428465,0.0365406259178553,0.0014239194249911977,0.0075929090685693,0.00028478388499823956
105010.KS,TIGER 라틴35,risk,overseas_equity_index,0.2,-0.030792733049881386,2017-12-22,v31_light_overlay_benchmark_exclude,tree,0.0889177009559487,0.0365406259178553,0.0523770750380934,0.01778354019118974,0.01047541500761868
152100.KS,PLUS 200,risk,domestic_equity_index,0.18571428571428572,-0.0398904019100349,2017-12-22,v31_light_overlay_benchmark_exclude,tree,0.0358412423316605,0.0365406259178553,-0.0006993835861947989,0.00665623071873695,-0.00012988552315046267
147970.KS,TIGER 모멘텀,risk,domestic_equity_sector,0.2,1.0165506210813038,2018-01-26,v31_light_overlay_benchmark_exclude,rule,-0.0641544320396741,-0.031011350372740394,-0.0331430816669337,-0.01283088640793482,-0.0066286163333867405
139250.KS,TIGER 200 에너지화학,risk,domestic_equity_sector,0.01428571428571429,0.877415106102499,2018-01-26,v31_light_overlay_benchmark_exclude,rule,-0.0370809416521641,-0.031011350372740394,-0.006069591279423706,-0.0005297277378880587,-8.670844684891011e-05
105010.KS,TIGER 라틴35,risk,overseas_equity_index,0.2,0.4390523011769315,2018-01-26,v31_light_overlay_benchmark_exclude,rule,0.0045506728453905,-0.031011350372740394,0.03556202321813089,0.0009101345690781001,0.007112404643626179
133690.KS,TIGER 미국나스닥100,risk,overseas_equity_index,0.2,-0.0409452147874991,2018-01-26,v31_light_overlay_benchmark_exclude,rule,-0.009267654863701,-0.031011350372740394,0.021743695509039394,-0.0018535309727402,0.004348739101807879
102110.KS,TIGER 200,risk,domestic_equity_index,0.2,-0.1550004925688889,2018-01-26,v31_light_overlay_benchmark_exclude,rule,-0.052426014236489,-0.031011350372740394,-0.021414663863748608,-0.0104852028472978,-0.0042829327727497216
069500.KS,KODEX 200,risk,domestic_equity_index,0.18571428571428572,-0.1648560010687958,2018-01-26,v31_light_overlay_benchmark_exclude,rule,-0.0523984828117486,-0.031011350372740394,-0.021387132439008208,-0.00973114680789617,-0.003971896024387239
091170.KS,KODEX 은행,risk,domestic_equity_sector,0.2,1.006095640589572,2018-02-23,v31_light_overlay_benchmark_exclude,rule,-0.0640164943714618,-0.01954456236011129,-0.04447193201135051,-0.01280329887429236,-0.008894386402270102
133690.KS,TIGER 미국나스닥100,risk,overseas_equity_index,0.2,0.902674153254091,2018-02-23,v31_light_overlay_benchmark_exclude,rule,-0.015238259528476,-0.01954456236011129,0.00430630283163529,-0.0030476519056952,0.000861260566327058
091160.KS,KODEX 반도체,risk,domestic_equity_sector,0.01428571428571429,0.6849093035852972,2018-02-23,v31_light_overlay_benchmark_exclude,rule,-0.0440715012309467,-0.01954456236011129,-0.02452693887083541,-0.0006295928747278101,-0.00035038484101193454
105010.KS,TIGER 라틴35,risk,overseas_equity_index,0.2,0.5408773693577157,2018-02-23,v31_light_overlay_benchmark_exclude,rule,-0.0453002914125219,-0.01954456236011129,-0.02575572905241061,-0.00906005828250438,-0.005151145810482122
156080.KS,KODEX MSCI Korea,risk,domestic_equity_index,0.2,0.2897410349177718,2018-02-23,v31_light_overlay_benchmark_exclude,rule,0.0047488181428039,-0.01954456236011129,0.02429338050291519,0.00094976362856078,0.004858676100583038
101280.KS,KODEX 일본TOPIX100,risk,overseas_equity_index,0.02857142857142858,0.02681187895351,2018-02-23,v31_light_overlay_benchmark_exclude,rule,-0.034389282367548,-0.01954456236011129,-0.01484472000743671,-0.000982550924787086,-0.0004241348573553347
102110.KS,TIGER 200,risk,domestic_equity_index,0.15714285714285714,-0.0709157741560298,2018-02-23,v31_light_overlay_benchmark_exclude,rule,-0.0149578724767778,-0.01954456236011129,0.004586689883333489,-0.0023505228177793684,0.0007207655530952626
147970.KS,TIGER 모멘텀,risk,domestic_equity_sector,0.2,1.6980408318891704,2018-03-30,v31_light_overlay_benchmark_exclude,rule,0.0117932408833805,0.003111589538038515,0.008681651345341986,0.0023586481766761005,0.0017363302690683972
139220.KS,TIGER 200 건설,risk,domestic_equity_sector,0.01428571428571429,1.622962258498466,2018-03-30,v31_light_overlay_benchmark_exclude,rule,0.1119624516082904,0.003111589538038515,0.10885086207025188,0.0015994635944041491,0.001555012315289313
105010.KS,TIGER 라틴35,risk,overseas_equity_index,0.2,0.2966407805024224,2018-03-30,v31_light_overlay_benchmark_exclude,rule,-0.014354215917234,0.003111589538038515,-0.017465805455272515,-0.0028708431834468004,-0.003493161091054503
156080.KS,KODEX MSCI Korea,risk,domestic_equity_index,0.2,0.2889606868006691,2018-03-30,v31_light_overlay_benchmark_exclude,rule,0.0165431811014777,0.003111589538038515,0.013431591563439184,0.00330863622029554,0.002686318312687837
133690.KS,TIGER 미국나스닥100,risk,overseas_equity_index,0.2,0.0185551368174484,2018-03-30,v31_light_overlay_benchmark_exclude,rule,0.026614173892927,0.003111589538038515,0.023502584354888487,0.0053228347785854,0.004700516870977698
101280.KS,KODEX 일본TOPIX100,risk,overseas_equity_index,0.02857142857142858,-0.0728792586772332,2018-03-30,v31_light_overlay_benchmark_exclude,rule,0.0115309374473773,0.003111589538038515,0.008419347909338785,0.00032945535563935155,0.00024055279740967965
148020.KS,RISE 200,risk,domestic_equity_index,0.15714285714285714,-0.4513929631714647,2018-03-30,v31_light_overlay_benchmark_exclude,rule,0.0167679744189335,0.003111589538038515,0.013656384880894986,0.00263496740868955,0.0021460033384263547
139220.KS,TIGER 200 건설,risk,domestic_equity_sector,0.2,2.0766797827505603,2018-04-27,v31_light_overlay_benchmark_exclude,rule,0.0652173071244548,-0.00374992171906501,0.0689672288435198,0.01304346142489096,0.013793445768703961
147970.KS,TIGER 모멘텀,risk,domestic_equity_sector,0.01428571428571429,1.2642310312460685,2018-04-27,v31_light_overlay_benchmark_exclude,rule,0.0080281728100042,-0.00374992171906501,0.01177809452906921,0.00011468818300006002,0.00016825849327241734
101280.KS,KODEX 일본TOPIX100,risk,overseas_equity_index,0.2,0.7790422241748799,2018-04-27,v31_light_overlay_benchmark_exclude,rule,0.0019652848454556,-0.00374992171906501,0.0057152065645206095,0.00039305696909112,0.001143041312904122
133690.KS,TIGER 미국나스닥100,risk,overseas_equity_index,0.2,0.7303424554998814,2018-04-27,v31_light_overlay_benchmark_exclude,rule,0.0467861979140391,-0.00374992171906501,0.050536119633104115,0.009357239582807821,0.010107223926620824
105010.KS,TIGER 라틴35,risk,overseas_equity_index,0.02857142857142858,0.1967080479345962,2018-04-27,v31_light_overlay_benchmark_exclude,rule,-0.0788834547538206,-0.00374992171906501,-0.07513353303475559,-0.0022538129929663034,-0.002146672372421589
156080.KS,KODEX MSCI Korea,risk,domestic_equity_index,0.2,0.0015628802056942,2018-04-27,v31_light_overlay_benchmark_exclude,rule,-0.0113789327692488,-0.00374992171906501,-0.007629011050183789,-0.00227578655384976,-0.0015258022100367579
069500.KS,KODEX 200,risk,domestic_equity_index,0.15714285714285703,-0.2343398168749557,2018-04-27,v31_light_overlay_benchmark_exclude,rule,-0.0087253964713103,-0.00374992171906501,-0.004975474752245289,-0.0013711337312059032,-0.0007818603182099735
147970.KS,TIGER 모멘텀,risk,domestic_equity_sector,0.2,1.956822397763943,2018-05-25,v31_light_overlay_benchmark_exclude,rule,-0.0316628320748219,-0.026015376517526865,-0.005647455557295036,-0.00633256641496438,-0.0011294911114590072
139220.KS,TIGER 200 건설,risk,domestic_equity_sector,0.01428571428571429,1.9002832150009017,2018-05-25,v31_light_overlay_benchmark_exclude,rule,-0.0533750947053436,-0.026015376517526865,-0.027359718187816736,-0.0007625013529334802,-0.00039085311696881065
133690.KS,TIGER 미국나스닥100,risk,overseas_equity_index,0.2,1.1710597212704523,2018-05-25,v31_light_overlay_benchmark_exclude,rule,0.0643317769887898,-0.026015376517526865,0.09034715350631665,0.01286635539775796,0.018069430701263333
101280.KS,KODEX 일본TOPIX100,risk,overseas_equity_index,0.2,0.0775198665554368,2018-05-25,v31_light_overlay_benchmark_exclude,rule,0.0066692396796008,-0.026015376517526865,0.03268461619712766,0.00133384793592016,0.006536923239425532
148020.KS,RISE 200,risk,domestic_equity_index,0.2,-0.2770894823417261,2018-05-25,v31_light_overlay_benchmark_exclude,rule,-0.0439612825697763,-0.026015376517526865,-0.017945906052249435,-0.00879225651395526,-0.003589181210449887
102110.KS,TIGER 200,risk,domestic_equity_index,0.18571428571428572,-0.2800071985026762,2018-05-25,v31_light_overlay_benchmark_exclude,rule,-0.0439765043397271,-0.026015376517526865,-0.017961127822200235,-0.008167065091663605,-0.003335638024122901
133690.KS,TIGER 미국나스닥100,risk,overseas_equity_index,0.2,0.09773924413873114,2018-06-29,v31_light_overlay_benchmark_exclude,tree,0.0464984455669799,0.008792551160009909,0.03770589440696999,0.00929968911339598,0.0075411788813939985
102780.KS,KODEX 삼성그룹,risk,domestic_equity_sector,0.2,0.05621578869578828,2018-06-29,v31_light_overlay_benchmark_exclude,tree,0.0036658099632644,0.008792551160009909,-0.005126741196745509,0.00073316199265288,-0.0010253482393491019
156080.KS,KODEX MSCI Korea,risk,domestic_equity_index,0.2,0.02551436141411559,2018-06-29,v31_light_overlay_benchmark_exclude,tree,-0.0140187214012484,0.008792551160009909,-0.02281127256125831,-0.00280374428024968,-0.004562254512251662
101280.KS,KODEX 일본TOPIX100,risk,overseas_equity_index,0.2,0.018474019242704233,2018-06-29,v31_light_overlay_benchmark_exclude,tree,0.0310168351838238,0.008792551160009909,0.022224284023813892,0.00620336703676476,0.004444856804762779
139260.KS,TIGER 200 IT,risk,domestic_equity_sector,0.01428571428571429,0.005450510882059849,2018-06-29,v31_light_overlay_benchmark_exclude,tree,0.0205323880483538,0.008792551160009909,0.01173983688834389,0.0002933198292621972,0.00016771195554776992
069500.KS,KODEX 200,risk,domestic_equity_index,0.18571428571428572,-0.024558094471130814,2018-06-29,v31_light_overlay_benchmark_exclude,tree,-0.0048260198416087,0.008792551160009909,-0.01361857100161861,-0.0008962608277273301,-0.0025291631860148846
133690.KS,TIGER 미국나스닥100,risk,overseas_equity_index,0.2,0.9750790848907812,2018-07-27,v31_light_overlay_benchmark_exclude,rule,0.0109740467711727,-0.01625547306706008,0.02722951983823278,0.00219480935423454,0.005445903967646556
139260.KS,TIGER 200 IT,risk,domestic_equity_sector,0.2,0.9112780791474168,2018-07-27,v31_light_overlay_benchmark_exclude,rule,-0.028521062164465,-0.01625547306706008,-0.012265589097404921,-0.005704212432893,-0.0024531178194809843
091160.KS,KODEX 반도체,risk,domestic_equity_sector,0.01428571428571429,0.6115908367623075,2018-07-27,v31_light_overlay_benchmark_exclude,rule,-0.0731029735635585,-0.01625547306706008,-0.056847500496498414,-0.0010443281937651218,-0.0008121071499499776
105010.KS,TIGER 라틴35,risk,overseas_equity_index,0.2,0.3003358980372314,2018-07-27,v31_light_overlay_benchmark_exclude,rule,-0.0918500127022153,-0.01625547306706008,-0.07559453963515522,-0.018370002540443058,-0.015118907927031045
101280.KS,KODEX 일본TOPIX100,risk,overseas_equity_index,0.02857142857142858,0.1633156148139347,2018-07-27,v31_light_overlay_benchmark_exclude,rule,-0.0316070416409522,-0.01625547306706008,-0.015351568573892124,-0.0009030583325986347,-0.00043861624496834657
069500.KS,KODEX 200,risk,domestic_equity_index,0.2,0.0729426625479567,2018-07-27,v31_light_overlay_benchmark_exclude,rule,-0.008882051524145,-0.01625547306706008,0.007373421542915079,-0.0017764103048290001,0.0014746843085830159
102110.KS,TIGER 200,risk,domestic_equity_index,0.15714285714285703,0.0722378118927426,2018-07-27,v31_light_overlay_benchmark_exclude,rule,-0.0083821711111787,-0.01625547306706008,0.007873301955881378,-0.0013171983174709377,0.0012372331644956442
133690.KS,TIGER 미국나스닥100,risk,overseas_equity_index,0.2,1.1226427494686362,2018-08-31,v31_light_overlay_benchmark_exclude,rule,-0.002849844049061,0.011770213610394207,-0.014620057659455208,-0.0005699688098122,-0.002924011531891042
102780.KS,KODEX 삼성그룹,risk,domestic_equity_sector,0.2,1.0141435082170736,2018-08-31,v31_light_overlay_benchmark_exclude,rule,0.0232557743429153,0.011770213610394207,0.011485560732521093,0.00465115486858306,0.0022971121465042185
139290.KS,TIGER 200 경기소비재,risk,domestic_equity_sector,0.01428571428571429,0.7319206769193602,2018-08-31,v31_light_overlay_benchmark_exclude,rule,0.0381518074793498,0.011770213610394207,0.02638159386895559,0.0005450258211335688,0.0003768799124136514
156080.KS,KODEX MSCI Korea,risk,domestic_equity_index,0.2,0.6898134625478051,2018-08-31,v31_light_overlay_benchmark_exclude,rule,0.0028723881975649,0.011770213610394207,-0.008897825412829307,0.00057447763951298,-0.0017795650825658616
101280.KS,KODEX 일본TOPIX100,risk,overseas_equity_index,0.2,0.376816910282915,2018-08-31,v31_light_overlay_benchmark_exclude,rule,0.0343348385436883,0.011770213610394207,0.022564624933294093,0.0068669677087376604,0.004512924986658819
148020.KS,RISE 200,risk,domestic_equity_index,0.18571428571428572,0.0229876532484471,2018-08-31,v31_light_overlay_benchmark_exclude,rule,0.0041517682395175,0.011770213610394207,-0.0076184453708767075,0.00077104267305325,-0.0014148541403056743
139230.KS,TIGER 200 중공업,risk,domestic_equity_sector,0.2,0.09705197752118053,2018-09-28,v31_light_overlay_benchmark_exclude,tree,-0.1824611609026715,-0.06699877882183285,-0.11546238208083866,-0.0364922321805343,-0.023092476416167733
105010.KS,TIGER 라틴35,risk,overseas_equity_index,0.2,0.08386701272668998,2018-09-28,v31_light_overlay_benchmark_exclude,tree,0.0691994261426995,-0.06699877882183285,0.13619820496453233,0.0138398852285399,0.027239640992906468
133690.KS,TIGER 미국나스닥100,risk,overseas_equity_index,0.2,0.04008415827788128,2018-09-28,v31_light_overlay_benchmark_exclude,tree,-0.0737851226557513,-0.06699877882183285,-0.006786343833918448,-0.01475702453115026,-0.0013572687667836897
139260.KS,TIGER 200 IT,risk,domestic_equity_sector,0.01428571428571429,0.04004653860950173,2018-09-28,v31_light_overlay_benchmark_exclude,tree,-0.1368935792436413,-0.06699877882183285,-0.06989480042180844,-0.0019556225606234476,-0.000998497148882978
156080.KS,KODEX MSCI Korea,risk,domestic_equity_index,0.2,0.021043567031705138,2018-09-28,v31_light_overlay_benchmark_exclude,tree,-0.1256713585308346,-0.06699877882183285,-0.05867257970900176,-0.025134271706166923,-0.011734515941800354
148020.KS,RISE 200,risk,domestic_equity_index,0.18571428571428572,0.007754773421300659,2018-09-28,v31_light_overlay_benchmark_exclude,tree,-0.1245450056246126,-0.06699877882183285,-0.05754622680277975,-0.023129786758856626,-0.010687156406230526
105010.KS,TIGER 라틴35,risk,overseas_equity_index,0.2,0.05801632183675905,2018-10-26,v31_light_overlay_benchmark_exclude,tree,-0.0418781883039733,-0.0016003306224722557,-0.04027785768150104,-0.00837563766079466,-0.008055571536300208
102780.KS,KODEX 삼성그룹,risk,domestic_equity_sector,0.2,0.028458222340685145,2018-10-26,v31_light_overlay_benchmark_exclude,tree,-0.0231444961361835,-0.0016003306224722557,-0.021544165513711244,-0.0046288992272367,-0.004308833102742249
139270.KS,TIGER 200 금융,risk,domestic_equity_sector,0.01428571428571429,0.015341364097668078,2018-10-26,v31_light_overlay_benchmark_exclude,tree,-0.0288010489109306,-0.0016003306224722557,-0.027200718288458346,-0.0004114435558704373,-0.00038858168983511935
148020.KS,RISE 200,risk,domestic_equity_index,0.2,-0.039875392766043266,2018-10-26,v31_light_overlay_benchmark_exclude,tree,0.0124235383087618,-0.0016003306224722557,0.014023868931234057,0.0024847076617523604,0.0028047737862468116
101280.KS,KODEX 일본TOPIX100,risk,overseas_equity_index,0.2,-0.049283294095261575,2018-10-26,v31_light_overlay_benchmark_exclude,tree,-0.0036945374024155,-0.0016003306224722557,-0.0020942067799432445,-0.0007389074804831,-0.0004188413559886489
069500.KS,KODEX 200,risk,domestic_equity_index,0.18571428571428572,-0.05125229769091653,2018-10-26,v31_light_overlay_benchmark_exclude,tree,0.0123803281166077,-0.0016003306224722557,0.013980658739079957,0.002299203793084287,0.0025964080515434207
174350.KS,TIGER 로우볼,risk,domestic_equity_sector,0.2,1.1381455423684816,2018-11-30,v31_light_overlay_benchmark_exclude,rule,0.0153463934709165,-0.021294027039375493,0.036640420510291996,0.0030692786941833,0.007328084102058399
161510.KS,PLUS 고배당주,risk,domestic_equity_sector,0.01428571428571429,0.891569386662675,2018-11-30,v31_light_overlay_benchmark_exclude,rule,-0.0036013334616572,-0.021294027039375493,0.017692693577718292,-5.144762088081716e-05,0.0002527527653959757
101280.KS,KODEX 일본TOPIX100,risk,overseas_equity_index,0.2,0.8602955381015591,2018-11-30,v31_light_overlay_benchmark_exclude,rule,-0.0735895942671543,-0.021294027039375493,-0.05229556722777881,-0.014717918853430862,-0.010459113445555763
152100.KS,PLUS 200,risk,domestic_equity_index,0.2,0.3973474629888382,2018-11-30,v31_light_overlay_benchmark_exclude,rule,-0.0200585932409343,-0.021294027039375493,0.0012354337984411927,-0.00401171864818686,0.00024708675968823857
102110.KS,TIGER 200,risk,domestic_equity_index,0.2,0.3526819863734916,2018-11-30,v31_light_overlay_benchmark_exclude,rule,-0.0211745358934568,-0.021294027039375493,0.00011949114591869314,-0.00423490717869136,2.389822918373863e-05
148020.KS,RISE 200,risk,domestic_equity_index,0.02857142857142858,0.3411740873228363,2018-11-30,v31_light_overlay_benchmark_exclude,rule,-0.0176471599771669,-0.021294027039375493,0.003646867062208594,-0.0005042045707761973,0.00010419620177738843
105010.KS,TIGER 라틴35,risk,overseas_equity_index,0.15714285714285714,0.3346828542228272,2018-11-30,v31_light_overlay_benchmark_exclude,rule,-0.0336507480543355,-0.021294027039375493,-0.01235672101496001,-0.005287974694252722,-0.0019417704452080015
174350.KS,TIGER 로우볼,risk,domestic_equity_sector,0.2,0.9732966932317058,2018-12-28,v31_light_overlay_benchmark_exclude,rule,0.0236927893814309,0.05379652182028598,-0.03010373243885508,0.00473855787628618,-0.006020746487771016
139290.KS,TIGER 200 경기소비재,risk,domestic_equity_sector,0.01428571428571429,0.9447426445139698,2018-12-28,v31_light_overlay_benchmark_exclude,rule,0.076233153122609,0.05379652182028598,0.022436631302323026,0.0010890450446087005,0.0003205233043189005
148020.KS,RISE 200,risk,domestic_equity_index,0.2,0.7573341858892602,2018-12-28,v31_light_overlay_benchmark_exclude,rule,0.0716691039933845,0.05379652182028598,0.01787258217309852,0.0143338207986769,0.003574516434619704
105010.KS,TIGER 라틴35,risk,overseas_equity_index,0.2,0.6978559100710336,2018-12-28,v31_light_overlay_benchmark_exclude,rule,0.1329637206788492,0.05379652182028598,0.07916719885856323,0.02659274413576984,0.015833439771712646
152100.KS,PLUS 200,risk,domestic_equity_index,0.2,0.5288124737045946,2018-12-28,v31_light_overlay_benchmark_exclude,rule,0.0736883840519322,0.05379652182028598,0.019891862231646226,0.014737676810386442,0.003978372446329245
102110.KS,TIGER 200,risk,domestic_equity_index,0.02857142857142858,0.3027360428368591,2018-12-28,v31_light_overlay_benchmark_exclude,rule,0.0752443066555379,0.05379652182028598,0.02144778483525192,0.002149837333015369,0.0006127938524357694
101280.KS,KODEX 일본TOPIX100,risk,overseas_equity_index,0.15714285714285714,-0.5381966553880814,2018-12-28,v31_light_overlay_benchmark_exclude,rule,0.0564871864778961,0.05379652182028598,0.0026906646576101215,0.008876557875097958,0.0004228187319101619
105010.KS,TIGER 라틴35,risk,overseas_equity_index,0.2,0.09988138428721309,2019-01-25,v31_light_overlay_benchmark_exclude,tree,-0.0024271262570116,0.024976235305057812,-0.027403361562069413,-0.00048542525140232,-0.005480672312413883
139270.KS,TIGER 200 금융,risk,domestic_equity_sector,0.2,0.04040496525747716,2019-01-25,v31_light_overlay_benchmark_exclude,tree,0.011318182875142,0.024976235305057812,-0.013658052429915812,0.0022636365750284,-0.0027316104859831623
139240.KS,TIGER 200 철강소재,risk,domestic_equity_sector,0.01428571428571429,0.01626050223857515,2019-01-25,v31_light_overlay_benchmark_exclude,tree,0.0391227233867015,0.024976235305057812,0.01414648808164369,0.0005588960483814502,0.00020209268688062423
156080.KS,KODEX MSCI Korea,risk,domestic_equity_index,0.2,-0.020514790301807046,2019-01-25,v31_light_overlay_benchmark_exclude,tree,0.0226500588066853,0.024976235305057812,-0.0023261764983725126,0.00453001176133706,-0.00046523529967450254
133690.KS,TIGER 미국나스닥100,risk,overseas_equity_index,0.2,-0.02819661301303656,2019-01-25,v31_light_overlay_benchmark_exclude,tree,0.0402057846438128,0.024976235305057812,0.015229549338754991,0.00804115692876256,0.0030459098677509985
152100.KS,PLUS 200,risk,domestic_equity_index,0.18571428571428572,-0.03457309647529169,2019-01-25,v31_light_overlay_benchmark_exclude,tree,0.0237391678031255,0.024976235305057812,-0.001237067501932313,0.004408702592009021,-0.0002297411075017153
091160.KS,KODEX 반도체,risk,domestic_equity_sector,0.2,1.1950919400258726,2019-02-22,v31_light_overlay_benchmark_exclude,rule,0.0302185243977584,0.00735307434276887,0.02286545005498953,0.00604370487955168,0.004573090010997906
168580.KS,ACE 중국본토CSI300,risk,overseas_equity_index,0.2,0.8837257825553614,2019-02-22,v31_light_overlay_benchmark_exclude,rule,0.0983931184683009,0.00735307434276887,0.09104004412553203,0.01967862369366018,0.018208008825106408
192090.KS,TIGER 차이나CSI300,risk,overseas_equity_index,0.2,0.7381940942333927,2019-02-22,v31_light_overlay_benchmark_exclude,rule,0.10200150772892,0.00735307434276887,0.09464843338615113,0.020400301545784,0.018929686677230228
156080.KS,KODEX MSCI Korea,risk,domestic_equity_index,0.2,0.3481268367040253,2019-02-22,v31_light_overlay_benchmark_exclude,rule,-0.0162422064451561,0.00735307434276887,-0.02359528078792497,-0.0032484412890312203,-0.004719056157584995
102110.KS,TIGER 200,risk,domestic_equity_index,0.19999999999999996,0.2837374188456271,2019-02-22,v31_light_overlay_benchmark_exclude,rule,-0.0185119788258935,0.00735307434276887,-0.02586505316866237,-0.0037023957651786993,-0.005173010633732473
091160.KS,KODEX 반도체,risk,domestic_equity_sector,0.2,1.6890846599647764,2019-03-29,v31_light_overlay_benchmark_exclude,rule,0.0488316836363647,0.018699489302477668,0.03013219433388703,0.00976633672727294,0.006026438866777406
168580.KS,ACE 중국본토CSI300,risk,overseas_equity_index,0.2,0.8001983650397883,2019-03-29,v31_light_overlay_benchmark_exclude,rule,0.0301810928072734,0.018699489302477668,0.011481603504795733,0.006036218561454681,0.0022963207009591468
139260.KS,TIGER 200 IT,risk,domestic_equity_sector,0.01428571428571429,0.7300652530614573,2019-03-29,v31_light_overlay_benchmark_exclude,rule,0.0127810528662213,0.018699489302477668,-0.005918436436256367,0.0001825864695174472,-8.454909194651955e-05
192090.KS,TIGER 차이나CSI300,risk,overseas_equity_index,0.2,0.6106743035541753,2019-03-29,v31_light_overlay_benchmark_exclude,rule,0.0272148604085549,0.018699489302477668,0.008515371106077231,0.00544297208171098,0.0017030742212154463
102110.KS,TIGER 200,risk,domestic_equity_index,0.2,0.0313721489198958,2019-03-29,v31_light_overlay_benchmark_exclude,rule,0.0120786114814004,0.018699489302477668,-0.006620877821077268,0.0024157222962800803,-0.0013241755642154536
152100.KS,PLUS 200,risk,domestic_equity_index,0.18571428571428572,-0.0545350708568135,2019-03-29,v31_light_overlay_benchmark_exclude,rule,0.0140646935177684,0.018699489302477668,-0.004634795784709267,0.002612014510442703,-0.0008607477885888638
091180.KS,KODEX 자동차,risk,domestic_equity_sector,0.2,0.19199204172980439,2019-04-26,v31_light_overlay_benchmark_exclude,tree,-0.0534600837806725,-0.035953035272686534,-0.017507048507985963,-0.0106920167561345,-0.0035014097015971927
102780.KS,KODEX 삼성그룹,risk,domestic_equity_sector,0.01428571428571429,0.12353260775152158,2019-04-26,v31_light_overlay_benchmark_exclude,tree,-0.0617415238384942,-0.035953035272686534,-0.025788488565807663,-0.000882021769121346,-0.0003684069795115382
102110.KS,TIGER 200,risk,domestic_equity_index,0.2,-0.006319876121686659,2019-04-26,v31_light_overlay_benchmark_exclude,tree,-0.0581851905663087,-0.035953035272686534,-0.022232155293622165,-0.01163703811326174,-0.004446431058724433
069500.KS,KODEX 200,risk,domestic_equity_index,0.2,-0.021184234294704722,2019-04-26,v31_light_overlay_benchmark_exclude,tree,-0.0583425170202336,-0.035953035272686534,-0.02238948174754707,-0.011668503404046722,-0.004477896349509414
105010.KS,TIGER 라틴35,risk,overseas_equity_index,0.2,-0.030173394818761752,2019-04-26,v31_light_overlay_benchmark_exclude,tree,-0.0238094603708284,-0.035953035272686534,0.012143574901858134,-0.004761892074165681,0.002428714980371627
156080.KS,KODEX MSCI Korea,risk,domestic_equity_index,0.02857142857142858,-0.043375165000143226,2019-04-26,v31_light_overlay_benchmark_exclude,tree,-0.0537016828924278,-0.035953035272686534,-0.017748647619741265,-0.001534333796926509,-0.0005071042177068934
101280.KS,KODEX 일본TOPIX100,risk,overseas_equity_index,0.15714285714285714,-0.06402134417608868,2019-04-26,v31_light_overlay_benchmark_exclude,tree,0.0039077756767587,-0.035953035272686534,0.039860810949445234,0.0006140790349192242,0.006263841720627108
091160.KS,KODEX 반도체,risk,domestic_equity_sector,0.2,0.09528208527118649,2019-05-31,v31_light_overlay_benchmark_exclude,tree,0.0246068574069417,0.02951508589208466,-0.004908228485142961,0.00492137148138834,-0.0009816456970285924
102780.KS,KODEX 삼성그룹,risk,domestic_equity_sector,0.01428571428571429,0.055751828934919166,2019-05-31,v31_light_overlay_benchmark_exclude,tree,0.0599188521940652,0.02951508589208466,0.030403766301980543,0.0008559836027723603,0.0004343395185997222
105010.KS,TIGER 라틴35,risk,overseas_equity_index,0.2,0.019950077712167568,2019-05-31,v31_light_overlay_benchmark_exclude,tree,0.0391415374651957,0.02951508589208466,0.009626451573111039,0.00782830749303914,0.001925290314622208
133690.KS,TIGER 미국나스닥100,risk,overseas_equity_index,0.2,0.019317131220907266,2019-05-31,v31_light_overlay_benchmark_exclude,tree,0.0352022411354617,0.02951508589208466,0.00568715524337704,0.00704044822709234,0.001137431048675408
101280.KS,KODEX 일본TOPIX100,risk,overseas_equity_index,0.02857142857142858,-0.018140575007041238,2019-05-31,v31_light_overlay_benchmark_exclude,tree,0.0019662225532339,0.02951508589208466,-0.02754886333885076,5.617778723525431e-05,-0.000787110381110022
156080.KS,KODEX MSCI Korea,risk,domestic_equity_index,0.2,-0.02854474171345445,2019-05-31,v31_light_overlay_benchmark_exclude,tree,0.0510326435205783,0.02951508589208466,0.02151755762849364,0.010206528704115661,0.004303511525698728
148020.KS,RISE 200,risk,domestic_equity_index,0.15714285714285703,-0.06410576336511338,2019-05-31,v31_light_overlay_benchmark_exclude,tree,0.0511512250231787,0.02951508589208466,0.021636139131094037,0.008038049646499503,0.003399964720600489
091180.KS,KODEX 자동차,risk,domestic_equity_sector,0.2,1.2101618491572237,2019-06-28,v31_light_overlay_benchmark_exclude,rule,-0.0110821651696271,0.0004978146190902193,-0.01157997978871732,-0.00221643303392542,-0.002315995957743464
102780.KS,KODEX 삼성그룹,risk,domestic_equity_sector,0.01428571428571429,0.7867074111156227,2019-06-28,v31_light_overlay_benchmark_exclude,rule,-0.035905178324644,0.0004978146190902193,-0.036402992943734225,-0.000512931118923486,-0.0005200427563390606
133690.KS,TIGER 미국나스닥100,risk,overseas_equity_index,0.2,0.5640573138568458,2019-06-28,v31_light_overlay_benchmark_exclude,rule,0.0662467204769081,0.0004978146190902193,0.06574890585781788,0.013249344095381622,0.013149781171563577
152100.KS,PLUS 200,risk,domestic_equity_index,0.2,0.3521504820783585,2019-06-28,v31_light_overlay_benchmark_exclude,rule,-0.0219878461407513,0.0004978146190902193,-0.02248566075984152,-0.0043975692281502604,-0.004497132151968304
156080.KS,KODEX MSCI Korea,risk,domestic_equity_index,0.2,0.1258526939148562,2019-06-28,v31_light_overlay_benchmark_exclude,rule,-0.0127167303212096,0.0004978146190902193,-0.013214544940299819,-0.00254334606424192,-0.002642908988059964
105010.KS,TIGER 라틴35,risk,overseas_equity_index,0.18571428571428572,0.0643320392699483,2019-06-28,v31_light_overlay_benchmark_exclude,rule,0.0303765054519205,0.0004978146190902193,0.02987869083283028,0.0056413510124995216,0.005548899726097052
102780.KS,KODEX 삼성그룹,risk,domestic_equity_sector,0.2,0.044649280010453846,2019-07-26,v31_light_overlay_benchmark_exclude,tree,-0.0475435727738868,-0.032476690756053195,-0.015066882017833606,-0.009508714554777361,-0.0030133764035667216
139260.KS,TIGER 200 IT,risk,domestic_equity_sector,0.01428571428571429,0.03449330805590428,2019-07-26,v31_light_overlay_benchmark_exclude,tree,-0.057779981542089,-0.032476690756053195,-0.025303290786035805,-0.0008254283077441288,-0.0003614755826576545
101280.KS,KODEX 일본TOPIX100,risk,overseas_equity_index,0.2,0.025741448763982492,2019-07-26,v31_light_overlay_benchmark_exclude,tree,-0.0067899676232431,-0.032476690756053195,0.025686723132810094,-0.0013579935246486202,0.00513734462656202
105010.KS,TIGER 라틴35,risk,overseas_equity_index,0.2,0.01952080660975469,2019-07-26,v31_light_overlay_benchmark_exclude,tree,-0.0931602394347604,-0.032476690756053195,-0.060683548678707205,-0.01863204788695208,-0.012136709735741442
133690.KS,TIGER 미국나스닥100,risk,overseas_equity_index,0.02857142857142858,0.009753918746426997,2019-07-26,v31_light_overlay_benchmark_exclude,tree,-0.0063786347090164,-0.032476690756053195,0.026098056047036796,-0.00018224670597189718,0.0007456587442010515
102110.KS,TIGER 200,risk,domestic_equity_index,0.2,-0.032579237829405486,2019-07-26,v31_light_overlay_benchmark_exclude,tree,-0.0585077994050079,-0.032476690756053195,-0.026031108648954707,-0.011701559881001581,-0.005206221729790942
156080.KS,KODEX MSCI Korea,risk,domestic_equity_index,0.15714285714285703,-0.03769862200487181,2019-07-26,v31_light_overlay_benchmark_exclude,tree,-0.0616705673315391,-0.032476690756053195,-0.029193876575485903,-0.009691089152098995,-0.0045876091761477816
168580.KS,ACE 중국본토CSI300,risk,overseas_equity_index,0.2,0.041339232047188146,2019-08-30,v31_light_overlay_benchmark_exclude,tree,0.0163347473437591,0.02596843561243868,-0.00963368826867958,0.0032669494687518202,-0.001926737653735916
156080.KS,KODEX MSCI Korea,risk,domestic_equity_index,0.2,0.0025117676206083367,2019-08-30,v31_light_overlay_benchmark_exclude,tree,0.0549816101163598,0.02596843561243868,0.029013174503921116,0.01099632202327196,0.005802634900784223
101280.KS,KODEX 일본TOPIX100,risk,overseas_equity_index,0.2,-0.0016799314195375357,2019-08-30,v31_light_overlay_benchmark_exclude,tree,0.0343396539714613,0.02596843561243868,0.008371218359022617,0.00686793079429226,0.0016742436718045234
102780.KS,KODEX 삼성그룹,risk,domestic_equity_sector,0.2,-0.004515011385064275,2019-08-30,v31_light_overlay_benchmark_exclude,tree,0.0315613773477425,0.02596843561243868,0.005592941735303822,0.006312275469548501,0.0011185883470607645
133690.KS,TIGER 미국나스닥100,risk,overseas_equity_index,0.02857142857142858,-0.008246011518483191,2019-08-30,v31_light_overlay_benchmark_exclude,tree,0.0010796367464569,0.02596843561243868,-0.024888798865981783,3.084676418448287e-05,-0.0007111085390280512
091180.KS,KODEX 자동차,risk,domestic_equity_sector,0.01428571428571429,-0.025924357193852478,2019-08-30,v31_light_overlay_benchmark_exclude,tree,0.0274155990243705,0.02596843561243868,0.0014471634119318198,0.00039165141463386443,2.0673763027597432e-05
069500.KS,KODEX 200,risk,domestic_equity_index,0.15714285714285703,-0.037709317226557564,2019-08-30,v31_light_overlay_benchmark_exclude,tree,0.05120793423669,0.02596843561243868,0.025239498624251316,0.008046961094336993,0.003966206926668061
091160.KS,KODEX 반도체,risk,domestic_equity_sector,0.2,1.38429266816912,2019-09-27,v31_light_overlay_benchmark_exclude,rule,0.0565330095416118,0.0063693555762454925,0.0501636539653663,0.011306601908322361,0.010032730793073262
101280.KS,KODEX 일본TOPIX100,risk,overseas_equity_index,0.2,0.995783134182154,2019-09-27,v31_light_overlay_benchmark_exclude,rule,-0.0014593973262058,0.0063693555762454925,-0.007828752902451292,-0.00029187946524116004,-0.0015657505804902586
139260.KS,TIGER 200 IT,risk,domestic_equity_sector,0.01428571428571429,0.7917769397454204,2019-09-27,v31_light_overlay_benchmark_exclude,rule,0.0340136638667756,0.0063693555762454925,0.02764430829053011,0.0004859094838110802,0.000394918689864716
148020.KS,RISE 200,risk,domestic_equity_index,0.2,0.1534300732123686,2019-09-27,v31_light_overlay_benchmark_exclude,rule,0.0214994180585197,0.0063693555762454925,0.015130062482274206,0.00429988361170394,0.0030260124964548414
069500.KS,KODEX 200,risk,domestic_equity_index,0.2,0.1533122610400479,2019-09-27,v31_light_overlay_benchmark_exclude,rule,0.0216909799317779,0.0063693555762454925,0.015321624355532408,0.00433819598635558,0.003064324871106482
152100.KS,PLUS 200,risk,domestic_equity_index,0.02857142857142858,0.1397828624670417,2019-09-27,v31_light_overlay_benchmark_exclude,rule,0.022153197712633,0.0063693555762454925,0.015783842136387508,0.0006329485060752289,0.0004509669181825004
105010.KS,TIGER 라틴35,risk,overseas_equity_index,0.15714285714285714,-0.0199621913348829,2019-09-27,v31_light_overlay_benchmark_exclude,rule,-0.0025187526173013,0.0063693555762454925,-0.008888108193546792,-0.0003958039827187757,-0.0013967027161287816
091160.KS,KODEX 반도체,risk,domestic_equity_sector,0.2,1.982226366505256,2019-10-25,v31_light_overlay_benchmark_exclude,rule,-0.0155418139443711,0.004376714887800555,-0.019918528832171656,-0.0031083627888742202,-0.0039837057664343315
156080.KS,KODEX MSCI Korea,risk,domestic_equity_index,0.2,0.8901317014070815,2019-10-25,v31_light_overlay_benchmark_exclude,rule,0.0041856537918387,0.004376714887800555,-0.00019106109596185496,0.00083713075836774,-3.821221919237099e-05
133690.KS,TIGER 미국나스닥100,risk,overseas_equity_index,0.2,0.8074293739219711,2019-10-25,v31_light_overlay_benchmark_exclude,rule,0.0425582475538341,0.004376714887800555,0.038181532666033545,0.008511649510766819,0.0076363065332067095
139260.KS,TIGER 200 IT,risk,domestic_equity_sector,0.01428571428571429,0.7702713661120403,2019-10-25,v31_light_overlay_benchmark_exclude,rule,0.0082250903315685,0.004376714887800555,0.0038483754437679445,0.0001175012904509786,5.4976792053827795e-05
101280.KS,KODEX 일본TOPIX100,risk,overseas_equity_index,0.2,0.4112283368015778,2019-10-25,v31_light_overlay_benchmark_exclude,rule,0.0317867362402046,0.004376714887800555,0.027410021352404047,0.0063573472480409204,0.00548200427048081
152100.KS,PLUS 200,risk,domestic_equity_index,0.18571428571428572,0.0017531857837416,2019-10-25,v31_light_overlay_benchmark_exclude,rule,0.0089555914713415,0.004376714887800555,0.004578876583540945,0.0016631812732491357,0.0008503627940861755
133690.KS,TIGER 미국나스닥100,risk,overseas_equity_index,0.2,1.0951967207410438,2019-11-29,v31_light_overlay_benchmark_exclude,rule,0.0286786331063262,0.043903435384180234,-0.015224802277854034,0.005735726621265241,-0.003044960455570807
139270.KS,TIGER 200 금융,risk,domestic_equity_sector,0.2,0.9429119795077684,2019-11-29,v31_light_overlay_benchmark_exclude,rule,0.0720718603456929,0.043903435384180234,0.028168424961512672,0.014414372069138582,0.005633684992302535
091170.KS,KODEX 은행,risk,domestic_equity_sector,0.01428571428571429,0.7862903001928927,2019-11-29,v31_light_overlay_benchmark_exclude,rule,0.0738597142965602,0.043903435384180234,0.029956278912379966,0.001055138775665146,0.0004279468416054282
101280.KS,KODEX 일본TOPIX100,risk,overseas_equity_index,0.2,0.6770800089587932,2019-11-29,v31_light_overlay_benchmark_exclude,rule,0.0074283303830409,0.043903435384180234,-0.03647510500113933,0.00148566607660818,-0.007295021000227867
152100.KS,PLUS 200,risk,domestic_equity_index,0.2,0.1899560406782925,2019-11-29,v31_light_overlay_benchmark_exclude,rule,0.0755762475498169,0.043903435384180234,0.031672812165636666,0.015115249509963381,0.006334562433127334
148020.KS,RISE 200,risk,domestic_equity_index,0.18571428571428572,0.1578645864522759,2019-11-29,v31_light_overlay_benchmark_exclude,rule,0.0772276259366535,0.043903435384180234,0.033324190552473265,0.014342273388235651,0.006188778245459321
091160.KS,KODEX 반도체,risk,domestic_equity_sector,0.2,2.389796424007663,2019-12-27,v31_light_overlay_benchmark_exclude,rule,0.0429925332037077,0.007507383905734058,0.035485149297973646,0.00859850664074154,0.00709702985959473
133690.KS,TIGER 미국나스닥100,risk,overseas_equity_index,0.2,0.8983378087421727,2019-12-27,v31_light_overlay_benchmark_exclude,rule,0.0484747241031116,0.007507383905734058,0.04096734019737754,0.00969494482062232,0.008193468039475509
156080.KS,KODEX MSCI Korea,risk,domestic_equity_index,0.2,0.5458302712633971,2019-12-27,v31_light_overlay_benchmark_exclude,rule,0.0368401747871289,0.007507383905734058,0.029332790881394843,0.00736803495742578,0.005866558176278969
139260.KS,TIGER 200 IT,risk,domestic_equity_sector,0.01428571428571429,0.5261786929672431,2019-12-27,v31_light_overlay_benchmark_exclude,rule,0.0589360297839665,0.007507383905734058,0.05142864587823244,0.0008419432826280931,0.0007346949411176065
105010.KS,TIGER 라틴35,risk,overseas_equity_index,0.2,0.3276333414988265,2019-12-27,v31_light_overlay_benchmark_exclude,rule,-0.0302297592527192,0.007507383905734058,-0.03773714315845326,-0.006045951850543841,-0.007547428631690652
102110.KS,TIGER 200,risk,domestic_equity_index,0.18571428571428572,0.0446757170168515,2019-12-27,v31_light_overlay_benchmark_exclude,rule,0.023555061298488,0.007507383905734058,0.016047677392753944,0.004374511384004915,0.0029802829443685897
091160.KS,KODEX 반도체,risk,domestic_equity_sector,0.2,0.08215725602673367,2020-01-31,v31_light_overlay_benchmark_exclude,tree,-0.0589965831301813,-0.03325664695596118,-0.025739936174220122,-0.011799316626036262,-0.005147987234844025
133690.KS,TIGER 미국나스닥100,risk,overseas_equity_index,0.2,0.02125306194636949,2020-01-31,v31_light_overlay_benchmark_exclude,tree,-0.077490490704811,-0.03325664695596118,-0.04423384374884982,-0.0154980981409622,-0.008846768749769965
101280.KS,KODEX 일본TOPIX100,risk,overseas_equity_index,0.2,-0.0034492821531251112,2020-01-31,v31_light_overlay_benchmark_exclude,tree,-0.0777776882157893,-0.03325664695596118,-0.04452104125982812,-0.015555537643157862,-0.008904208251965624
139260.KS,TIGER 200 IT,risk,domestic_equity_sector,0.01428571428571429,-0.02619696952433663,2020-01-31,v31_light_overlay_benchmark_exclude,tree,-0.0410059391950176,-0.03325664695596118,-0.007749292239056418,-0.0005857991313573945,-0.00011070417484366315
105010.KS,TIGER 라틴35,risk,overseas_equity_index,0.02857142857142858,-0.05917929059435957,2020-01-31,v31_light_overlay_benchmark_exclude,tree,-0.1008942086287317,-0.03325664695596118,-0.06763756167277052,-0.002882691675106621,-0.0019325017620791583
156080.KS,KODEX MSCI Korea,risk,domestic_equity_index,0.2,-0.05941460654902668,2020-01-31,v31_light_overlay_benchmark_exclude,tree,-0.0558375243530437,-0.03325664695596118,-0.02258087739708252,-0.01116750487060874,-0.004516175479416504
102110.KS,TIGER 200,risk,domestic_equity_index,0.15714285714285703,-0.08224679123119148,2020-01-31,v31_light_overlay_benchmark_exclude,tree,-0.0579885904839632,-0.03325664695596118,-0.024731943528002023,-0.009112492790337068,-0.0038864482686860294
091160.KS,KODEX 반도체,risk,domestic_equity_sector,0.2,0.05889697251375545,2020-02-28,v31_light_overlay_benchmark_exclude,tree,-0.1397625659952441,-0.09210312798336671,-0.04765943801187737,-0.027952513199048817,-0.009531887602375475
102780.KS,KODEX 삼성그룹,risk,domestic_equity_sector,0.01428571428571429,0.05147714202222934,2020-02-28,v31_light_overlay_benchmark_exclude,tree,-0.1515151369573892,-0.09210312798336671,-0.059412008974022476,-0.002164501956534132,-0.0008487429853431786
133690.KS,TIGER 미국나스닥100,risk,overseas_equity_index,0.2,0.048674454584104423,2020-02-28,v31_light_overlay_benchmark_exclude,tree,-0.0582224820437144,-0.09210312798336671,0.033880645939652315,-0.01164449640874288,0.006776129187930463
101280.KS,KODEX 일본TOPIX100,risk,overseas_equity_index,0.2,-0.01784830243507899,2020-02-28,v31_light_overlay_benchmark_exclude,tree,-0.0432982972468256,-0.09210312798336671,0.04880483073654111,-0.00865965944936512,0.009760966147308224
148020.KS,RISE 200,risk,domestic_equity_index,0.2,-0.018095310905898228,2020-02-28,v31_light_overlay_benchmark_exclude,tree,-0.1283798994891106,-0.09210312798336671,-0.03627677150574389,-0.025675979897822124,-0.007255354301148778
152100.KS,PLUS 200,risk,domestic_equity_index,0.18571428571428572,-0.03278988496255557,2020-02-28,v31_light_overlay_benchmark_exclude,tree,-0.1289732358872697,-0.09210312798336671,-0.03687010790390298,-0.02395217237906437,-0.006847305753581982
147970.KS,TIGER 모멘텀,risk,domestic_equity_sector,0.2,0.1828651170941054,2020-03-27,v31_light_overlay_benchmark_exclude,tree,0.1352675565510444,0.03902772121296877,0.09623983533807562,0.027053511310208878,0.019247967067615127
139260.KS,TIGER 200 IT,risk,domestic_equity_sector,0.01428571428571429,0.16918531741317838,2020-03-27,v31_light_overlay_benchmark_exclude,tree,0.0416245955594494,0.03902772121296877,0.002596874346480628,0.0005946370794207059,3.7098204949723265e-05
152100.KS,PLUS 200,risk,domestic_equity_index,0.2,0.0844285833123373,2020-03-27,v31_light_overlay_benchmark_exclude,tree,0.0702600702029421,0.03902772121296877,0.031232348989973333,0.014052014040588421,0.006246469797994667
148020.KS,RISE 200,risk,domestic_equity_index,0.2,0.08428453477062522,2020-03-27,v31_light_overlay_benchmark_exclude,tree,0.0704792067430626,0.03902772121296877,0.03145148553009383,0.01409584134861252,0.006290297106018767
156080.KS,KODEX MSCI Korea,risk,domestic_equity_index,0.02857142857142858,0.05516522749582124,2020-03-27,v31_light_overlay_benchmark_exclude,tree,0.0771959757347042,0.03902772121296877,0.03816825452173543,0.002205599306705835,0.00109052155776387
105010.KS,TIGER 라틴35,risk,overseas_equity_index,0.2,-0.05754002936218982,2020-03-27,v31_light_overlay_benchmark_exclude,tree,-0.058943144920062,0.03902772121296877,-0.09797086613303077,-0.011788628984012402,-0.019594173226606157
133690.KS,TIGER 미국나스닥100,risk,overseas_equity_index,0.15714285714285703,-0.09194606005294076,2020-03-27,v31_light_overlay_benchmark_exclude,tree,0.1236434349711135,0.03902772121296877,0.08461571375814474,0.019429682638317822,0.01329675501913702
139260.KS,TIGER 200 IT,risk,domestic_equity_sector,0.2,0.12951636602784014,2020-04-24,v31_light_overlay_benchmark_exclude,tree,0.0629004056374216,0.028029808396376393,0.0348705972410452,0.01258008112748432,0.00697411944820904
133690.KS,TIGER 미국나스닥100,risk,overseas_equity_index,0.2,0.00753477563572022,2020-04-24,v31_light_overlay_benchmark_exclude,tree,0.0831583269209972,0.028029808396376393,0.055128518524620806,0.01663166538419944,0.011025703704924162
156080.KS,KODEX MSCI Korea,risk,domestic_equity_index,0.2,-0.019662829932066878,2020-04-24,v31_light_overlay_benchmark_exclude,tree,0.0286012690488339,0.028029808396376393,0.0005714606524575075,0.00572025380976678,0.0001142921304915015
147970.KS,TIGER 모멘텀,risk,domestic_equity_sector,0.01428571428571429,-0.029251962176653493,2020-04-24,v31_light_overlay_benchmark_exclude,tree,0.0779674570855268,0.028029808396376393,0.049937648689150405,0.001113820815507526,0.0007133949812735775
069500.KS,KODEX 200,risk,domestic_equity_index,0.2,-0.03683356570036381,2020-04-24,v31_light_overlay_benchmark_exclude,tree,0.0372709499843999,0.028029808396376393,0.009241141588023506,0.00745418999687998,0.0018482283176047014
102110.KS,TIGER 200,risk,domestic_equity_index,0.02857142857142858,-0.04136647521830883,2020-04-24,v31_light_overlay_benchmark_exclude,tree,0.0368373390135627,0.028029808396376393,0.00880753061718631,0.0010524954003875062,0.0002516437319196089
192090.KS,TIGER 차이나CSI300,risk,overseas_equity_index,0.15714285714285714,-0.10505130797032086,2020-04-24,v31_light_overlay_benchmark_exclude,tree,0.0104168106325843,0.028029808396376393,-0.017612997763792094,0.0016369273851203898,-0.0027677567914530434
133690.KS,TIGER 미국나스닥100,risk,overseas_equity_index,0.2,0.07076905677523607,2020-05-29,v31_light_overlay_benchmark_exclude,tree,0.0418262662833099,0.027851530175952627,0.01397473610735727,0.00836525325666198,0.0027949472214714543
101280.KS,KODEX 일본TOPIX100,risk,overseas_equity_index,0.2,0.0503731283213192,2020-05-29,v31_light_overlay_benchmark_exclude,tree,-0.0198159899388138,0.027851530175952627,-0.047667520114766423,-0.00396319798776276,-0.009533504022953285
139260.KS,TIGER 200 IT,risk,domestic_equity_sector,0.2,0.04464471659960138,2020-05-29,v31_light_overlay_benchmark_exclude,tree,0.0475770774884269,0.027851530175952627,0.01972554731247427,0.00951541549768538,0.0039451094624948545
156080.KS,KODEX MSCI Korea,risk,domestic_equity_index,0.2,0.04225951259691698,2020-05-29,v31_light_overlay_benchmark_exclude,tree,0.0570090868504844,0.027851530175952627,0.029157556674531772,0.01140181737009688,0.0058315113349063545
105010.KS,TIGER 라틴35,risk,overseas_equity_index,0.02857142857142858,0.0348052757639013,2020-05-29,v31_light_overlay_benchmark_exclude,tree,0.0464214920338865,0.027851530175952627,0.018569961857933873,0.001326328343825329,0.0005305703387981108
102780.KS,KODEX 삼성그룹,risk,domestic_equity_sector,0.01428571428571429,-0.005748960408119796,2020-05-29,v31_light_overlay_benchmark_exclude,tree,0.0580883511351557,0.027851530175952627,0.030236820959203076,0.0008298335876450818,0.00043195458513147264
102110.KS,TIGER 200,risk,domestic_equity_index,0.15714285714285703,-0.026644495464999206,2020-05-29,v31_light_overlay_benchmark_exclude,tree,0.0564064844041454,0.027851530175952627,0.02855495422819277,0.008863876120651414,0.0044872070930017174
105010.KS,TIGER 라틴35,risk,overseas_equity_index,0.2,0.021515875338833815,2020-06-26,v31_light_overlay_benchmark_exclude,tree,0.0314232501781606,0.03204246108559225,-0.0006192109074316526,0.00628465003563212,-0.00012384218148633053
101280.KS,KODEX 일본TOPIX100,risk,overseas_equity_index,0.2,0.018588454540812836,2020-06-26,v31_light_overlay_benchmark_exclude,tree,0.0061372204762064,0.03204246108559225,-0.02590524060938585,0.0012274440952412802,-0.00518104812187717
091160.KS,KODEX 반도체,risk,domestic_equity_sector,0.2,0.015863701970797676,2020-06-26,v31_light_overlay_benchmark_exclude,tree,0.0508507735734602,0.03204246108559225,0.018808312487867948,0.01017015471469204,0.00376166249757359
133690.KS,TIGER 미국나스닥100,risk,overseas_equity_index,0.02857142857142858,-0.011165587423727162,2020-06-26,v31_light_overlay_benchmark_exclude,tree,0.0395957054471336,0.03204246108559225,0.007553244361541353,0.0011313058699181032,0.00021580698175832446
152100.KS,PLUS 200,risk,domestic_equity_index,0.2,-0.019540423101840045,2020-06-26,v31_light_overlay_benchmark_exclude,tree,0.0300631486624083,0.03204246108559225,-0.00197931242318395,0.006012629732481661,-0.00039586248463679003
147970.KS,TIGER 모멘텀,risk,domestic_equity_sector,0.01428571428571429,-0.024071986768778458,2020-06-26,v31_light_overlay_benchmark_exclude,tree,0.011931255469511,0.03204246108559225,-0.02011120561608125,0.00017044650670730005,-0.00028730293737258935
148020.KS,RISE 200,risk,domestic_equity_index,0.15714285714285703,-0.029083379738102256,2020-06-26,v31_light_overlay_benchmark_exclude,tree,0.0318020299187788,0.03204246108559225,-0.00024043116681345122,0.004997461844379522,-3.7782040499256596e-05
192090.KS,TIGER 차이나CSI300,risk,overseas_equity_index,0.2,0.08376935608323074,2020-07-31,v31_light_overlay_benchmark_exclude,tree,0.041082885921039,0.027323671619951216,0.013759214301087785,0.008216577184207801,0.0027518428602175573
147970.KS,TIGER 모멘텀,risk,domestic_equity_sector,0.2,0.034780147651169525,2020-07-31,v31_light_overlay_benchmark_exclude,tree,0.0735412265151029,0.027323671619951216,0.04621755489515169,0.014708245303020583,0.009243510979030338
102780.KS,KODEX 삼성그룹,risk,domestic_equity_sector,0.01428571428571429,0.026241444703559123,2020-07-31,v31_light_overlay_benchmark_exclude,tree,0.0394021345764628,0.027323671619951216,0.012078462956511583,0.0005628876368066117,0.0001725494708073084
133690.KS,TIGER 미국나스닥100,risk,overseas_equity_index,0.2,0.01140659904221489,2020-07-31,v31_light_overlay_benchmark_exclude,tree,0.0982251390606776,0.027323671619951216,0.0709014674407264,0.01964502781213552,0.01418029348814528
152100.KS,PLUS 200,risk,domestic_equity_index,0.2,-0.014502281815065604,2020-07-31,v31_light_overlay_benchmark_exclude,tree,0.0448952452560138,0.027323671619951216,0.017571573636062585,0.00897904905120276,0.003514314727212517
156080.KS,KODEX MSCI Korea,risk,domestic_equity_index,0.18571428571428572,-0.017974154643586104,2020-07-31,v31_light_overlay_benchmark_exclude,tree,0.0392569069478627,0.027323671619951216,0.011933235327911483,0.007290568433174501,0.002216172275183561
133690.KS,TIGER 미국나스닥100,risk,overseas_equity_index,0.2,0.1710830207864572,2020-08-28,v31_light_overlay_benchmark_exclude,tree,-0.1007376254878464,-0.0281888368289598,-0.0725487886588866,-0.020147525097569282,-0.014509757731777321
102780.KS,KODEX 삼성그룹,risk,domestic_equity_sector,0.2,0.16014262017270633,2020-08-28,v31_light_overlay_benchmark_exclude,tree,-0.0385619521569419,-0.0281888368289598,-0.010373115327982102,-0.00771239043138838,-0.0020746230655964205
139260.KS,TIGER 200 IT,risk,domestic_equity_sector,0.01428571428571429,0.1469908801260232,2020-08-28,v31_light_overlay_benchmark_exclude,tree,-0.0115428735132243,-0.0281888368289598,0.0166459633157355,-0.0001648981930460615,0.00023779947593907864
156080.KS,KODEX MSCI Korea,risk,domestic_equity_index,0.2,0.02157733451487218,2020-08-28,v31_light_overlay_benchmark_exclude,tree,-0.0232714373617901,-0.0281888368289598,0.004917399467169698,-0.00465428747235802,0.0009834798934339397
101280.KS,KODEX 일본TOPIX100,risk,overseas_equity_index,0.2,-0.0006254485712127427,2020-08-28,v31_light_overlay_benchmark_exclude,tree,-0.0003573824392595,-0.0281888368289598,0.0278314543897003,-7.14764878519e-05,0.00556629087794006
148020.KS,RISE 200,risk,domestic_equity_index,0.18571428571428572,-0.004220841133373798,2020-08-28,v31_light_overlay_benchmark_exclude,tree,-0.0273383470603972,-0.0281888368289598,0.0008504897685625984,-0.005077121596930909,0.00015794809987591113
091180.KS,KODEX 자동차,risk,domestic_equity_sector,0.2,0.16144089659075117,2020-09-25,v31_light_overlay_benchmark_exclude,tree,0.040133663374803,0.026013222987070456,0.014120440387732545,0.008026732674960601,0.0028240880775465094
105010.KS,TIGER 라틴35,risk,overseas_equity_index,0.2,0.13255504555518194,2020-09-25,v31_light_overlay_benchmark_exclude,tree,0.040322621531176,0.026013222987070456,0.014309398544105546,0.0080645243062352,0.0028618797088211093
133690.KS,TIGER 미국나스닥100,risk,overseas_equity_index,0.2,0.04973095274816371,2020-09-25,v31_light_overlay_benchmark_exclude,tree,0.0314954238271396,0.026013222987070456,0.005482200840069146,0.006299084765427921,0.0010964401680138292
101280.KS,KODEX 일본TOPIX100,risk,overseas_equity_index,0.02857142857142858,0.04405019399338794,2020-09-25,v31_light_overlay_benchmark_exclude,tree,-0.0167975980217419,0.026013222987070456,-0.04281082100881235,-0.0004799313720497687,-0.0012231663145374962
102780.KS,KODEX 삼성그룹,risk,domestic_equity_sector,0.01428571428571429,0.024715421720260203,2020-09-25,v31_light_overlay_benchmark_exclude,tree,0.0278720861050396,0.026013222987070456,0.0018588631179691437,0.000398172658643423,2.6555187399559204e-05
069500.KS,KODEX 200,risk,domestic_equity_index,0.2,-0.018046946524347587,2020-09-25,v31_light_overlay_benchmark_exclude,tree,0.0385505651739488,0.026013222987070456,0.012537342186878346,0.007710113034789761,0.002507468437375669
148020.KS,RISE 200,risk,domestic_equity_index,0.15714285714285703,-0.027322028473904456,2020-09-25,v31_light_overlay_benchmark_exclude,tree,0.0376398250147123,0.026013222987070456,0.011626602027641847,0.005914829645169072,0.0018270374614865745
091170.KS,KODEX 은행,risk,domestic_equity_sector,0.2,0.11690733491147161,2020-10-30,v31_light_overlay_benchmark_exclude,tree,0.1537758910019855,0.10069866438837445,0.05307722661361104,0.0307551782003971,0.01061544532272221
105010.KS,TIGER 라틴35,risk,overseas_equity_index,0.2,0.08648676054537863,2020-10-30,v31_light_overlay_benchmark_exclude,tree,0.2531647477780208,0.10069866438837445,0.15246608338964635,0.050632949555604156,0.030493216677929272
139260.KS,TIGER 200 IT,risk,domestic_equity_sector,0.01428571428571429,0.03288327816538414,2020-10-30,v31_light_overlay_benchmark_exclude,tree,0.1811891942680197,0.10069866438837445,0.08049052987964524,0.0025884170609717107,0.001149864712566361
133690.KS,TIGER 미국나스닥100,risk,overseas_equity_index,0.2,0.028202133985225912,2020-10-30,v31_light_overlay_benchmark_exclude,tree,0.0730862459814878,0.10069866438837445,-0.02761241840688665,0.01461724919629756,-0.00552248368137733
192090.KS,TIGER 차이나CSI300,risk,overseas_equity_index,0.02857142857142858,-0.008303572015493303,2020-10-30,v31_light_overlay_benchmark_exclude,tree,0.0463266703898908,0.10069866438837445,-0.05437199399848365,0.0013236191539968804,-0.0015534855428138191
069500.KS,KODEX 200,risk,domestic_equity_index,0.2,-0.03427829641746112,2020-10-30,v31_light_overlay_benchmark_exclude,tree,0.1685471183170817,0.10069866438837445,0.06784845392870724,0.03370942366341634,0.013569690785741448
152100.KS,PLUS 200,risk,domestic_equity_index,0.15714285714285703,-0.0629659359654421,2020-10-30,v31_light_overlay_benchmark_exclude,tree,0.166063207924705,0.10069866438837445,0.06536454353633055,0.026095646959596482,0.01027157112713765
105010.KS,TIGER 라틴35,risk,overseas_equity_index,0.2,0.026209058144275228,2020-11-27,v31_light_overlay_benchmark_exclude,tree,0.0925923879962848,0.03702790887280638,0.05556447912347842,0.018518477599256962,0.011112895824695684
139270.KS,TIGER 200 금융,risk,domestic_equity_sector,0.2,0.0093994920388981,2020-11-27,v31_light_overlay_benchmark_exclude,tree,-0.006410270721725,0.03702790887280638,-0.04343817959453138,-0.001282054144345,-0.008687635918906277
091170.KS,KODEX 은행,risk,domestic_equity_sector,0.01428571428571429,-0.007207580548480884,2020-11-27,v31_light_overlay_benchmark_exclude,tree,-0.0197158825403948,0.03702790887280638,-0.05674379141320118,-0.00028165546486278294,-0.00081062559161716
148020.KS,RISE 200,risk,domestic_equity_index,0.2,-0.032977144462026854,2020-11-27,v31_light_overlay_benchmark_exclude,tree,0.0754613858420993,0.03702790887280638,0.03843347696929292,0.01509227716841986,0.007686695393858584
102110.KS,TIGER 200,risk,domestic_equity_index,0.2,-0.03312227160975806,2020-11-27,v31_light_overlay_benchmark_exclude,tree,0.0752946318895788,0.03702790887280638,0.03826672301677242,0.015058926377915761,0.007653344603354484
152100.KS,PLUS 200,risk,domestic_equity_index,0.02857142857142858,-0.03660335863766413,2020-11-27,v31_light_overlay_benchmark_exclude,tree,0.0743823090403039,0.03702790887280638,0.037354400167497526,0.0021252088297229695,0.0010672685762142154
133690.KS,TIGER 미국나스닥100,risk,overseas_equity_index,0.15714285714285714,-0.04100851238150036,2020-11-27,v31_light_overlay_benchmark_exclude,tree,0.0388596997095271,0.03702790887280638,0.0018317908367207203,0.006106524240068544,0.0002878528457703989
139260.KS,TIGER 200 IT,risk,domestic_equity_sector,0.2,1.1179364622795185,2020-12-18,v31_light_overlay_benchmark_exclude,rule,0.2114100568718804,0.06529446436336045,0.14611559250851994,0.04228201137437608,0.02922311850170399
139220.KS,TIGER 200 건설,risk,domestic_equity_sector,0.01428571428571429,1.0766639060174377,2020-12-18,v31_light_overlay_benchmark_exclude,rule,0.0821354274854031,0.06529446436336045,0.016840963122042654,0.0011733632497914733,0.00024058518745775228
105010.KS,TIGER 라틴35,risk,overseas_equity_index,0.2,0.9431958195764448,2020-12-18,v31_light_overlay_benchmark_exclude,rule,0.0051068114795367,0.06529446436336045,-0.06018765288382375,0.00102136229590734,-0.012037530576764752
133690.KS,TIGER 미국나스닥100,risk,overseas_equity_index,0.2,0.2807012635369025,2020-12-18,v31_light_overlay_benchmark_exclude,rule,0.0087710874698758,0.06529446436336045,-0.05652337689348465,0.00175421749397516,-0.01130467537869693
152100.KS,PLUS 200,risk,domestic_equity_index,0.2,0.080405955159272,2020-12-18,v31_light_overlay_benchmark_exclude,rule,0.120668664780329,0.06529446436336045,0.055374200416968555,0.0241337329560658,0.011074840083393711
148020.KS,RISE 200,risk,domestic_equity_index,0.18571428571428572,0.0724644279354159,2020-12-18,v31_light_overlay_benchmark_exclude,rule,0.1218234922237815,0.06529446436336045,0.05652902786042105,0.02262436284155942,0.010498248031221052
091180.KS,KODEX 자동차,risk,domestic_equity_sector,0.2,1.3226571635565496,2021-01-29,v31_light_overlay_benchmark_exclude,rule,-0.0206208312328306,0.009399289163654765,-0.030020120396485366,-0.00412416624656612,-0.006004024079297073
139250.KS,TIGER 200 에너지화학,risk,domestic_equity_sector,0.01428571428571429,0.9969571640603094,2021-01-29,v31_light_overlay_benchmark_exclude,rule,-0.0363332410848143,0.009399289163654765,-0.04573253024846906,-0.000519046301211633,-0.0006533218606924153
148020.KS,RISE 200,risk,domestic_equity_index,0.2,0.1783100105627069,2021-01-29,v31_light_overlay_benchmark_exclude,rule,0.0096732139066475,0.009399289163654765,0.0002739247429927351,0.0019346427813295,5.478494859854702e-05
101280.KS,KODEX 일본TOPIX100,risk,overseas_equity_index,0.2,0.1755330724839691,2021-01-29,v31_light_overlay_benchmark_exclude,rule,0.028877448277369,0.009399289163654765,0.019478159113714234,0.0057754896554738,0.003895631822742847
105010.KS,TIGER 라틴35,risk,overseas_equity_index,0.2,0.1203410440135186,2021-01-29,v31_light_overlay_benchmark_exclude,rule,-0.0195124162992779,0.009399289163654765,-0.028911705462932664,-0.0039024832598555798,-0.005782341092586533
069500.KS,KODEX 200,risk,domestic_equity_index,0.18571428571428572,-0.0901931638974764,2021-01-29,v31_light_overlay_benchmark_exclude,rule,0.0141035357661023,0.009399289163654765,0.004704246602447535,0.00261922807084757,0.0008736457975973994
101280.KS,KODEX 일본TOPIX100,risk,overseas_equity_index,0.2,0.796928978053562,2021-02-26,v31_light_overlay_benchmark_exclude,rule,0.0245979113371916,0.0032807838921539443,0.021317127445037658,0.00491958226743832,0.004263425489007532
139240.KS,TIGER 200 철강소재,risk,domestic_equity_sector,0.2,0.6618214518068811,2021-02-26,v31_light_overlay_benchmark_exclude,rule,0.0883661138747669,0.0032807838921539443,0.08508532998261295,0.017673222774953378,0.01701706599652259
139260.KS,TIGER 200 IT,risk,domestic_equity_sector,0.01428571428571429,0.660285113867587,2021-02-26,v31_light_overlay_benchmark_exclude,rule,-0.0340432776482245,0.0032807838921539443,-0.03732406154037844,-0.0004863325378317787,-0.0005332008791482637
152100.KS,PLUS 200,risk,domestic_equity_index,0.2,0.3197592848692148,2021-02-26,v31_light_overlay_benchmark_exclude,rule,0.0069038460916379,0.0032807838921539443,0.003623062199483956,0.0013807692183275802,0.0007246124398967912
069500.KS,KODEX 200,risk,domestic_equity_index,0.2,0.2143533821860236,2021-02-26,v31_light_overlay_benchmark_exclude,rule,0.0047954721704124,0.0032807838921539443,0.0015146882782584555,0.00095909443408248,0.0003029376556516911
102110.KS,TIGER 200,risk,domestic_equity_index,0.02857142857142858,0.2098350277688195,2021-02-26,v31_light_overlay_benchmark_exclude,rule,0.0056571761993347,0.0032807838921539443,0.0023763923071807554,0.0001616336056952772,6.789692306230732e-05
133690.KS,TIGER 미국나스닥100,risk,overseas_equity_index,0.15714285714285714,-0.3433479365226655,2021-02-26,v31_light_overlay_benchmark_exclude,rule,0.0165007431377908,0.0032807838921539443,0.013219959245636858,0.00259297392165284,0.002077422167171506
139220.KS,TIGER 200 건설,risk,domestic_equity_sector,0.2,0.1531802031010028,2021-03-26,v31_light_overlay_benchmark_exclude,tree,0.1017241337437089,0.027964333423107016,0.07375980032060188,0.02034482674874178,0.014751960064120377
091170.KS,KODEX 은행,risk,domestic_equity_sector,0.01428571428571429,0.02471872915393879,2021-03-26,v31_light_overlay_benchmark_exclude,tree,0.0354608695622373,0.027964333423107016,0.007496536139130282,0.0005065838508891044,0.00010709337341614692
105010.KS,TIGER 라틴35,risk,overseas_equity_index,0.2,0.006258593099537364,2021-03-26,v31_light_overlay_benchmark_exclude,tree,0.0688524712909455,0.027964333423107016,0.04088813786783849,0.013770494258189101,0.008177627573567698
156080.KS,KODEX MSCI Korea,risk,domestic_equity_index,0.2,-0.013731434531910797,2021-03-26,v31_light_overlay_benchmark_exclude,tree,0.0401312190191538,0.027964333423107016,0.012166885596046784,0.00802624380383076,0.002433377119209357
069500.KS,KODEX 200,risk,domestic_equity_index,0.2,-0.022486025475188534,2021-03-26,v31_light_overlay_benchmark_exclude,tree,0.0362725858386023,0.027964333423107016,0.008308252415495286,0.007254517167720461,0.0016616504830990573
152100.KS,PLUS 200,risk,domestic_equity_index,0.02857142857142858,-0.024708125920927165,2021-03-26,v31_light_overlay_benchmark_exclude,tree,0.0366472629819356,0.027964333423107016,0.008682929558828587,0.0010470646566267318,0.0002480837016808168
101280.KS,KODEX 일본TOPIX100,risk,overseas_equity_index,0.15714285714285714,-0.025924807007769394,2021-03-26,v31_light_overlay_benchmark_exclude,tree,-0.0200061177599265,0.027964333423107016,-0.047970451183033516,-0.003143818505131307,-0.007538213757333838
139230.KS,TIGER 200 중공업,risk,domestic_equity_sector,0.2,0.07817482810559799,2021-04-30,v31_light_overlay_benchmark_exclude,tree,0.008379867260273,0.014128107560342322,-0.005748240300069322,0.0016759734520546002,-0.0011496480600138644
139240.KS,TIGER 200 철강소재,risk,domestic_equity_sector,0.01428571428571429,0.058955614486465927,2021-04-30,v31_light_overlay_benchmark_exclude,tree,-0.0141709473227259,0.014128107560342322,-0.02829905488306822,-0.00020244210461037006,-0.0004042722126152604
133690.KS,TIGER 미국나스닥100,risk,overseas_equity_index,0.2,-0.00103343579816117,2021-04-30,v31_light_overlay_benchmark_exclude,tree,-0.0148458788788709,0.014128107560342322,-0.02897398643921322,-0.0029691757757741803,-0.005794797287842645
105010.KS,TIGER 라틴35,risk,overseas_equity_index,0.2,-0.04722057822586535,2021-04-30,v31_light_overlay_benchmark_exclude,tree,0.0508979754472018,0.014128107560342322,0.03676986788685948,0.010179595089440361,0.007353973577371897
156080.KS,KODEX MSCI Korea,risk,domestic_equity_index,0.2,-0.0599793575620952,2021-04-30,v31_light_overlay_benchmark_exclude,tree,-0.001257691197854,0.014128107560342322,-0.015385798758196323,-0.0002515382395708,-0.0030771597516392646
148020.KS,RISE 200,risk,domestic_equity_index,0.18571428571428572,-0.06453352923742103,2021-04-30,v31_light_overlay_benchmark_exclude,tree,0.0079167253034517,0.014128107560342322,-0.006211382256890621,0.0014702489849267445,-0.0011535424191368296
147970.KS,TIGER 모멘텀,risk,domestic_equity_sector,0.2,1.1515323048346269,2021-05-28,v31_light_overlay_benchmark_exclude,rule,0.0409577223131762,0.02260829092638004,0.018349431386796164,0.008191544462635241,0.003669886277359233
139220.KS,TIGER 200 건설,risk,domestic_equity_sector,0.01428571428571429,1.0571364224658266,2021-05-28,v31_light_overlay_benchmark_exclude,rule,0.0321102321867898,0.02260829092638004,0.009501941260409763,0.0004587176026684259,0.0001357420180058538
105010.KS,TIGER 라틴35,risk,overseas_equity_index,0.2,0.5534935016239239,2021-05-28,v31_light_overlay_benchmark_exclude,rule,0.1025642693900528,0.02260829092638004,0.07995597846367275,0.02051285387801056,0.01599119569273455
101280.KS,KODEX 일본TOPIX100,risk,overseas_equity_index,0.2,0.1331175642946751,2021-05-28,v31_light_overlay_benchmark_exclude,rule,0.0153556515794903,0.02260829092638004,-0.007252639346889739,0.00307113031589806,-0.001450527869377948
148020.KS,RISE 200,risk,domestic_equity_index,0.2,0.0746517376869535,2021-05-28,v31_light_overlay_benchmark_exclude,rule,0.0321220123581358,0.02260829092638004,0.009513721431755759,0.00642440247162716,0.0019027442863511518
152100.KS,PLUS 200,risk,domestic_equity_index,0.18571428571428572,0.0621895620734368,2021-05-28,v31_light_overlay_benchmark_exclude,rule,0.0318641163656354,0.02260829092638004,0.009255825439255363,0.005917621610760861,0.0017189390101474246
161510.KS,PLUS 고배당주,risk,domestic_equity_sector,0.2,0.1818649327991003,2021-06-25,v31_light_overlay_benchmark_exclude,tree,-0.0164705188619339,-0.006137868580259918,-0.010332650281673982,-0.00329410377238678,-0.0020665300563347962
133690.KS,TIGER 미국나스닥100,risk,overseas_equity_index,0.2,0.17988477787567744,2021-06-25,v31_light_overlay_benchmark_exclude,tree,0.0652443597142473,-0.006137868580259918,0.07138222829450722,0.013048871942849462,0.014276445658901444
102780.KS,KODEX 삼성그룹,risk,domestic_equity_sector,0.01428571428571429,0.1500019028127923,2021-06-25,v31_light_overlay_benchmark_exclude,tree,0.0204180741428363,-0.006137868580259918,0.026555942723096217,0.0002916867734690901,0.0003793706103299461
105010.KS,TIGER 라틴35,risk,overseas_equity_index,0.2,0.067106410500787,2021-06-25,v31_light_overlay_benchmark_exclude,tree,-0.0452196143677112,-0.006137868580259918,-0.039081745787451286,-0.00904392287354224,-0.007816349157490257
152100.KS,PLUS 200,risk,domestic_equity_index,0.2,0.020058348485809285,2021-06-25,v31_light_overlay_benchmark_exclude,tree,-0.0156654803135642,-0.006137868580259918,-0.009527611733304284,-0.0031330960627128403,-0.001905522346660857
102110.KS,TIGER 200,risk,domestic_equity_index,0.18571428571428572,0.011885226412502923,2021-06-25,v31_light_overlay_benchmark_exclude,tree,-0.0156873765375482,-0.006137868580259918,-0.009549507957288282,-0.002913369928401809,-0.0017734800492106811
147970.KS,TIGER 모멘텀,risk,domestic_equity_sector,0.2,0.08685787778312545,2021-07-30,v31_light_overlay_benchmark_exclude,tree,-0.0289297960672063,-0.008627622788308954,-0.020302173278897346,-0.005785959213441261,-0.00406043465577947
148020.KS,RISE 200,risk,domestic_equity_index,0.2,0.07448696401769105,2021-07-30,v31_light_overlay_benchmark_exclude,tree,-0.0311688418856905,-0.008627622788308954,-0.022541219097381545,-0.0062337683771381,-0.004508243819476309
152100.KS,PLUS 200,risk,domestic_equity_index,0.2,0.06179618260166106,2021-07-30,v31_light_overlay_benchmark_exclude,tree,-0.0279621861471621,-0.008627622788308954,-0.019334563358853144,-0.00559243722943242,-0.003866912671770629
102110.KS,TIGER 200,risk,domestic_equity_index,0.02857142857142858,0.05737561122131772,2021-07-30,v31_light_overlay_benchmark_exclude,tree,-0.0327134035930559,-0.008627622788308954,-0.024085780804746944,-0.0009346686740873117,-0.0006881651658499129
139260.KS,TIGER 200 IT,risk,domestic_equity_sector,0.01428571428571429,0.026014159567861052,2021-07-30,v31_light_overlay_benchmark_exclude,tree,-0.0486038191572014,-0.008627622788308954,-0.03997619636889244,-0.0006943402736743059,-0.0005710885195556065
133690.KS,TIGER 미국나스닥100,risk,overseas_equity_index,0.2,-0.03309795775388588,2021-07-30,v31_light_overlay_benchmark_exclude,tree,0.0493666106193828,-0.008627622788308954,0.057994233407691755,0.00987332212387656,0.011598846681538351
105010.KS,TIGER 라틴35,risk,overseas_equity_index,0.15714285714285703,-0.04845421668454384,2021-07-30,v31_light_overlay_benchmark_exclude,tree,-0.0353866476142062,-0.008627622788308954,-0.026759024825897246,-0.005560758910803827,-0.004204989615498135
133690.KS,TIGER 미국나스닥100,risk,overseas_equity_index,0.2,1.1498217250148612,2021-08-27,v31_light_overlay_benchmark_exclude,rule,0.0031113600216845,0.0028157635501354873,0.0002955964715490129,0.0006222720043369001,5.9119294309802584e-05
091170.KS,KODEX 은행,risk,domestic_equity_sector,0.2,1.022790652495955,2021-08-27,v31_light_overlay_benchmark_exclude,rule,-0.019192390351996,0.0028157635501354873,-0.022008153902131487,-0.0038384780703991997,-0.0044016307804262975
139270.KS,TIGER 200 금융,risk,domestic_equity_sector,0.01428571428571429,0.9392327089707324,2021-08-27,v31_light_overlay_benchmark_exclude,rule,-0.0174216955929098,0.0028157635501354873,-0.020237459143045287,-0.0002488813656129972,-0.00028910655918636135
152100.KS,PLUS 200,risk,domestic_equity_index,0.2,0.2560251117947784,2021-08-27,v31_light_overlay_benchmark_exclude,rule,-0.0039553441296216,0.0028157635501354873,-0.006771107679757088,-0.0007910688259243201,-0.0013542215359514176
156080.KS,KODEX MSCI Korea,risk,domestic_equity_index,0.2,0.0226949050107334,2021-08-27,v31_light_overlay_benchmark_exclude,rule,-0.000523413363794,0.0028157635501354873,-0.0033391769139294873,-0.00010468267275880002,-0.0006678353827858975
148020.KS,RISE 200,risk,domestic_equity_index,0.02857142857142858,-0.0601329701060176,2021-08-27,v31_light_overlay_benchmark_exclude,rule,-0.0030352284268809,0.0028157635501354873,-0.005850991977016388,-8.672081219659718e-05,-0.00016717119934332543
105010.KS,TIGER 라틴35,risk,overseas_equity_index,0.15714285714285714,-0.214395669669632,2021-08-27,v31_light_overlay_benchmark_exclude,rule,-0.0557065144169568,0.0028157635501354873,-0.058522277967092286,-0.008753880836950355,-0.00919635796625736
139250.KS,TIGER 200 에너지화학,risk,domestic_equity_sector,0.2,1.75525354887422,2021-09-24,v31_light_overlay_benchmark_exclude,rule,-0.0239148675476221,-0.01482488650413793,-0.00908998104348417,-0.00478297350952442,-0.001817996208696834
101280.KS,KODEX 일본TOPIX100,risk,overseas_equity_index,0.2,0.9975352674817896,2021-09-24,v31_light_overlay_benchmark_exclude,rule,-0.0581789407392716,-0.01482488650413793,-0.04335405423513367,-0.01163578814785432,-0.008670810847026734
139240.KS,TIGER 200 철강소재,risk,domestic_equity_sector,0.01428571428571429,0.63472043826289,2021-09-24,v31_light_overlay_benchmark_exclude,rule,-0.0426182307561291,-0.01482488650413793,-0.02779334425199117,-0.0006088318679447016,-0.0003970477750284454
133690.KS,TIGER 미국나스닥100,risk,overseas_equity_index,0.2,0.2525939692633677,2021-09-24,v31_light_overlay_benchmark_exclude,rule,0.0094294074485137,-0.01482488650413793,0.024254293952651627,0.00188588148970274,0.004850858790530326
152100.KS,PLUS 200,risk,domestic_equity_index,0.2,0.0416417405588516,2021-09-24,v31_light_overlay_benchmark_exclude,rule,-0.0373046680766488,-0.01482488650413793,-0.02247978157251087,-0.00746093361532976,-0.004495956314502174
148020.KS,RISE 200,risk,domestic_equity_index,0.18571428571428572,0.0272682429973718,2021-09-24,v31_light_overlay_benchmark_exclude,rule,-0.0370189353870537,-0.01482488650413793,-0.02219404888291577,-0.006874945143309973,-0.004121751935398643
133690.KS,TIGER 미국나스닥100,risk,overseas_equity_index,0.2,0.24796767647954324,2021-10-29,v31_light_overlay_benchmark_exclude,tree,0.0628738334774756,-0.0021387038034680426,0.06501253728094365,0.012574766695495121,0.01300250745618873
091170.KS,KODEX 은행,risk,domestic_equity_sector,0.2,0.16630541950147465,2021-10-29,v31_light_overlay_benchmark_exclude,tree,-0.0249181266687372,-0.0021387038034680426,-0.022779422865269155,-0.0049836253337474405,-0.0045558845730538314
101280.KS,KODEX 일본TOPIX100,risk,overseas_equity_index,0.2,0.026392775180287556,2021-10-29,v31_light_overlay_benchmark_exclude,tree,0.0291028706993097,-0.0021387038034680426,0.031241574502777744,0.00582057413986194,0.006248314900555549
102780.KS,KODEX 삼성그룹,risk,domestic_equity_sector,0.01428571428571429,0.0161997268383397,2021-10-29,v31_light_overlay_benchmark_exclude,tree,-0.0183860983913615,-0.0021387038034680426,-0.016247394587893454,-0.0002626585484480215,-0.00023210563696990656
148020.KS,RISE 200,risk,domestic_equity_index,0.2,0.015732809081413123,2021-10-29,v31_light_overlay_benchmark_exclude,tree,-0.0083440248975484,-0.0021387038034680426,-0.006205321094080358,-0.0016688049795096803,-0.0012410642188160717
069500.KS,KODEX 200,risk,domestic_equity_index,0.18571428571428572,-0.0009482024390046907,2021-10-29,v31_light_overlay_benchmark_exclude,tree,-0.0081134032906342,-0.0021387038034680426,-0.005974699487166158,-0.0015067748968320659,-0.0011095870476165723
091160.KS,KODEX 반도체,risk,domestic_equity_sector,0.2,1.430768433494705,2021-11-26,v31_light_overlay_benchmark_exclude,rule,0.0811564460578939,0.018924607295201606,0.062231838762692296,0.01623128921157878,0.01244636775253846
133690.KS,TIGER 미국나스닥100,risk,overseas_equity_index,0.2,1.2743833387427137,2021-11-26,v31_light_overlay_benchmark_exclude,rule,-0.0053986897124421,0.018924607295201606,-0.024323297007643706,-0.00107973794248842,-0.004864659401528741
091170.KS,KODEX 은행,risk,domestic_equity_sector,0.01428571428571429,0.8316663369421103,2021-11-26,v31_light_overlay_benchmark_exclude,rule,0.0174851428287721,0.018924607295201606,-0.001439464466429504,0.0002497877546967444,-2.0563778091850065e-05
156080.KS,KODEX MSCI Korea,risk,domestic_equity_index,0.2,0.6579070951811338,2021-11-26,v31_light_overlay_benchmark_exclude,rule,0.0446727001835607,0.018924607295201606,0.02574809288835909,0.00893454003671214,0.005149618577671818
101280.KS,KODEX 일본TOPIX100,risk,overseas_equity_index,0.2,0.0536944902534718,2021-11-26,v31_light_overlay_benchmark_exclude,rule,-0.0049562365259845,0.018924607295201606,-0.023880843821186104,-0.0009912473051969,-0.004776168764237221
148020.KS,RISE 200,risk,domestic_equity_index,0.18571428571428572,-0.2532894565213342,2021-11-26,v31_light_overlay_benchmark_exclude,rule,0.0415531897744922,0.018924607295201606,0.02262858247929059,0.00771702095811998,0.004202451031868253
091170.KS,KODEX 은행,risk,domestic_equity_sector,0.2,0.18774094186713397,2021-12-24,v31_light_overlay_benchmark_exclude,tree,0.0277592706722955,-0.02123281981740725,0.04899209048970275,0.0055518541344591,0.009798418097940551
133690.KS,TIGER 미국나스닥100,risk,overseas_equity_index,0.2,0.048988431747156926,2021-12-24,v31_light_overlay_benchmark_exclude,tree,-0.091696437617601,-0.02123281981740725,-0.07046361780019375,-0.018339287523520202,-0.014092723560038751
102780.KS,KODEX 삼성그룹,risk,domestic_equity_sector,0.01428571428571429,-0.006274062728267886,2021-12-24,v31_light_overlay_benchmark_exclude,tree,-0.0221997887534691,-0.02123281981740725,-0.0009669689360618516,-0.00031713983933527297,-1.3813841943740742e-05
168580.KS,ACE 중국본토CSI300,risk,overseas_equity_index,0.2,-0.01414027063472495,2021-12-24,v31_light_overlay_benchmark_exclude,tree,-0.0264890492722967,-0.02123281981740725,-0.00525622945488945,-0.005297809854459341,-0.0010512458909778901
148020.KS,RISE 200,risk,domestic_equity_index,0.2,-0.06935849756527787,2021-12-24,v31_light_overlay_benchmark_exclude,tree,-0.0505839681898233,-0.02123281981740725,-0.029351148372416053,-0.010116793637964661,-0.005870229674483211
102110.KS,TIGER 200,risk,domestic_equity_index,0.18571428571428572,-0.07018904262547243,2021-12-24,v31_light_overlay_benchmark_exclude,tree,-0.0509465863634813,-0.02123281981740725,-0.029713766546074053,-0.0094615088960751,-0.005518270929985181
091170.KS,KODEX 은행,risk,domestic_equity_sector,0.2,0.09670427945783205,2022-01-28,v31_light_overlay_benchmark_exclude,tree,0.0315172117507502,0.0003638584652556024,0.0311533532854946,0.00630344235015004,0.00623067065709892
133690.KS,TIGER 미국나스닥100,risk,overseas_equity_index,0.2,0.09197199918540636,2022-01-28,v31_light_overlay_benchmark_exclude,tree,-0.0252974631073656,0.0003638584652556024,-0.025661321572621205,-0.005059492621473121,-0.005132264314524241
139270.KS,TIGER 200 금융,risk,domestic_equity_sector,0.01428571428571429,0.02697503819091368,2022-01-28,v31_light_overlay_benchmark_exclude,tree,0.0204370140841931,0.0003638584652556024,0.020073155618937497,0.0002919573440599015,0.0002867593659848215
069500.KS,KODEX 200,risk,domestic_equity_index,0.2,-0.0744606453605546,2022-01-28,v31_light_overlay_benchmark_exclude,tree,0.0022065972021629,0.0003638584652556024,0.0018427387369072976,0.00044131944043258,0.00036854774738145956
105010.KS,TIGER 라틴35,risk,overseas_equity_index,0.2,-0.07457938863562946,2022-01-28,v31_light_overlay_benchmark_exclude,tree,0.0261248069539112,0.0003638584652556024,0.025760948488655597,0.00522496139078224,0.00515218969773112
152100.KS,PLUS 200,risk,domestic_equity_index,0.18571428571428572,-0.18396388974492717,2022-01-28,v31_light_overlay_benchmark_exclude,tree,0.0016207708465838,0.0003638584652556024,0.0012569123813281975,0.00030100030007984855,0.00023342658510380813
105010.KS,TIGER 라틴35,risk,overseas_equity_index,0.2,0.06883206534524214,2022-02-25,v31_light_overlay_benchmark_exclude,tree,0.1527582276446026,0.012669824700406682,0.14008840294419592,0.03055164552892052,0.028017680588839185
091170.KS,KODEX 은행,risk,domestic_equity_sector,0.2,0.06150328009285762,2022-02-25,v31_light_overlay_benchmark_exclude,tree,0.029917098181716,0.012669824700406682,0.01724727348130932,0.005983419636343201,0.003449454696261864
139270.KS,TIGER 200 금융,risk,domestic_equity_sector,0.01428571428571429,0.03585104246064931,2022-02-25,v31_light_overlay_benchmark_exclude,tree,0.0303867507719519,0.012669824700406682,0.017716926071545215,0.000434096439599313,0.00025309894387921746
156080.KS,KODEX MSCI Korea,risk,domestic_equity_index,0.2,0.007425327383657218,2022-02-25,v31_light_overlay_benchmark_exclude,tree,0.0047101244347413,0.012669824700406682,-0.007959700265665382,0.00094202488694826,-0.0015919400531330765
069500.KS,KODEX 200,risk,domestic_equity_index,0.2,-0.007139220261560661,2022-02-25,v31_light_overlay_benchmark_exclude,tree,0.0079826561892319,0.012669824700406682,-0.0046871685111747816,0.0015965312378463802,-0.0009374337022349564
102110.KS,TIGER 200,risk,domestic_equity_index,0.02857142857142858,-0.016464832478547964,2022-02-25,v31_light_overlay_benchmark_exclude,tree,0.0077017061053206,0.012669824700406682,-0.004968118595086082,0.00022004874586630294,-0.0001419462455738881
133690.KS,TIGER 미국나스닥100,risk,overseas_equity_index,0.15714285714285714,-0.0189800004193396,2022-02-25,v31_light_overlay_benchmark_exclude,tree,0.0827579014074482,0.012669824700406682,0.07008807670704151,0.013004813078313287,0.011013840625392237
091170.KS,KODEX 은행,risk,domestic_equity_sector,0.2,0.12764593244745193,2022-03-25,v31_light_overlay_benchmark_exclude,tree,0.0111246740556281,-0.013938525440930254,0.025063199496558355,0.0022249348111256203,0.005012639899311671
139270.KS,TIGER 200 금융,risk,domestic_equity_sector,0.01428571428571429,0.08701448747408927,2022-03-25,v31_light_overlay_benchmark_exclude,tree,0.0174262866793741,-0.013938525440930254,0.031364812120304356,0.0002489469525624872,0.00044806874457577667
105010.KS,TIGER 라틴35,risk,overseas_equity_index,0.2,0.03704106869696364,2022-03-25,v31_light_overlay_benchmark_exclude,tree,-0.0220858781798919,-0.013938525440930254,-0.008147352738961645,-0.00441717563597838,-0.0016294705477923291
156080.KS,KODEX MSCI Korea,risk,domestic_equity_index,0.2,-0.014728224997212738,2022-03-25,v31_light_overlay_benchmark_exclude,tree,-0.0172867678144865,-0.013938525440930254,-0.0033482423735562462,-0.0034573535628973,-0.0006696484747112493
069500.KS,KODEX 200,risk,domestic_equity_index,0.2,-0.025622198380330457,2022-03-25,v31_light_overlay_benchmark_exclude,tree,-0.0173403213267897,-0.013938525440930254,-0.003401795885859444,-0.00346806426535794,-0.0006803591771718889
152100.KS,PLUS 200,risk,domestic_equity_index,0.02857142857142858,-0.030483598596009083,2022-03-25,v31_light_overlay_benchmark_exclude,tree,-0.0165820022665357,-0.013938525440930254,-0.0026434768256054474,-0.00047377149332959164,-7.55279093030128e-05
133690.KS,TIGER 미국나스닥100,risk,overseas_equity_index,0.15714285714285714,-0.09399190148593971,2022-03-25,v31_light_overlay_benchmark_exclude,tree,-0.0562403360124957,-0.013938525440930254,-0.04230181057156544,-0.008837767087677896,-0.0066474273755317125
174350.KS,TIGER 로우볼,risk,domestic_equity_sector,0.2,0.1461429996341992,2022-04-29,v31_light_overlay_benchmark_exclude,tree,-0.003282784739694,-0.011052468293662123,0.007769683553968123,-0.0006565569479388,0.0015539367107936248
139240.KS,TIGER 200 철강소재,risk,domestic_equity_sector,0.01428571428571429,0.08291865124573805,2022-04-29,v31_light_overlay_benchmark_exclude,tree,-0.0568983092066015,-0.011052468293662123,-0.045845840912939376,-0.000812832988665736,-0.0006549405844705627
069500.KS,KODEX 200,risk,domestic_equity_index,0.2,-0.0013791867876954272,2022-04-29,v31_light_overlay_benchmark_exclude,tree,-0.018727381383028,-0.011052468293662123,-0.007674913089365876,-0.0037454762766056,-0.0015349826178731752
148020.KS,RISE 200,risk,domestic_equity_index,0.2,-0.019756961135749505,2022-04-29,v31_light_overlay_benchmark_exclude,tree,-0.0209554786655236,-0.011052468293662123,-0.009903010371861478,-0.004191095733104721,-0.001980602074372296
105010.KS,TIGER 라틴35,risk,overseas_equity_index,0.2,-0.03518907954367134,2022-04-29,v31_light_overlay_benchmark_exclude,tree,0.0730771048458334,-0.011052468293662123,0.08412957313949551,0.01461542096916668,0.0168259146278991
156080.KS,KODEX MSCI Korea,risk,domestic_equity_index,0.02857142857142858,-0.04986973295245142,2022-04-29,v31_light_overlay_benchmark_exclude,tree,-0.0166112001011476,-0.011052468293662123,-0.005558731807485477,-0.00047460571717564587,-0.0001588209087852994
101280.KS,KODEX 일본TOPIX100,risk,overseas_equity_index,0.15714285714285714,-0.06921853810638683,2022-04-29,v31_light_overlay_benchmark_exclude,tree,0.0070445747452592,-0.011052468293662123,0.018097043038921325,0.0011070046028264456,0.002843821048973351
147970.KS,TIGER 모멘텀,risk,domestic_equity_sector,0.2,1.7945923654227802,2022-05-27,v31_light_overlay_benchmark_exclude,rule,-0.1198296866903396,-0.03895812634052842,-0.08087156034981118,-0.02396593733806792,-0.016174312069962237
139250.KS,TIGER 200 에너지화학,risk,domestic_equity_sector,0.01428571428571429,0.8744723951981618,2022-05-27,v31_light_overlay_benchmark_exclude,rule,-0.0676584003631272,-0.03895812634052842,-0.028700274022598782,-0.0009665485766161032,-0.0004100039146085542
105010.KS,TIGER 라틴35,risk,overseas_equity_index,0.2,0.8482392673629364,2022-05-27,v31_light_overlay_benchmark_exclude,rule,-0.145758580037052,-0.03895812634052842,-0.10680045369652358,-0.0291517160074104,-0.021360090739304716
101280.KS,KODEX 일본TOPIX100,risk,overseas_equity_index,0.2,0.5768809249167949,2022-05-27,v31_light_overlay_benchmark_exclude,rule,-0.0406994497872696,-0.03895812634052842,-0.0017413234467411817,-0.00813988995745392,-0.00034826468934823636
152100.KS,PLUS 200,risk,domestic_equity_index,0.2,-0.2785496349746803,2022-05-27,v31_light_overlay_benchmark_exclude,rule,-0.1023866903358622,-0.03895812634052842,-0.06342856399533378,-0.020477338067172442,-0.012685712799066757
102110.KS,TIGER 200,risk,domestic_equity_index,0.18571428571428572,-0.3028288577655992,2022-05-27,v31_light_overlay_benchmark_exclude,rule,-0.1022628535647831,-0.03895812634052842,-0.06330472722425468,-0.01899167280488829,-0.011756592198790154
192090.KS,TIGER 차이나CSI300,risk,overseas_equity_index,0.2,0.08838454461960232,2022-06-24,v31_light_overlay_benchmark_exclude,tree,-0.030803643015172,0.005110685968538206,-0.035914328983710206,-0.006160728603034401,-0.007182865796742041
168580.KS,ACE 중국본토CSI300,risk,overseas_equity_index,0.2,0.0842219699604504,2022-06-24,v31_light_overlay_benchmark_exclude,tree,-0.03332790829704,0.005110685968538206,-0.038438594265578205,-0.006665581659408001,-0.007687718853115641
105010.KS,TIGER 라틴35,risk,overseas_equity_index,0.02857142857142858,0.07353134195432191,2022-06-24,v31_light_overlay_benchmark_exclude,tree,-0.0363637911481403,0.005110685968538206,-0.0414744771166785,-0.0010389654613754374,-0.0011849850604765291
148020.KS,RISE 200,risk,domestic_equity_index,0.2,0.020618532328949595,2022-06-24,v31_light_overlay_benchmark_exclude,tree,0.0200926199963991,0.005110685968538206,0.014981934027860896,0.004018523999279821,0.0029963868055721795
152100.KS,PLUS 200,risk,domestic_equity_index,0.2,-0.008096097445453003,2022-06-24,v31_light_overlay_benchmark_exclude,tree,0.0168345116471253,0.005110685968538206,0.011723825678587096,0.0033669023294250603,0.0023447651357174195
102110.KS,TIGER 200,risk,domestic_equity_index,0.02857142857142858,-0.00815773818945043,2022-06-24,v31_light_overlay_benchmark_exclude,tree,0.0189851868735688,0.005110685968538206,0.013874500905030594,0.0005424339106733944,0.0003964143115723028
139260.KS,TIGER 200 IT,risk,domestic_equity_sector,0.1428571428571429,-0.018762328366749924,2022-06-24,v31_light_overlay_benchmark_exclude,tree,0.0388120121371693,0.005110685968538206,0.03370132616863109,0.005544573162452758,0.0048144751669473
139290.KS,TIGER 200 경기소비재,risk,domestic_equity_sector,0.2,0.051641108196401275,2022-07-29,v31_light_overlay_benchmark_exclude,tree,-0.0187064162993487,0.01263945270200553,-0.03134586900135423,-0.00374128325986974,-0.0062691738002708455
091180.KS,KODEX 자동차,risk,domestic_equity_sector,0.01428571428571429,0.04706967751151063,2022-07-29,v31_light_overlay_benchmark_exclude,tree,-0.0182541686638998,0.01263945270200553,-0.03089362136590533,-0.00026077383805571153,-0.000441337448084362
133690.KS,TIGER 미국나스닥100,risk,overseas_equity_index,0.2,0.04186512961144107,2022-07-29,v31_light_overlay_benchmark_exclude,tree,0.0422618344689926,0.01263945270200553,0.029622381766987067,0.00845236689379852,0.0059244763533974135
101280.KS,KODEX 일본TOPIX100,risk,overseas_equity_index,0.2,0.032040960500986496,2022-07-29,v31_light_overlay_benchmark_exclude,tree,0.0120100445049036,0.01263945270200553,-0.00062940819710193,0.0024020089009807203,-0.000125881639420386
105010.KS,TIGER 라틴35,risk,overseas_equity_index,0.02857142857142858,0.031830067641795544,2022-07-29,v31_light_overlay_benchmark_exclude,tree,0.101214516777,0.01263945270200553,0.08857506407499446,0.002891843336485715,0.002530716116428414
156080.KS,KODEX MSCI Korea,risk,domestic_equity_index,0.2,0.0071790655469499,2022-07-29,v31_light_overlay_benchmark_exclude,tree,0.0029479950007587,0.01263945270200553,-0.00969145770124683,0.0005895990001517401,-0.001938291540249366
152100.KS,PLUS 200,risk,domestic_equity_index,0.15714285714285703,0.0062478082079493605,2022-07-29,v31_light_overlay_benchmark_exclude,tree,-0.0012114119785635,0.01263945270200553,-0.013850864680569031,-0.00019036473948854987,-0.002176564449803703
139230.KS,TIGER 200 중공업,risk,domestic_equity_sector,0.2,0.09897853751641889,2022-08-26,v31_light_overlay_benchmark_exclude,tree,-0.1239193371639488,-0.03846286170835058,-0.08545647545559823,-0.024783867432789763,-0.017091295091119646
105010.KS,TIGER 라틴35,risk,overseas_equity_index,0.2,0.09846670258411276,2022-08-26,v31_light_overlay_benchmark_exclude,tree,0.031862887431564,-0.03846286170835058,0.07032574913991457,0.0063725774863128,0.014065149827982916
133690.KS,TIGER 미국나스닥100,risk,overseas_equity_index,0.2,0.03448259998842605,2022-08-26,v31_light_overlay_benchmark_exclude,tree,-0.0724489034188462,-0.03846286170835058,-0.03398604171049562,-0.014489780683769242,-0.006797208342099125
101280.KS,KODEX 일본TOPIX100,risk,overseas_equity_index,0.02857142857142858,0.012096000727862774,2022-08-26,v31_light_overlay_benchmark_exclude,tree,-0.0109306335328626,-0.03846286170835058,0.02753222817548798,-0.0003123038152246458,0.0007866350907282283
152100.KS,PLUS 200,risk,domestic_equity_index,0.2,0.0008822737201842519,2022-08-26,v31_light_overlay_benchmark_exclude,tree,-0.080806540082562,-0.03846286170835058,-0.042343678374211415,-0.0161613080165124,-0.008468735674842283
102780.KS,KODEX 삼성그룹,risk,domestic_equity_sector,0.01428571428571429,-0.0011310990417777878,2022-08-26,v31_light_overlay_benchmark_exclude,tree,-0.0465928541837847,-0.03846286170835058,-0.008129992475434118,-0.0006656122026254959,-0.00011614274964905887
148020.KS,RISE 200,risk,domestic_equity_index,0.15714285714285703,-0.024519746220203927,2022-08-26,v31_light_overlay_benchmark_exclude,tree,-0.0813882602929264,-0.03846286170835058,-0.042925398584575815,-0.012789583760316995,-0.006745419777576194
105010.KS,TIGER 라틴35,risk,overseas_equity_index,0.2,0.01751469112970612,2022-09-30,v31_light_overlay_benchmark_exclude,tree,0.0717884390857053,0.017178005163058556,0.054610433922646744,0.01435768781714106,0.010922086784529349
139260.KS,TIGER 200 IT,risk,domestic_equity_sector,0.2,0.003548220853212748,2022-09-30,v31_light_overlay_benchmark_exclude,tree,0.1054787648135799,0.017178005163058556,0.08830075965052134,0.021095752962715982,0.017660151930104267
101280.KS,KODEX 일본TOPIX100,risk,overseas_equity_index,0.2,-0.039421894221928315,2022-09-30,v31_light_overlay_benchmark_exclude,tree,0.033920912640404,0.017178005163058556,0.016742907477345442,0.0067841825280808,0.0033485814954690887
069500.KS,KODEX 200,risk,domestic_equity_index,0.2,-0.0651474559834539,2022-09-30,v31_light_overlay_benchmark_exclude,tree,0.0509023698439414,0.017178005163058556,0.03372436468088284,0.010180473968788281,0.006744872936176569
152100.KS,PLUS 200,risk,domestic_equity_index,0.19999999999999996,-0.07728489085566302,2022-09-30,v31_light_overlay_benchmark_exclude,tree,0.0484801319651975,0.017178005163058556,0.031302126802138945,0.009696026393039498,0.0062604253604277875
102780.KS,KODEX 삼성그룹,risk,domestic_equity_sector,0.2,0.1599451205242475,2022-10-28,v31_light_overlay_benchmark_exclude,tree,0.0280897367553643,0.029769748772612056,-0.0016800120172477569,0.00561794735107286,-0.0003360024034495514
105010.KS,TIGER 라틴35,risk,overseas_equity_index,0.2,0.1537569202685819,2022-10-28,v31_light_overlay_benchmark_exclude,tree,-0.0622796884922624,0.029769748772612056,-0.09204943726487445,-0.01245593769845248,-0.01840988745297489
101280.KS,KODEX 일본TOPIX100,risk,overseas_equity_index,0.2,0.08523235981508893,2022-10-28,v31_light_overlay_benchmark_exclude,tree,0.0418141427426701,0.029769748772612056,0.012044393970058041,0.00836282854853402,0.0024088787940116083
174350.KS,TIGER 로우볼,risk,domestic_equity_sector,0.01428571428571429,0.048263551153747294,2022-10-28,v31_light_overlay_benchmark_exclude,tree,0.0512821387334136,0.029769748772612056,0.021512389960801542,0.0007326019819059088,0.0003073198565828793
152100.KS,PLUS 200,risk,domestic_equity_index,0.2,0.030032677043572403,2022-10-28,v31_light_overlay_benchmark_exclude,tree,0.0712263782663531,0.029769748772612056,0.04145662949374104,0.01424527565327062,0.008291325898748208
148020.KS,RISE 200,risk,domestic_equity_index,0.18571428571428572,0.029669308994965275,2022-10-28,v31_light_overlay_benchmark_exclude,tree,0.0714527355717808,0.029769748772612056,0.04168298679916875,0.013269793749045007,0.007741126119845626
101280.KS,KODEX 일본TOPIX100,risk,overseas_equity_index,0.2,0.09702756300573853,2022-11-25,v31_light_overlay_benchmark_exclude,tree,-0.0518680357382224,-0.030568040713784224,-0.021299995024438176,-0.01037360714764448,-0.004259999004887635
102780.KS,KODEX 삼성그룹,risk,domestic_equity_sector,0.2,0.06198629052012257,2022-11-25,v31_light_overlay_benchmark_exclude,tree,-0.0551910860835916,-0.030568040713784224,-0.024623045369807375,-0.01103821721671832,-0.004924609073961476
156080.KS,KODEX MSCI Korea,risk,domestic_equity_index,0.2,0.021971333356693,2022-11-25,v31_light_overlay_benchmark_exclude,tree,-0.0514097135967032,-0.030568040713784224,-0.02084167288291898,-0.010281942719340641,-0.0041683345765837964
174350.KS,TIGER 로우볼,risk,domestic_equity_sector,0.01428571428571429,0.018708724607498936,2022-11-25,v31_light_overlay_benchmark_exclude,tree,0.0175439217396868,-0.030568040713784224,0.04811196245347102,0.0002506274534240972,0.0006873137493353005
069500.KS,KODEX 200,risk,domestic_equity_index,0.2,0.01600684554516551,2022-11-25,v31_light_overlay_benchmark_exclude,tree,-0.0441036433899129,-0.030568040713784224,-0.013535602676128675,-0.00882072867798258,-0.002707120535225735
152100.KS,PLUS 200,risk,domestic_equity_index,0.02857142857142858,0.013132120698311898,2022-11-25,v31_light_overlay_benchmark_exclude,tree,-0.0442753333349049,-0.030568040713784224,-0.013707292621120679,-0.0012650095238544263,-0.00039163693203201954
105010.KS,TIGER 라틴35,risk,overseas_equity_index,0.15714285714285714,-0.0034068189006134855,2022-11-25,v31_light_overlay_benchmark_exclude,tree,-0.0375939195714346,-0.030568040713784224,-0.007025878857650374,-0.0059076159326540085,-0.001104066677630773
139270.KS,TIGER 200 금융,risk,domestic_equity_sector,0.2,0.9677505989303062,2022-12-23,v31_light_overlay_benchmark_exclude,rule,0.1150159197948377,0.03904741816477194,0.07596850163006577,0.02300318395896754,0.015193700326013155
091170.KS,KODEX 은행,risk,domestic_equity_sector,0.01428571428571429,0.9631005672137062,2022-12-23,v31_light_overlay_benchmark_exclude,rule,0.1408450228640458,0.03904741816477194,0.10179760469927385,0.002012071755200655,0.0014542514957039125
101280.KS,KODEX 일본TOPIX100,risk,overseas_equity_index,0.2,0.4399960865433245,2022-12-23,v31_light_overlay_benchmark_exclude,rule,0.022468349710695,0.03904741816477194,-0.016579068454076938,0.004493669942139,-0.003315813690815388
069500.KS,KODEX 200,risk,domestic_equity_index,0.2,0.3794310811601517,2022-12-23,v31_light_overlay_benchmark_exclude,rule,0.0598644800904943,0.03904741816477194,0.020817061925722358,0.01197289601809886,0.004163412385144472
102110.KS,TIGER 200,risk,domestic_equity_index,0.2,0.3722711516704676,2022-12-23,v31_light_overlay_benchmark_exclude,rule,0.0607213027837585,0.03904741816477194,0.02167388461898656,0.0121442605567517,0.004334776923797312
105010.KS,TIGER 라틴35,risk,overseas_equity_index,0.18571428571428572,0.2490568888445022,2022-12-23,v31_light_overlay_benchmark_exclude,rule,0.0454008032019042,0.03904741816477194,0.006353385037132259,0.008431577737496494,0.0011799143640388481
091170.KS,KODEX 은행,risk,domestic_equity_sector,0.2,1.9136085103103329,2023-01-27,v31_light_overlay_benchmark_exclude,rule,-0.1105156459907736,-0.010662761559396165,-0.09985288443137744,-0.02210312919815472,-0.019970576886275487
139270.KS,TIGER 200 금융,risk,domestic_equity_sector,0.01428571428571429,1.2073590032738362,2023-01-27,v31_light_overlay_benchmark_exclude,rule,-0.0824524021288068,-0.010662761559396165,-0.07178964056941065,-0.0011778914589829549,-0.0010255662938487239
102110.KS,TIGER 200,risk,domestic_equity_index,0.2,0.3416012567783452,2023-01-27,v31_light_overlay_benchmark_exclude,rule,-0.0323844354686565,-0.010662761559396165,-0.021721673909260334,-0.0064768870937313,-0.004344334781852067
069500.KS,KODEX 200,risk,domestic_equity_index,0.2,0.328256567264707,2023-01-27,v31_light_overlay_benchmark_exclude,rule,-0.0326956523709154,-0.010662761559396165,-0.022032890811519237,-0.006539130474183081,-0.004406578162303848
148020.KS,RISE 200,risk,domestic_equity_index,0.02857142857142858,0.3131114973891281,2023-01-27,v31_light_overlay_benchmark_exclude,rule,-0.031769729471109,-0.010662761559396165,-0.021106967911712838,-0.0009077065563174003,-0.0006030562260489384
105010.KS,TIGER 라틴35,risk,overseas_equity_index,0.2,-0.0079292862008733,2023-01-27,v31_light_overlay_benchmark_exclude,rule,-0.0038460474006594,-0.010662761559396165,0.006816714158736765,-0.0007692094801318801,0.001363342831747353
133690.KS,TIGER 미국나스닥100,risk,overseas_equity_index,0.15714285714285703,-0.2286916228440836,2023-01-27,v31_light_overlay_benchmark_exclude,rule,0.0743579292582568,-0.010662761559396165,0.08502069081765296,0.011684817454868917,0.013360394271345454
139240.KS,TIGER 200 철강소재,risk,domestic_equity_sector,0.2,0.931091499288522,2023-02-24,v31_light_overlay_benchmark_exclude,rule,-0.0588894854550005,-0.00940174025761601,-0.04948774519738449,-0.0117778970910001,-0.0098975490394769
091160.KS,KODEX 반도체,risk,domestic_equity_sector,0.01428571428571429,0.8010809095570526,2023-02-24,v31_light_overlay_benchmark_exclude,rule,0.0452975929319259,-0.00940174025761601,0.05469933318954191,0.0006471084704560845,0.0007814190455648848
133690.KS,TIGER 미국나스닥100,risk,overseas_equity_index,0.2,0.4152515802388214,2023-02-24,v31_light_overlay_benchmark_exclude,rule,0.0399318026625168,-0.00940174025761601,0.04933354292013281,0.00798636053250336,0.009866708584026563
156080.KS,KODEX MSCI Korea,risk,domestic_equity_index,0.2,0.3871404884003653,2023-02-24,v31_light_overlay_benchmark_exclude,rule,-0.0055538964695772,-0.00940174025761601,0.0038478437880388105,-0.00111077929391544,0.0007695687576077621
148020.KS,RISE 200,risk,domestic_equity_index,0.2,0.1952919348176217,2023-02-24,v31_light_overlay_benchmark_exclude,rule,-0.0091317519285304,-0.00940174025761601,0.00026998832908561,-0.0018263503857060802,5.3997665817121995e-05
152100.KS,PLUS 200,risk,domestic_equity_index,0.02857142857142858,0.190885841022958,2023-02-24,v31_light_overlay_benchmark_exclude,rule,-0.0088508815953045,-0.00940174025761601,0.0005508586623115107,-0.0002528823312944144,1.5738818923186025e-05
105010.KS,TIGER 라틴35,risk,overseas_equity_index,0.15714285714285714,0.0133937191413038,2023-02-24,v31_light_overlay_benchmark_exclude,rule,-0.0836551034408541,-0.00940174025761601,-0.07425336318323808,-0.013145801969277072,-0.01166838564308027
091160.KS,KODEX 반도체,risk,domestic_equity_sector,0.2,2.0648273164238224,2023-03-31,v31_light_overlay_benchmark_exclude,rule,-0.048330908825643,0.013168570984260029,-0.06149947980990303,-0.0096661817651286,-0.012299895961980606
133690.KS,TIGER 미국나스닥100,risk,overseas_equity_index,0.2,1.371904470621491,2023-03-31,v31_light_overlay_benchmark_exclude,rule,0.0426306120540282,0.013168570984260029,0.029462041069768168,0.00852612241080564,0.005892408213953634
139260.KS,TIGER 200 IT,risk,domestic_equity_sector,0.01428571428571429,0.6940086614580979,2023-03-31,v31_light_overlay_benchmark_exclude,rule,-0.0160602783729852,0.013168570984260029,-0.029228849357245228,-0.0002294325481855029,-0.0004175549908177891
156080.KS,KODEX MSCI Korea,risk,domestic_equity_index,0.2,0.4252631069022733,2023-03-31,v31_light_overlay_benchmark_exclude,rule,0.0186976458011458,0.013168570984260029,0.005529074816885773,0.0037395291602291604,0.0011058149633771546
148020.KS,RISE 200,risk,domestic_equity_index,0.2,0.4095643423676469,2023-03-31,v31_light_overlay_benchmark_exclude,rule,0.0122302745148905,0.013168570984260029,-0.0009382964693695293,0.0024460549029781,-0.00018765929387390586
152100.KS,PLUS 200,risk,domestic_equity_index,0.02857142857142858,0.2798422219683847,2023-03-31,v31_light_overlay_benchmark_exclude,rule,0.0116404311310964,0.013168570984260029,-0.0015281398531636278,0.0003325837466027544,-4.366113866181795e-05
101280.KS,KODEX 일본TOPIX100,risk,overseas_equity_index,0.15714285714285714,0.0885414016869416,2023-03-31,v31_light_overlay_benchmark_exclude,rule,0.0522496993939851,0.013168570984260029,0.039081128409725066,0.008210667047626229,0.006141320178671082
147970.KS,TIGER 모멘텀,risk,domestic_equity_sector,0.2,0.06603640280258911,2023-04-28,v31_light_overlay_benchmark_exclude,tree,0.0008591104450859,0.008482199970215666,-0.007623089525129766,0.00017182208901718002,-0.0015246179050259533
133690.KS,TIGER 미국나스닥100,risk,overseas_equity_index,0.2,0.034096455121000686,2023-04-28,v31_light_overlay_benchmark_exclude,tree,0.050209990786072,0.008482199970215666,0.041727790815856335,0.010041998157214401,0.008345558163171268
105010.KS,TIGER 라틴35,risk,overseas_equity_index,0.2,0.024712399615674015,2023-04-28,v31_light_overlay_benchmark_exclude,tree,0.0129533068621312,0.008482199970215666,0.0044711068919155335,0.00259066137242624,0.0008942213783831067
139220.KS,TIGER 200 건설,risk,domestic_equity_sector,0.01428571428571429,0.02436378286181616,2023-04-28,v31_light_overlay_benchmark_exclude,tree,-0.0141955784436279,0.008482199970215666,-0.022677778413843566,-0.00020279397776611294,-0.0003239682630549082
101280.KS,KODEX 일본TOPIX100,risk,overseas_equity_index,0.02857142857142858,0.023863637322466342,2023-04-28,v31_light_overlay_benchmark_exclude,tree,0.0101951621521267,0.008482199970215666,0.001712962181911035,0.0002912903472036201,4.894177662602959e-05
102110.KS,TIGER 200,risk,domestic_equity_index,0.2,-0.0041710221088272,2023-04-28,v31_light_overlay_benchmark_exclude,tree,0.0348998007912757,0.008482199970215666,0.026417600821060032,0.00697996015825514,0.005283520164212007
069500.KS,KODEX 200,risk,domestic_equity_index,0.15714285714285703,-0.00452615918212937,2023-04-28,v31_light_overlay_benchmark_exclude,tree,0.0347891736396752,0.008482199970215666,0.026306973669459534,0.005466870143377527,0.004133953005200781
133690.KS,TIGER 미국나스닥100,risk,overseas_equity_index,0.2,0.09830400874013714,2023-05-26,v31_light_overlay_benchmark_exclude,tree,0.0583530785720876,0.008228592567334813,0.05012448600475279,0.01167061571441752,0.01002489720095056
139260.KS,TIGER 200 IT,risk,domestic_equity_sector,0.2,0.07688651670445786,2023-05-26,v31_light_overlay_benchmark_exclude,tree,0.0202746541925773,0.008228592567334813,0.012046061625242488,0.00405493083851546,0.0024092123250484977
091180.KS,KODEX 자동차,risk,domestic_equity_sector,0.01428571428571429,0.045033667215169396,2023-05-26,v31_light_overlay_benchmark_exclude,tree,-0.0265790791316001,0.008228592567334813,-0.034807671698934915,-0.0003797011304514301,-0.0004972524528419275
148020.KS,RISE 200,risk,domestic_equity_index,0.2,0.03706508641735756,2023-05-26,v31_light_overlay_benchmark_exclude,tree,0.0039723931670854,0.008228592567334813,-0.004256199400249413,0.00079447863341708,-0.0008512398800498826
069500.KS,KODEX 200,risk,domestic_equity_index,0.2,0.028321795293451475,2023-05-26,v31_light_overlay_benchmark_exclude,tree,0.0039987534292442,0.008228592567334813,-0.004229839138090613,0.0007997506858488401,-0.0008459678276181226
105010.KS,TIGER 라틴35,risk,overseas_equity_index,0.18571428571428572,0.023677696736522036,2023-05-26,v31_light_overlay_benchmark_exclude,tree,0.0971867775664787,0.008228592567334813,0.08895818499914389,0.018048972976631758,0.016520805785555294
091180.KS,KODEX 자동차,risk,domestic_equity_sector,0.2,0.22277297430018078,2023-06-30,v31_light_overlay_benchmark_exclude,tree,-0.0271318725412373,0.010693130623928503,-0.0378250031651658,-0.00542637450824746,-0.00756500063303316
139260.KS,TIGER 200 IT,risk,domestic_equity_sector,0.01428571428571429,0.1586613010927998,2023-06-30,v31_light_overlay_benchmark_exclude,tree,-0.0051630624375788,0.010693130623928503,-0.015856193061507304,-7.375803482255431e-05,-0.0002265170437358187
102110.KS,TIGER 200,risk,domestic_equity_index,0.2,0.0921697157195742,2023-06-30,v31_light_overlay_benchmark_exclude,tree,0.014556897817624,0.010693130623928503,0.0038637671936954977,0.0029113795635248,0.0007727534387390996
152100.KS,PLUS 200,risk,domestic_equity_index,0.2,0.05969335099825764,2023-06-30,v31_light_overlay_benchmark_exclude,tree,0.0178440738912888,0.010693130623928503,0.007150943267360299,0.0035688147782577603,0.0014301886534720599
069500.KS,KODEX 200,risk,domestic_equity_index,0.02857142857142858,0.037966499405223474,2023-06-30,v31_light_overlay_benchmark_exclude,tree,0.015311955717753,0.010693130623928503,0.004618825093824497,0.00043748444907865726,0.00013196643125212853
192090.KS,TIGER 차이나CSI300,risk,overseas_equity_index,0.2,0.013898462073858434,2023-06-30,v31_light_overlay_benchmark_exclude,tree,0.0293957909780124,0.010693130623928503,0.018702660354083897,0.005879158195602481,0.0037405320708167795
133690.KS,TIGER 미국나스닥100,risk,overseas_equity_index,0.15714285714285703,0.013552585035673834,2023-06-30,v31_light_overlay_benchmark_exclude,tree,0.0029448408449426,0.010693130623928503,-0.007748289778985903,0.0004627607042052654,-0.001217588393840641
139230.KS,TIGER 200 중공업,risk,domestic_equity_sector,0.2,0.22175143833788086,2023-07-28,v31_light_overlay_benchmark_exclude,tree,-0.0784809746071329,-0.02499797918004859,-0.053482995427084304,-0.01569619492142658,-0.010696599085416862
091160.KS,KODEX 반도체,risk,domestic_equity_sector,0.01428571428571429,0.14669666378780213,2023-07-28,v31_light_overlay_benchmark_exclude,tree,-0.0800340757820416,-0.02499797918004859,-0.055036096601993004,-0.0011433439397434517,-0.0007862299514570432
102110.KS,TIGER 200,risk,domestic_equity_index,0.2,0.04853576597616908,2023-07-28,v31_light_overlay_benchmark_exclude,tree,-0.0401450995336737,-0.02499797918004859,-0.015147120353625108,-0.00802901990673474,-0.003029424070725022
148020.KS,RISE 200,risk,domestic_equity_index,0.2,0.04817457576298109,2023-07-28,v31_light_overlay_benchmark_exclude,tree,-0.0407841117995101,-0.02499797918004859,-0.01578613261946151,-0.00815682235990202,-0.0031572265238923023
156080.KS,KODEX MSCI Korea,risk,domestic_equity_index,0.02857142857142858,0.007126017841649781,2023-07-28,v31_light_overlay_benchmark_exclude,tree,-0.0449640172791806,-0.02499797918004859,-0.019966038099132007,-0.001284686207976589,-0.0005704582314037718
101280.KS,KODEX 일본TOPIX100,risk,overseas_equity_index,0.2,-0.11050673447868876,2023-07-28,v31_light_overlay_benchmark_exclude,tree,-0.0279740053129314,-0.02499797918004859,-0.0029760261328828086,-0.00559480106258628,-0.0005952052265765618
133690.KS,TIGER 미국나스닥100,risk,overseas_equity_index,0.15714285714285703,-0.12657042252417916,2023-07-28,v31_light_overlay_benchmark_exclude,tree,-0.0120840724295939,-0.02499797918004859,0.01291390675045469,-0.0018989256675076116,0.0020293282036428785
133690.KS,TIGER 미국나스닥100,risk,overseas_equity_index,0.2,0.06503916019788217,2023-08-25,v31_light_overlay_benchmark_exclude,tree,0.0106885120341364,0.00737019393052679,0.0033183181036096094,0.0021377024068272798,0.0006636636207219219
147970.KS,TIGER 모멘텀,risk,domestic_equity_sector,0.2,0.05513979411009118,2023-08-25,v31_light_overlay_benchmark_exclude,tree,0.0109799334641211,0.00737019393052679,0.00360973953359431,0.00219598669282422,0.000721947906718862
105010.KS,TIGER 라틴35,risk,overseas_equity_index,0.2,0.0519055855053021,2023-08-25,v31_light_overlay_benchmark_exclude,tree,-0.0118624672138482,0.00737019393052679,-0.01923266114437499,-0.0023724934427696402,-0.003846532228874998
156080.KS,KODEX MSCI Korea,risk,domestic_equity_index,0.2,0.02121362324936828,2023-08-25,v31_light_overlay_benchmark_exclude,tree,-0.0034526252483366,0.00737019393052679,-0.01082281917886339,-0.0006905250496673201,-0.002164563835772678
152100.KS,PLUS 200,risk,domestic_equity_index,0.19999999999999996,0.014503282516193833,2023-08-25,v31_light_overlay_benchmark_exclude,tree,0.005204993890153,0.00737019393052679,-0.00216520004037379,0.0010409987780305998,-0.0004330400080747579
147970.KS,TIGER 모멘텀,risk,domestic_equity_sector,0.2,0.09652519365520165,2023-09-22,v31_light_overlay_benchmark_exclude,tree,-0.0391393746645317,-0.026817915868641393,-0.012321458795890305,-0.00782787493290634,-0.002464291759178061
133690.KS,TIGER 미국나스닥100,risk,overseas_equity_index,0.2,0.05131302598551572,2023-09-22,v31_light_overlay_benchmark_exclude,tree,0.0056557720780472,-0.026817915868641393,0.03247368794668859,0.00113115441560944,0.006494737589337718
105010.KS,TIGER 라틴35,risk,overseas_equity_index,0.2,0.0459271495487742,2023-09-22,v31_light_overlay_benchmark_exclude,tree,-0.0228090327432456,-0.026817915868641393,0.004008883125395792,-0.00456180654864912,0.0008017766250791585
091160.KS,KODEX 반도체,risk,domestic_equity_sector,0.01428571428571429,0.03525446606923941,2023-09-22,v31_light_overlay_benchmark_exclude,tree,0.0041335462936855,-0.026817915868641393,0.030951462162326894,5.90506613383643e-05,0.00044216374517609864
156080.KS,KODEX MSCI Korea,risk,domestic_equity_index,0.2,-0.007488192750084715,2023-09-22,v31_light_overlay_benchmark_exclude,tree,-0.0418897736454215,-0.026817915868641393,-0.015071857776780107,-0.0083779547290843,-0.0030143715553560217
148020.KS,RISE 200,risk,domestic_equity_index,0.18571428571428572,-0.054774625966425135,2023-09-22,v31_light_overlay_benchmark_exclude,tree,-0.03797845775179,-0.026817915868641393,-0.011160541883148606,-0.007053142153903857,-0.0020726720640133127
091170.KS,KODEX 은행,risk,domestic_equity_sector,0.2,1.0382311729993587,2023-10-27,v31_light_overlay_benchmark_exclude,rule,0.0641449569543297,0.042956928547547804,0.021188028406781897,0.012828991390865942,0.0042376056813563795
174350.KS,TIGER 로우볼,risk,domestic_equity_sector,0.01428571428571429,1.0339185531880557,2023-10-27,v31_light_overlay_benchmark_exclude,rule,0.0686456304923091,0.042956928547547804,0.02568870194476129,0.0009806518641758445,0.00036698145635373285
105010.KS,TIGER 라틴35,risk,overseas_equity_index,0.2,0.5243003622809673,2023-10-27,v31_light_overlay_benchmark_exclude,rule,0.0756823477507802,0.042956928547547804,0.032725419203232395,0.01513646955015604,0.00654508384064648
101280.KS,KODEX 일본TOPIX100,risk,overseas_equity_index,0.2,0.2228561253204964,2023-10-27,v31_light_overlay_benchmark_exclude,rule,0.0359911451344483,0.042956928547547804,-0.006965783413099502,0.007198229026889661,-0.0013931566826199005
133690.KS,TIGER 미국나스닥100,risk,overseas_equity_index,0.02857142857142858,0.0538870908995848,2023-10-27,v31_light_overlay_benchmark_exclude,rule,0.0842674578882505,0.042956928547547804,0.0413105293407027,0.002407641653950015,0.0011803008383057918
102110.KS,TIGER 200,risk,domestic_equity_index,0.2,-0.0333110645334191,2023-10-27,v31_light_overlay_benchmark_exclude,rule,0.0832795607795719,0.042956928547547804,0.04032263223202409,0.01665591215591438,0.008064526446404818
069500.KS,KODEX 200,risk,domestic_equity_index,0.15714285714285703,-0.0555556827760409,2023-10-27,v31_light_overlay_benchmark_exclude,rule,0.0830237176031227,0.042956928547547804,0.0400667890555749,0.013046584194776415,0.006296209708733193
133690.KS,TIGER 미국나스닥100,risk,overseas_equity_index,0.2,0.9041610984169822,2023-11-24,v31_light_overlay_benchmark_exclude,rule,0.0411354897185924,0.01693673761230164,0.024198752106290758,0.00822709794371848,0.004839750421258152
105010.KS,TIGER 라틴35,risk,overseas_equity_index,0.2,0.5479662560050707,2023-11-24,v31_light_overlay_benchmark_exclude,rule,0.0611303385515484,0.01693673761230164,0.044193600939246756,0.01222606771030968,0.008838720187849352
091160.KS,KODEX 반도체,risk,domestic_equity_sector,0.2,0.5299708367787809,2023-11-24,v31_light_overlay_benchmark_exclude,rule,0.0583000139620291,0.01693673761230164,0.04136327634972746,0.01166000279240582,0.008272655269945492
174350.KS,TIGER 로우볼,risk,domestic_equity_sector,0.01428571428571429,0.508411795121862,2023-11-24,v31_light_overlay_benchmark_exclude,rule,0.0130209392008391,0.01693673761230164,-0.003915798411462541,0.00018601341715484434,-5.5939977306607746e-05
101280.KS,KODEX 일본TOPIX100,risk,overseas_equity_index,0.02857142857142858,0.4392937807535591,2023-11-24,v31_light_overlay_benchmark_exclude,rule,0.0221024722192058,0.01693673761230164,0.0051657346069041606,0.000631499206263023,0.00014759241734011892
102110.KS,TIGER 200,risk,domestic_equity_index,0.2,0.259081166997971,2023-11-24,v31_light_overlay_benchmark_exclude,rule,0.0458879901117317,0.01693673761230164,0.028951252499430057,0.00917759802234634,0.005790250499886011
152100.KS,PLUS 200,risk,domestic_equity_index,0.15714285714285703,0.0833514995914879,2023-11-24,v31_light_overlay_benchmark_exclude,rule,0.0449816499295638,0.01693673761230164,0.02804491231726216,0.007068544988931449,0.004407057649855479
101280.KS,KODEX 일본TOPIX100,risk,overseas_equity_index,0.2,0.1073928292974745,2023-12-22,v31_light_overlay_benchmark_exclude,tree,0.0892708957259358,-0.012101322539224009,0.10137221826515981,0.017854179145187162,0.020274443653031965
139270.KS,TIGER 200 금융,risk,domestic_equity_sector,0.2,0.06652257346720816,2023-12-22,v31_light_overlay_benchmark_exclude,tree,-0.0398160789067245,-0.012101322539224009,-0.02771475636750049,-0.0079632157813449,-0.005542951273500098
133690.KS,TIGER 미국나스닥100,risk,overseas_equity_index,0.2,0.05860760917252402,2023-12-22,v31_light_overlay_benchmark_exclude,tree,0.0714065354339901,-0.012101322539224009,0.08350785797321411,0.01428130708679802,0.016701571594642823
105010.KS,TIGER 라틴35,risk,overseas_equity_index,0.02857142857142858,0.050225898424873405,2023-12-22,v31_light_overlay_benchmark_exclude,tree,-0.0054350346838768,-0.012101322539224009,0.006666287855347209,-0.0001552867052536229,0.0001904653672956346
091170.KS,KODEX 은행,risk,domestic_equity_sector,0.01428571428571429,0.046885696365363355,2023-12-22,v31_light_overlay_benchmark_exclude,tree,-0.0293456318742757,-0.012101322539224009,-0.017244309335051694,-0.000419223312489653,-0.0002463472762150243
156080.KS,KODEX MSCI Korea,risk,domestic_equity_index,0.2,-0.01874404639344664,2023-12-22,v31_light_overlay_benchmark_exclude,tree,-0.0372163532983326,-0.012101322539224009,-0.025115030759108592,-0.007443270659666521,-0.005023006151821718
152100.KS,PLUS 200,risk,domestic_equity_index,0.15714285714285703,-0.02409199355416375,2023-12-22,v31_light_overlay_benchmark_exclude,tree,-0.0412226496996914,-0.012101322539224009,-0.029121327160467392,-0.0064778449528086444,-0.00457620855378773
133690.KS,TIGER 미국나스닥100,risk,overseas_equity_index,0.2,0.14966231182912473,2024-01-26,v31_light_overlay_benchmark_exclude,tree,0.0310741181921163,0.046979950846316385,-0.015905832654200085,0.00621482363842326,-0.003181166530840017
091170.KS,KODEX 은행,risk,domestic_equity_sector,0.2,0.05929564755355069,2024-01-26,v31_light_overlay_benchmark_exclude,tree,0.1603220250220274,0.046979950846316385,0.113342074175711,0.03206440500440548,0.022668414835142203
139270.KS,TIGER 200 금융,risk,domestic_equity_sector,0.01428571428571429,0.05214457356582698,2024-01-26,v31_light_overlay_benchmark_exclude,tree,0.1885680203255644,0.046979950846316385,0.141588069479248,0.0026938288617937784,0.002022686706846401
101280.KS,KODEX 일본TOPIX100,risk,overseas_equity_index,0.2,0.004712543944463816,2024-01-26,v31_light_overlay_benchmark_exclude,tree,0.0530949559823628,0.046979950846316385,0.006115005136046417,0.010618991196472562,0.0012230010272092835
105010.KS,TIGER 라틴35,risk,overseas_equity_index,0.02857142857142858,-0.004730009292106038,2024-01-26,v31_light_overlay_benchmark_exclude,tree,0.0163258246438062,0.046979950846316385,-0.030654126202510186,0.00046645213268017724,-0.000875832177214577
102110.KS,TIGER 200,risk,domestic_equity_index,0.2,-0.010094650612899266,2024-01-26,v31_light_overlay_benchmark_exclude,tree,0.0726406568859594,0.046979950846316385,0.025660706039643016,0.014528131377191882,0.005132141207928604
152100.KS,PLUS 200,risk,domestic_equity_index,0.15714285714285703,-0.01031601605434452,2024-01-26,v31_light_overlay_benchmark_exclude,tree,0.0728436719559182,0.046979950846316385,0.02586372110960182,0.011446862735929994,0.004064299031508854
091170.KS,KODEX 은행,risk,domestic_equity_sector,0.2,1.300335641736612,2024-02-23,v31_light_overlay_benchmark_exclude,rule,0.0984227638802133,0.02354215105890591,0.0748806128213074,0.01968455277604266,0.01497612256426148
139270.KS,TIGER 200 금융,risk,domestic_equity_sector,0.01428571428571429,1.1735120889513195,2024-02-23,v31_light_overlay_benchmark_exclude,rule,0.0771193303951913,0.02354215105890591,0.05357717933628539,0.0011017047199313047,0.0007653882762326487
156080.KS,KODEX MSCI Korea,risk,domestic_equity_index,0.2,1.017467088496992,2024-02-23,v31_light_overlay_benchmark_exclude,rule,0.0510055767990718,0.02354215105890591,0.02746342574016589,0.01020111535981436,0.005492685148033178
101280.KS,KODEX 일본TOPIX100,risk,overseas_equity_index,0.2,1.000062732943447,2024-02-23,v31_light_overlay_benchmark_exclude,rule,0.0600097550641147,0.02354215105890591,0.03646760400520879,0.012001951012822941,0.0072935208010417585
133690.KS,TIGER 미국나스닥100,risk,overseas_equity_index,0.2,0.2312637628222567,2024-02-23,v31_light_overlay_benchmark_exclude,rule,0.025134658160955,0.02354215105890591,0.0015925071020490913,0.005026931632191,0.0003185014204098183
102110.KS,TIGER 200,risk,domestic_equity_index,0.18571428571428572,0.0131440807000125,2024-02-23,v31_light_overlay_benchmark_exclude,rule,0.0418969841894121,0.02354215105890591,0.018354833130506194,0.007780868492319391,0.0034087547242368644
139260.KS,TIGER 200 IT,risk,domestic_equity_sector,0.2,0.06347833669630501,2024-03-29,v31_light_overlay_benchmark_exclude,tree,-0.0560471271306394,-0.011781925072836081,-0.044265202057803314,-0.01120942542612788,-0.008853040411560664
102780.KS,KODEX 삼성그룹,risk,domestic_equity_sector,0.01428571428571429,0.057293435542340364,2024-03-29,v31_light_overlay_benchmark_exclude,tree,-0.051397206298847,-0.011781925072836081,-0.039615281226010914,-0.000734245804269243,-0.0005659325889430133
133690.KS,TIGER 미국나스닥100,risk,overseas_equity_index,0.2,0.01945063526607185,2024-03-29,v31_light_overlay_benchmark_exclude,tree,-0.0182848688802992,-0.011781925072836081,-0.0065029438074631195,-0.0036569737760598405,-0.001300588761492624
102110.KS,TIGER 200,risk,domestic_equity_index,0.2,0.006618238026728205,2024-03-29,v31_light_overlay_benchmark_exclude,tree,-0.0356345429117239,-0.011781925072836081,-0.02385261783888782,-0.007126908582344781,-0.004770523567777564
152100.KS,PLUS 200,risk,domestic_equity_index,0.2,0.006185899908924939,2024-03-29,v31_light_overlay_benchmark_exclude,tree,-0.0358800922204044,-0.011781925072836081,-0.024098167147568315,-0.00717601844408088,-0.004819633429513664
069500.KS,KODEX 200,risk,domestic_equity_index,0.02857142857142858,-0.010007896572788078,2024-03-29,v31_light_overlay_benchmark_exclude,tree,-0.0354415107045652,-0.011781925072836081,-0.023659585631729117,-0.001012614591559006,-0.0006759881609065464
105010.KS,TIGER 라틴35,risk,overseas_equity_index,0.15714285714285714,-0.015500211884097647,2024-03-29,v31_light_overlay_benchmark_exclude,tree,-0.0075349610495915,-0.011781925072836081,0.004246964023244581,-0.00118406530779295,0.0006673800607955771
139230.KS,TIGER 200 중공업,risk,domestic_equity_sector,0.2,1.393737320205029,2024-04-26,v31_light_overlay_benchmark_exclude,rule,0.0562039196817885,0.009343420442477195,0.04686049923931131,0.0112407839363577,0.009372099847862261
147970.KS,TIGER 모멘텀,risk,domestic_equity_sector,0.01428571428571429,1.0985203990489487,2024-04-26,v31_light_overlay_benchmark_exclude,rule,0.0637583018583003,0.009343420442477195,0.054414881415823096,0.0009108328836900045,0.0007773554487974731
156080.KS,KODEX MSCI Korea,risk,domestic_equity_index,0.2,0.2608287381733208,2024-04-26,v31_light_overlay_benchmark_exclude,rule,0.0008765795309211,0.009343420442477195,-0.008466840911556096,0.00017531590618422,-0.0016933681823112193
105010.KS,TIGER 라틴35,risk,overseas_equity_index,0.2,-0.1726736335480691,2024-04-26,v31_light_overlay_benchmark_exclude,rule,0.0,0.009343420442477195,-0.009343420442477195,0.0,-0.001868684088495439
102110.KS,TIGER 200,risk,domestic_equity_index,0.2,-0.3270485857770922,2024-04-26,v31_light_overlay_benchmark_exclude,rule,0.0142207041359123,0.009343420442477195,0.004877283693435104,0.00284414082718246,0.0009754567386870208
069500.KS,KODEX 200,risk,domestic_equity_index,0.02857142857142858,-0.3368619502747846,2024-04-26,v31_light_overlay_benchmark_exclude,rule,0.0143787004625557,0.009343420442477195,0.0050352800200785044,0.0004108200132158773,0.00014386514343081447
101280.KS,KODEX 일본TOPIX100,risk,overseas_equity_index,0.15714285714285714,-0.3410363410385803,2024-04-26,v31_light_overlay_benchmark_exclude,rule,0.0179849824003608,0.009343420442477195,0.008641561957883605,0.0028262115200566973,0.0013579597362388522
133690.KS,TIGER 미국나스닥100,risk,overseas_equity_index,0.2,0.11721053219931857,2024-05-31,v31_light_overlay_benchmark_exclude,tree,0.0689623941712624,0.022176293616191303,0.0467861005550711,0.013792478834252482,0.00935722011101422
139260.KS,TIGER 200 IT,risk,domestic_equity_sector,0.2,0.06363222562947927,2024-05-31,v31_light_overlay_benchmark_exclude,tree,0.0927134754836365,0.022176293616191303,0.07053718186744519,0.0185426950967273,0.01410743637348904
174350.KS,TIGER 로우볼,risk,domestic_equity_sector,0.01428571428571429,0.0451287224847923,2024-05-31,v31_light_overlay_benchmark_exclude,tree,0.0237425515034894,0.022176293616191303,0.0015662578872980976,0.00033917930719270584,2.2375112675687115e-05
105010.KS,TIGER 라틴35,risk,overseas_equity_index,0.2,0.013631331480305858,2024-05-31,v31_light_overlay_benchmark_exclude,tree,-0.0643401636002164,0.022176293616191303,-0.0865164572164077,-0.01286803272004328,-0.017303291443281542
101280.KS,KODEX 일본TOPIX100,risk,overseas_equity_index,0.02857142857142858,-0.011257473271922062,2024-05-31,v31_light_overlay_benchmark_exclude,tree,-0.0137245876589419,0.022176293616191303,-0.035900881275133203,-0.00039213107596976866,-0.0010257394650038062
156080.KS,KODEX MSCI Korea,risk,domestic_equity_index,0.2,-0.07302435175822629,2024-05-31,v31_light_overlay_benchmark_exclude,tree,0.0763267840547656,0.022176293616191303,0.0541504904385743,0.015265356810953121,0.01083009808771486
152100.KS,PLUS 200,risk,domestic_equity_index,0.15714285714285703,-0.0991106983186941,2024-05-31,v31_light_overlay_benchmark_exclude,tree,0.0713409916695055,0.022176293616191303,0.04916469805331419,0.011210727262350857,0.007725881122663653
147970.KS,TIGER 모멘텀,risk,domestic_equity_sector,0.2,1.7845121309670842,2024-06-28,v31_light_overlay_benchmark_exclude,rule,-0.0182818850995725,-0.011151946374379626,-0.007129938725192875,-0.0036563770199145003,-0.0014259877450385752
133690.KS,TIGER 미국나스닥100,risk,overseas_equity_index,0.2,1.3032466692300644,2024-06-28,v31_light_overlay_benchmark_exclude,rule,-0.0413558097612785,-0.011151946374379626,-0.03020386338689887,-0.0082711619522557,-0.0060407726773797745
139230.KS,TIGER 200 중공업,risk,domestic_equity_sector,0.01428571428571429,1.130955334040917,2024-06-28,v31_light_overlay_benchmark_exclude,rule,0.0855333690978199,-0.011151946374379626,0.09668531547219952,0.0012219052728259991,0.0013812187924599937
156080.KS,KODEX MSCI Korea,risk,domestic_equity_index,0.2,0.1801983250166528,2024-06-28,v31_light_overlay_benchmark_exclude,rule,-0.0202215871298584,-0.011151946374379626,-0.009069640755478775,-0.00404431742597168,-0.001813928151095755
101280.KS,KODEX 일본TOPIX100,risk,overseas_equity_index,0.2,0.0515750115831846,2024-06-28,v31_light_overlay_benchmark_exclude,rule,0.0105566618343164,-0.011151946374379626,0.021708608208696027,0.0021113323668632803,0.004341721641739206
105010.KS,TIGER 라틴35,risk,overseas_equity_index,0.02857142857142858,-0.4705429855185708,2024-06-28,v31_light_overlay_benchmark_exclude,rule,-0.0058276093843468,-0.011151946374379626,0.0053243369900328255,-0.00016650312526705148,0.00015212391400093792
148020.KS,RISE 200,risk,domestic_equity_index,0.15714285714285714,-0.4774426522130542,2024-06-28,v31_light_overlay_benchmark_exclude,rule,-0.0236991739845657,-0.011151946374379626,-0.012547227610186075,-0.003724155911860324,-0.001971707195886383
105010.KS,TIGER 라틴35,risk,overseas_equity_index,0.2,0.07227313409606642,2024-07-26,v31_light_overlay_benchmark_exclude,tree,0.0058783515791211,-0.008698589267005813,0.014576940846126912,0.00117567031582422,0.0029153881692253825
139270.KS,TIGER 200 금융,risk,domestic_equity_sector,0.2,0.038170138888541906,2024-07-26,v31_light_overlay_benchmark_exclude,tree,0.03773280321048,-0.008698589267005813,0.04643139247748581,0.0075465606420959995,0.009286278495497163
147970.KS,TIGER 모멘텀,risk,domestic_equity_sector,0.01428571428571429,0.02729850827295774,2024-07-26,v31_light_overlay_benchmark_exclude,tree,0.0059329052084022,-0.008698589267005813,0.014631494475408013,8.475578869146003e-05,0.00020902134964868597
133690.KS,TIGER 미국나스닥100,risk,overseas_equity_index,0.2,0.018625180866173104,2024-07-26,v31_light_overlay_benchmark_exclude,tree,0.0010715966106522,-0.008698589267005813,0.009770185877658013,0.00021431932213044,0.0019540371755316028
101280.KS,KODEX 일본TOPIX100,risk,overseas_equity_index,0.02857142857142858,0.0006749762155471425,2024-07-26,v31_light_overlay_benchmark_exclude,tree,0.0113959228209334,-0.008698589267005813,0.020094512087939213,0.00032559779488381156,0.0005741289167982634
156080.KS,KODEX MSCI Korea,risk,domestic_equity_index,0.2,-0.011761855158648993,2024-07-26,v31_light_overlay_benchmark_exclude,tree,-0.0141362800160261,-0.008698589267005813,-0.005437690749020287,-0.00282725600320522,-0.0010875381498040575
148020.KS,RISE 200,risk,domestic_equity_index,0.15714285714285703,-0.017105194184332005,2024-07-26,v31_light_overlay_benchmark_exclude,tree,-0.0154020773427333,-0.008698589267005813,-0.006703488075727487,-0.002420326439572374,-0.00105340526904289
105010.KS,TIGER 라틴35,risk,overseas_equity_index,0.2,0.15097641410472296,2024-08-30,v31_light_overlay_benchmark_exclude,tree,0.0023281924143727,0.008363389789745553,-0.0060351973753728526,0.00046563848287454004,-0.0012070394750745706
139270.KS,TIGER 200 금융,risk,domestic_equity_sector,0.2,0.05834394775804341,2024-08-30,v31_light_overlay_benchmark_exclude,tree,-0.0051843999809557,0.008363389789745553,-0.013547789770701252,-0.0010368799961911399,-0.0027095579541402508
101280.KS,KODEX 일본TOPIX100,risk,overseas_equity_index,0.2,0.055740469033826394,2024-08-30,v31_light_overlay_benchmark_exclude,tree,-0.0071993471110625,0.008363389789745553,-0.015562736900808054,-0.0014398694222125,-0.0031125473801616108
147970.KS,TIGER 모멘텀,risk,domestic_equity_sector,0.01428571428571429,0.04866368150505774,2024-08-30,v31_light_overlay_benchmark_exclude,tree,-0.0020019828509063,0.008363389789745553,-0.010365372640651852,-2.8599755012947153e-05,-0.0001480767520093122
133690.KS,TIGER 미국나스닥100,risk,overseas_equity_index,0.02857142857142858,0.03732716085943305,2024-08-30,v31_light_overlay_benchmark_exclude,tree,0.019337198291105,0.008363389789745553,0.010973808501359449,0.0005524913797458574,0.0003135373857531272
152100.KS,PLUS 200,risk,domestic_equity_index,0.2,0.0005743169304010072,2024-08-30,v31_light_overlay_benchmark_exclude,tree,-0.0215651860635911,0.008363389789745553,-0.029928575853336654,-0.00431303721271822,-0.005985715170667331
102110.KS,TIGER 200,risk,domestic_equity_index,0.15714285714285703,0.0004859699853304038,2024-08-30,v31_light_overlay_benchmark_exclude,tree,-0.0203550506649777,0.008363389789745553,-0.028718440454723253,-0.0031986508187822078,-0.004512897785742222
139240.KS,TIGER 200 철강소재,risk,domestic_equity_sector,0.2,1.2011170361481347,2024-09-27,v31_light_overlay_benchmark_exclude,rule,0.2027106019927382,0.005702607646281351,0.19700799434645683,0.04054212039854764,0.03940159886929137
168580.KS,ACE 중국본토CSI300,risk,overseas_equity_index,0.2,0.8113612650797233,2024-09-27,v31_light_overlay_benchmark_exclude,rule,0.0988902611257847,0.005702607646281351,0.09318765347950335,0.01977805222515694,0.01863753069590067
148020.KS,RISE 200,risk,domestic_equity_index,0.2,0.0978120530580071,2024-09-27,v31_light_overlay_benchmark_exclude,rule,-0.027079871208681,0.005702607646281351,-0.032782478854962355,-0.005415974241736201,-0.006556495770992471
102110.KS,TIGER 200,risk,domestic_equity_index,0.2,0.085438252578837,2024-09-27,v31_light_overlay_benchmark_exclude,rule,-0.0270951550866873,0.005702607646281351,-0.03279776273296865,-0.00541903101733746,-0.006559552546593731
147970.KS,TIGER 모멘텀,risk,domestic_equity_sector,0.01428571428571429,0.0824577970121051,2024-09-27,v31_light_overlay_benchmark_exclude,rule,0.0254095884691856,0.005702607646281351,0.01970698082290425,0.00036299412098836587,0.0002815282974700608
152100.KS,PLUS 200,risk,domestic_equity_index,0.02857142857142858,0.0773916432229047,2024-09-27,v31_light_overlay_benchmark_exclude,rule,-0.0260605201424174,0.005702607646281351,-0.031763127788698754,-0.0007445862897833545,-0.0009075179368199647
133690.KS,TIGER 미국나스닥100,risk,overseas_equity_index,0.15714285714285714,-0.2857509015219355,2024-09-27,v31_light_overlay_benchmark_exclude,rule,0.0642110168506775,0.005702607646281351,0.05850840920439614,0.010090302647963607,0.009194178589262251
139270.KS,TIGER 200 금융,risk,domestic_equity_sector,0.2,0.12645338363549247,2024-10-25,v31_light_overlay_benchmark_exclude,tree,-0.0214822988590055,-0.013265528974256861,-0.008216769884748638,-0.0042964597718011,-0.0016433539769497277
102780.KS,KODEX 삼성그룹,risk,domestic_equity_sector,0.01428571428571429,0.11767571551903908,2024-10-25,v31_light_overlay_benchmark_exclude,tree,-0.0290360089138574,-0.013265528974256861,-0.01577047993960054,-0.0004148001273408202,-0.00022529257056572207
133690.KS,TIGER 미국나스닥100,risk,overseas_equity_index,0.2,0.09345322464936753,2024-10-25,v31_light_overlay_benchmark_exclude,tree,0.0326611452385459,-0.013265528974256861,0.04592667421280276,0.006532229047709181,0.009185334842560552
168580.KS,ACE 중국본토CSI300,risk,overseas_equity_index,0.2,0.015715612556089123,2024-10-25,v31_light_overlay_benchmark_exclude,tree,-0.0158702147337365,-0.013265528974256861,-0.002604685759479638,-0.0031740429467473,-0.0005209371518959275
156080.KS,KODEX MSCI Korea,risk,domestic_equity_index,0.2,-0.11867754239572874,2024-10-25,v31_light_overlay_benchmark_exclude,tree,-0.0311236370471273,-0.013265528974256861,-0.01785810807287044,-0.006224727409425461,-0.0035716216145740883
152100.KS,PLUS 200,risk,domestic_equity_index,0.18571428571428572,-0.16437813422483658,2024-10-25,v31_light_overlay_benchmark_exclude,tree,-0.0325862562189197,-0.013265528974256861,-0.01932072724466284,-0.006051733297799374,-0.0035881350597230994
139270.KS,TIGER 200 금융,risk,domestic_equity_sector,0.2,0.10461106880123992,2024-11-29,v31_light_overlay_benchmark_exclude,tree,-0.0722958223426942,0.00800575476974199,-0.08030157711243618,-0.014459164468538841,-0.016060315422487238
091160.KS,KODEX 반도체,risk,domestic_equity_sector,0.01428571428571429,0.047313663073459376,2024-11-29,v31_light_overlay_benchmark_exclude,tree,0.0583607954378535,0.00800575476974199,0.05035504066811151,0.000833725649112193,0.0007193577238301646
101280.KS,KODEX 일본TOPIX100,risk,overseas_equity_index,0.2,0.012806650421763224,2024-11-29,v31_light_overlay_benchmark_exclude,tree,0.0589199005430929,0.00800575476974199,0.05091414577335091,0.01178398010861858,0.010182829154670184
156080.KS,KODEX MSCI Korea,risk,domestic_equity_index,0.2,-0.02885315852663746,2024-11-29,v31_light_overlay_benchmark_exclude,tree,-0.0175206879429566,0.00800575476974199,-0.025526442712698588,-0.00350413758859132,-0.0051052885425397175
133690.KS,TIGER 미국나스닥100,risk,overseas_equity_index,0.2,-0.03185707911770076,2024-11-29,v31_light_overlay_benchmark_exclude,tree,0.0961895813657482,0.00800575476974199,0.08818382659600621,0.019237916273149643,0.017636765319201244
105010.KS,TIGER 라틴35,risk,overseas_equity_index,0.02857142857142858,-0.04007203059926121,2024-11-29,v31_light_overlay_benchmark_exclude,tree,0.0047562428587222,0.00800575476974199,-0.003249511911019789,0.00013589265310634863,-9.28431974577083e-05
102110.KS,TIGER 200,risk,domestic_equity_index,0.15714285714285714,-0.04314119715766441,2024-11-29,v31_light_overlay_benchmark_exclude,tree,-0.0149939131661003,0.00800575476974199,-0.022999667935842287,-0.002356186354672904,-0.0036142335327752164
139230.KS,TIGER 200 중공업,risk,domestic_equity_sector,0.2,0.06200584435195737,2024-12-27,v31_light_overlay_benchmark_exclude,tree,0.1576134509361502,0.016306487173593287,0.14130696376255691,0.03152269018723004,0.028261392752511383
091160.KS,KODEX 반도체,risk,domestic_equity_sector,0.01428571428571429,0.05783987698187504,2024-12-27,v31_light_overlay_benchmark_exclude,tree,0.1894554596965552,0.016306487173593287,0.1731489725229619,0.0027065065670936464,0.002473556750328028
105010.KS,TIGER 라틴35,risk,overseas_equity_index,0.2,0.048490571961139164,2024-12-27,v31_light_overlay_benchmark_exclude,tree,0.0070838838710389,0.016306487173593287,-0.009222603302554387,0.0014167767742077801,-0.0018445206605108774
133690.KS,TIGER 미국나스닥100,risk,overseas_equity_index,0.2,0.032747193186275995,2024-12-27,v31_light_overlay_benchmark_exclude,tree,-0.0179456537364348,0.016306487173593287,-0.03425214091002809,-0.0035891307472869604,-0.006850428182005618
101280.KS,KODEX 일본TOPIX100,risk,overseas_equity_index,0.02857142857142858,0.003481441524104824,2024-12-27,v31_light_overlay_benchmark_exclude,tree,-0.0260543352989561,0.016306487173593287,-0.04236082247254939,-0.0007444095799701746,-0.0012103092135014116
102110.KS,TIGER 200,risk,domestic_equity_index,0.2,-0.002770186077263974,2024-12-27,v31_light_overlay_benchmark_exclude,tree,0.0529998770484494,0.016306487173593287,0.03669338987485611,0.01059997540968988,0.007338677974971223
156080.KS,KODEX MSCI Korea,risk,domestic_equity_index,0.15714285714285703,-0.004907658778664848,2024-12-27,v31_light_overlay_benchmark_exclude,tree,0.0531628172090277,0.016306487173593287,0.03685633003543441,0.00835415698999006,0.00579170900556826
105010.KS,TIGER 라틴35,risk,overseas_equity_index,0.2,0.12105792720327506,2025-01-31,v31_light_overlay_benchmark_exclude,tree,-0.0101465742725167,0.002274050366754094,-0.012420624639270794,-0.00202931485450334,-0.002484124927854159
139240.KS,TIGER 200 철강소재,risk,domestic_equity_sector,0.2,0.0704597544622669,2025-01-31,v31_light_overlay_benchmark_exclude,tree,0.067264511803694,0.002274050366754094,0.0649904614369399,0.013452902360738801,0.01299809228738798
091160.KS,KODEX 반도체,risk,domestic_equity_sector,0.01428571428571429,0.040382016403656296,2025-01-31,v31_light_overlay_benchmark_exclude,tree,-0.0089244141780336,0.002274050366754094,-0.011198464544787694,-0.00012749163111476576,-0.00015997806492553854
101280.KS,KODEX 일본TOPIX100,risk,overseas_equity_index,0.2,-0.01528196796455623,2025-01-31,v31_light_overlay_benchmark_exclude,tree,-0.0070483796128644,0.002274050366754094,-0.009322429979618494,-0.00140967592257288,-0.001864485995923699
156080.KS,KODEX MSCI Korea,risk,domestic_equity_index,0.2,-0.054910141050648086,2025-01-31,v31_light_overlay_benchmark_exclude,tree,0.0064391660941378,0.002274050366754094,0.004165115727383706,0.00128783321882756,0.0008330231454767412
152100.KS,PLUS 200,risk,domestic_equity_index,0.18571428571428572,-0.07783368790133083,2025-01-31,v31_light_overlay_benchmark_exclude,tree,0.0086815596968241,0.002274050366754094,0.0064075093300700065,0.0016122896579816187,0.0011899660184415727
105010.KS,TIGER 라틴35,risk,overseas_equity_index,0.2,0.08822655363713618,2025-02-28,v31_light_overlay_benchmark_exclude,tree,0.0637814026571481,0.014042116059960967,0.049739286597187134,0.01275628053142962,0.009947857319437427
133690.KS,TIGER 미국나스닥100,risk,overseas_equity_index,0.2,-0.008728038591860932,2025-02-28,v31_light_overlay_benchmark_exclude,tree,-0.034841773725828,0.014042116059960967,-0.04888388978578897,-0.006968354745165601,-0.009776777957157794
147970.KS,TIGER 모멘텀,risk,domestic_equity_sector,0.2,-0.011893144921798628,2025-02-28,v31_light_overlay_benchmark_exclude,tree,0.0135301422481524,0.014042116059960967,-0.0005119738118085672,0.00270602844963048,-0.00010239476236171344
102780.KS,KODEX 삼성그룹,risk,domestic_equity_sector,0.01428571428571429,-0.02190904100618763,2025-02-28,v31_light_overlay_benchmark_exclude,tree,0.0017688100266286,0.014042116059960967,-0.012273306033332368,2.5268714666122863e-05,-0.0001753329433333196
102110.KS,TIGER 200,risk,domestic_equity_index,0.2,-0.034666947548863486,2025-02-28,v31_light_overlay_benchmark_exclude,tree,0.0322053214454234,0.014042116059960967,0.018163205385462435,0.0064410642890846805,0.003632641077092487
152100.KS,PLUS 200,risk,domestic_equity_index,0.18571428571428572,-0.03498665983320968,2025-02-28,v31_light_overlay_benchmark_exclude,tree,0.032385001376809,0.014042116059960967,0.01834288531684803,0.006014357398550243,0.0034065358445574912
105010.KS,TIGER 라틴35,risk,overseas_equity_index,0.2,0.041137122841984196,2025-03-28,v31_light_overlay_benchmark_exclude,tree,-0.0214131927816125,-0.016782372371598474,-0.004630820410014027,-0.0042826385563225,-0.0009261640820028054
174350.KS,TIGER 로우볼,risk,domestic_equity_sector,0.2,0.028219624648509897,2025-03-28,v31_light_overlay_benchmark_exclude,tree,0.0260708048098408,-0.016782372371598474,0.04285317718143927,0.00521416096196816,0.008570635436287855
147970.KS,TIGER 모멘텀,risk,domestic_equity_sector,0.01428571428571429,0.01664444751053709,2025-03-28,v31_light_overlay_benchmark_exclude,tree,0.0354975434801232,-0.016782372371598474,0.052279915851721676,0.0005071077640017601,0.0007468559407388814
101280.KS,KODEX 일본TOPIX100,risk,overseas_equity_index,0.2,0.007635712037334992,2025-03-28,v31_light_overlay_benchmark_exclude,tree,-0.0238405234602302,-0.016782372371598474,-0.007058151088631726,-0.004768104692046041,-0.0014116302177263453
156080.KS,KODEX MSCI Korea,risk,domestic_equity_index,0.2,-0.0053591926395627236,2025-03-28,v31_light_overlay_benchmark_exclude,tree,-0.0233281603976039,-0.016782372371598474,-0.006545788026005424,-0.00466563207952078,-0.0013091576052010848
148020.KS,RISE 200,risk,domestic_equity_index,0.18571428571428572,-0.00678109220184492,2025-03-28,v31_light_overlay_benchmark_exclude,tree,-0.0180913020026878,-0.016782372371598474,-0.001308929631089327,-0.0033598132290705916,-0.00024308693148801787
139230.KS,TIGER 200 중공업,risk,domestic_equity_sector,0.2,0.19835471325833826,2025-04-25,v31_light_overlay_benchmark_exclude,tree,0.1253151290407259,0.01438716792979275,0.11092796111093314,0.02506302580814518,0.02218559222218663
161510.KS,PLUS 고배당주,risk,domestic_equity_sector,0.01428571428571429,0.1769090408920103,2025-04-25,v31_light_overlay_benchmark_exclude,tree,0.0735874302556671,0.01438716792979275,0.059200262325874345,0.0010512490036523874,0.0008457180332267767
105010.KS,TIGER 라틴35,risk,overseas_equity_index,0.2,0.1231129906264849,2025-04-25,v31_light_overlay_benchmark_exclude,tree,-0.0055379540324715,0.01438716792979275,-0.01992512196226425,-0.0011075908064943,-0.003985024392452851
133690.KS,TIGER 미국나스닥100,risk,overseas_equity_index,0.2,0.00973852787111891,2025-04-25,v31_light_overlay_benchmark_exclude,tree,0.0432787643299665,0.01438716792979275,0.028891596400173754,0.0086557528659933,0.005778319280034751
156080.KS,KODEX MSCI Korea,risk,domestic_equity_index,0.2,0.007436534474131495,2025-04-25,v31_light_overlay_benchmark_exclude,tree,0.0087668679517791,0.01438716792979275,-0.0056202999780136514,0.00175337359035582,-0.0011240599956027304
101280.KS,KODEX 일본TOPIX100,risk,overseas_equity_index,0.02857142857142858,-0.0036371241884729172,2025-04-25,v31_light_overlay_benchmark_exclude,tree,0.0005672791361883,0.01438716792979275,-0.01381988879360445,1.6207975319665718e-05,-0.0003948539655315558
102110.KS,TIGER 200,risk,domestic_equity_index,0.15714285714285714,-0.11969654403642292,2025-04-25,v31_light_overlay_benchmark_exclude,tree,0.0266495868773153,0.01438716792979275,0.012262418947522549,0.004187792223578119,0.0019269515488964004
147970.KS,TIGER 모멘텀,risk,domestic_equity_sector,0.2,0.09631290743035956,2025-05-30,v31_light_overlay_benchmark_exclude,tree,0.168191663492357,0.06442638060332906,0.10376528288902795,0.033638332698471406,0.02075305657780559
161510.KS,PLUS 고배당주,risk,domestic_equity_sector,0.01428571428571429,0.09535361916878218,2025-05-30,v31_light_overlay_benchmark_exclude,tree,0.0981495703377881,0.06442638060332906,0.033723189734459036,0.001402136719111259,0.00048175985334941495
105010.KS,TIGER 라틴35,risk,overseas_equity_index,0.2,0.027529491824783373,2025-05-30,v31_light_overlay_benchmark_exclude,tree,-0.0033039418342392,0.06442638060332906,-0.06773032243756825,-0.0006607883668478401,-0.013546064487513651
101280.KS,KODEX 일본TOPIX100,risk,overseas_equity_index,0.2,0.008925285114439135,2025-05-30,v31_light_overlay_benchmark_exclude,tree,-0.0154953862977241,0.06442638060332906,-0.07992176690105315,-0.00309907725954482,-0.01598435338021063
102110.KS,TIGER 200,risk,domestic_equity_index,0.2,-0.0003663823119069437,2025-05-30,v31_light_overlay_benchmark_exclude,tree,0.1483790548291848,0.06442638060332906,0.08395267422585573,0.02967581096583696,0.016790534845171148
148020.KS,RISE 200,risk,domestic_equity_index,0.18571428571428572,-0.0005271207577995033,2025-05-30,v31_light_overlay_benchmark_exclude,tree,0.1494839243005419,0.06442638060332906,0.08505754369721283,0.027761300227243494,0.015796400972339527
102780.KS,KODEX 삼성그룹,risk,domestic_equity_sector,0.2,0.05048440663796498,2025-06-27,v31_light_overlay_benchmark_exclude,tree,0.0646900043990088,0.03572734283426654,0.028962661564742254,0.012938000879801759,0.005792532312948451
139240.KS,TIGER 200 철강소재,risk,domestic_equity_sector,0.01428571428571429,0.04626014627253533,2025-06-27,v31_light_overlay_benchmark_exclude,tree,0.1415425683823616,0.03572734283426654,0.10581522554809505,0.0020220366911765947,0.0015116460792585012
101280.KS,KODEX 일본TOPIX100,risk,overseas_equity_index,0.2,-0.02093436051416199,2025-06-27,v31_light_overlay_benchmark_exclude,tree,0.0379072493043839,0.03572734283426654,0.002179906470117357,0.00758144986087678,0.0004359812940234714
105010.KS,TIGER 라틴35,risk,overseas_equity_index,0.2,-0.02117353062737527,2025-06-27,v31_light_overlay_benchmark_exclude,tree,0.025414559982239,0.03572734283426654,-0.010312782852027538,0.005082911996447801,-0.0020625565704055077
133690.KS,TIGER 미국나스닥100,risk,overseas_equity_index,0.02857142857142858,-0.028749606528620814,2025-06-27,v31_light_overlay_benchmark_exclude,tree,0.0499167301553138,0.03572734283426654,0.014189387321047263,0.0014261922901518233,0.0004054110663156362
156080.KS,KODEX MSCI Korea,risk,domestic_equity_index,0.2,-0.06182957763165375,2025-06-27,v31_light_overlay_benchmark_exclude,tree,0.0459833009445593,0.03572734283426654,0.010255958110292757,0.009196660188911859,0.0020511916220585513
152100.KS,PLUS 200,risk,domestic_equity_index,0.15714285714285703,-0.08124168735226615,2025-06-27,v31_light_overlay_benchmark_exclude,tree,0.0447690722681684,0.03572734283426654,0.009041729433901857,0.007035139927855029,0.0014208431967560051
174350.KS,TIGER 로우볼,risk,domestic_equity_sector,0.2,0.15925969060080025,2025-07-25,v31_light_overlay_benchmark_exclude,tree,-0.0364679977817349,0.007425712943215733,-0.04389371072495064,-0.00729359955634698,-0.008778742144990128
102780.KS,KODEX 삼성그룹,risk,domestic_equity_sector,0.01428571428571429,0.13843190596695254,2025-07-25,v31_light_overlay_benchmark_exclude,tree,0.0384809768426279,0.007425712943215733,0.031055263899412166,0.0005497282406089701,0.00044364662713445967
105010.KS,TIGER 라틴35,risk,overseas_equity_index,0.2,0.088085696368541,2025-07-25,v31_light_overlay_benchmark_exclude,tree,0.0295584614561936,0.007425712943215733,0.02213274851297787,0.00591169229123872,0.004426549702595574
101280.KS,KODEX 일본TOPIX100,risk,overseas_equity_index,0.2,0.023530294829354332,2025-07-25,v31_light_overlay_benchmark_exclude,tree,0.0469557768930049,0.007425712943215733,0.03953006394978916,0.00939115537860098,0.007906012789957832
156080.KS,KODEX MSCI Korea,risk,domestic_equity_index,0.2,-0.02807295362971156,2025-07-25,v31_light_overlay_benchmark_exclude,tree,0.0012929699715504,0.007425712943215733,-0.006132742971665333,0.00025859399431008,-0.0012265485943330668
148020.KS,RISE 200,risk,domestic_equity_index,0.18571428571428572,-0.03609737022087196,2025-07-25,v31_light_overlay_benchmark_exclude,tree,-0.0042913884244456,0.007425712943215733,-0.011717101367661333,-0.0007969721359684686,-0.0021760331111371047
091170.KS,KODEX 은행,risk,domestic_equity_sector,0.2,0.14779881275944873,2025-08-29,v31_light_overlay_benchmark_exclude,tree,0.0301968672236023,0.04152364755544818,-0.011326780331845879,0.00603937344472046,-0.002265356066369176
133690.KS,TIGER 미국나스닥100,risk,overseas_equity_index,0.2,0.1332219240952054,2025-08-29,v31_light_overlay_benchmark_exclude,tree,0.0487947586111463,0.04152364755544818,0.0072711110556981234,0.00975895172222926,0.0014542222111396247
102780.KS,KODEX 삼성그룹,risk,domestic_equity_sector,0.01428571428571429,0.13205165824502368,2025-08-29,v31_light_overlay_benchmark_exclude,tree,0.0815031579581282,0.04152364755544818,0.03997951040268002,0.0011643308279732604,0.000571135862895429
101280.KS,KODEX 일본TOPIX100,risk,overseas_equity_index,0.2,0.09553307606255784,2025-08-29,v31_light_overlay_benchmark_exclude,tree,0.0334966313654863,0.04152364755544818,-0.008027016189961877,0.00669932627309726,-0.0016054032379923756
156080.KS,KODEX MSCI Korea,risk,domestic_equity_index,0.2,0.0245658401402531,2025-08-29,v31_light_overlay_benchmark_exclude,tree,0.0965588081638637,0.04152364755544818,0.05503516060841552,0.01931176163277274,0.011007032121683104
102110.KS,TIGER 200,risk,domestic_equity_index,0.18571428571428572,-0.08546968660173145,2025-08-29,v31_light_overlay_benchmark_exclude,tree,0.0893519717642616,0.04152364755544818,0.04782832420881342,0.01659393761336287,0.008882403067351064
091160.KS,KODEX 반도체,risk,domestic_equity_sector,0.2,1.8060600479479407,2025-09-26,v31_light_overlay_benchmark_exclude,rule,0.2499446129107976,0.0802488786618509,0.16969573424894668,0.04998892258215952,0.03393914684978934
133690.KS,TIGER 미국나스닥100,risk,overseas_equity_index,0.2,0.8970040756202764,2025-09-26,v31_light_overlay_benchmark_exclude,rule,0.0504096934910016,0.0802488786618509,-0.029839185170849304,0.01008193869820032,-0.0059678370341698615
102780.KS,KODEX 삼성그룹,risk,domestic_equity_sector,0.01428571428571429,0.8007361086417062,2025-09-26,v31_light_overlay_benchmark_exclude,rule,0.1516245490565633,0.0802488786618509,0.0713756703947124,0.0021660649865223335,0.0010196524342101776
156080.KS,KODEX MSCI Korea,risk,domestic_equity_index,0.2,0.2882263709135501,2025-09-26,v31_light_overlay_benchmark_exclude,rule,0.1927400593482742,0.0802488786618509,0.1124911806864233,0.03854801186965484,0.02249823613728466
105010.KS,TIGER 라틴35,risk,overseas_equity_index,0.2,0.0188179570454448,2025-09-26,v31_light_overlay_benchmark_exclude,rule,0.0236452505287005,0.0802488786618509,-0.056603628133150403,0.0047290501057401,-0.011320725626630081
148020.KS,RISE 200,risk,domestic_equity_index,0.18571428571428572,-0.0662447743787122,2025-09-26,v31_light_overlay_benchmark_exclude,rule,0.1745228392559632,0.0802488786618509,0.0942739605941123,0.03241138443325031,0.017508021253192285
091160.KS,KODEX 반도체,risk,domestic_equity_sector,0.2,0.2096849781247759,2025-10-31,v31_light_overlay_benchmark_exclude,tree,-0.0524344514443606,-0.00678697152876231,-0.04564747991559829,-0.01048689028887212,-0.009129495983119658
139250.KS,TIGER 200 에너지화학,risk,domestic_equity_sector,0.01428571428571429,0.19696061824141456,2025-10-31,v31_light_overlay_benchmark_exclude,tree,-0.0307167709179987,-0.00678697152876231,-0.023929799389236388,-0.00043881101311426726,-0.0003418542769890914
156080.KS,KODEX MSCI Korea,risk,domestic_equity_index,0.2,0.14200851957312555,2025-10-31,v31_light_overlay_benchmark_exclude,tree,-0.0478920563689017,-0.00678697152876231,-0.041105084840139396,-0.00957841127378034,-0.00822101696802788
102110.KS,TIGER 200,risk,domestic_equity_index,0.2,0.09950565887464162,2025-10-31,v31_light_overlay_benchmark_exclude,tree,-0.0410428519521417,-0.00678697152876231,-0.03425588042337939,-0.008208570390428339,-0.006851176084675878
148020.KS,RISE 200,risk,domestic_equity_index,0.02857142857142858,0.09102216873157874,2025-10-31,v31_light_overlay_benchmark_exclude,tree,-0.0414923295945087,-0.00678697152876231,-0.03470535806574639,-0.0011854951312716775,-0.0009915816590213259
133690.KS,TIGER 미국나스닥100,risk,overseas_equity_index,0.2,-0.28572126579498885,2025-10-31,v31_light_overlay_benchmark_exclude,tree,0.0031919861050015,-0.00678697152876231,0.00997895763376381,0.0006383972210003001,0.0019957915267527623
101280.KS,KODEX 일본TOPIX100,risk,overseas_equity_index,0.15714285714285703,-0.34119995087815624,2025-10-31,v31_light_overlay_benchmark_exclude,tree,0.0136699998997922,-0.00678697152876231,0.02045697142855451,0.0021481428413959156,0.003214666938772849
105010.KS,TIGER 라틴35,risk,overseas_equity_index,0.2,0.21490695624653552,2025-11-28,v31_light_overlay_benchmark_exclude,tree,-0.0034965789288773,0.024081894976105824,-0.027578473904983122,-0.00069931578577546,-0.005515694780996625
147970.KS,TIGER 모멘텀,risk,domestic_equity_sector,0.2,0.12201545958967788,2025-11-28,v31_light_overlay_benchmark_exclude,tree,0.0095095242327722,0.024081894976105824,-0.014572370743333625,0.0019019048465544399,-0.002914474148666725
102780.KS,KODEX 삼성그룹,risk,domestic_equity_sector,0.01428571428571429,0.07065032117736884,2025-11-28,v31_light_overlay_benchmark_exclude,tree,0.0585533794869164,0.024081894976105824,0.03447148451081057,0.0008364768498130917,0.0004924497787258654
156080.KS,KODEX MSCI Korea,risk,domestic_equity_index,0.2,0.026526752866914853,2025-11-28,v31_light_overlay_benchmark_exclude,tree,0.065255444872142,0.024081894976105824,0.041173549896036166,0.0130510889744284,0.008234709979207234
102110.KS,TIGER 200,risk,domestic_equity_index,0.2,-0.16526595168734987,2025-11-28,v31_light_overlay_benchmark_exclude,tree,0.06253918207593,0.024081894976105824,0.03845728709982417,0.012507836415186,0.007691457419964834
152100.KS,PLUS 200,risk,domestic_equity_index,0.02857142857142858,-0.1653392990544654,2025-11-28,v31_light_overlay_benchmark_exclude,tree,0.0619430173289938,0.024081894976105824,0.03786112235288798,0.0017698004951141092,0.0010817463529396569
133690.KS,TIGER 미국나스닥100,risk,overseas_equity_index,0.15714285714285714,-0.29513525321187933,2025-11-28,v31_light_overlay_benchmark_exclude,tree,-0.0060302842586498,0.024081894976105824,-0.030112179234755624,-0.0009476160977878257,-0.004731913879747312
156080.KS,KODEX MSCI Korea,risk,domestic_equity_index,0.2,0.025497858396065443,2025-12-26,v31_light_overlay_benchmark_exclude,tree,0.2384685565400812,0.10396455851213156,0.13450399802794966,0.047693711308016244,0.026900799605589932
091180.KS,KODEX 자동차,risk,domestic_equity_sector,0.2,0.016264411572860404,2025-12-26,v31_light_overlay_benchmark_exclude,tree,0.3095873747903777,0.10396455851213156,0.20562281627824613,0.061917474958075536,0.04112456325564923
105010.KS,TIGER 라틴35,risk,overseas_equity_index,0.2,0.004112329705456404,2025-12-26,v31_light_overlay_benchmark_exclude,tree,0.1508772424039446,0.10396455851213156,0.04691268389181304,0.03017544848078892,0.009382536778362607
102780.KS,KODEX 삼성그룹,risk,domestic_equity_sector,0.01428571428571429,0.002937882396902701,2025-12-26,v31_light_overlay_benchmark_exclude,tree,0.1934201263464177,0.10396455851213156,0.08945556783428614,0.002763144662091682,0.0012779366833469454
152100.KS,PLUS 200,risk,domestic_equity_index,0.2,-0.022312351406374983,2025-12-26,v31_light_overlay_benchmark_exclude,tree,0.2221853811213339,0.10396455851213156,0.11822082260920234,0.044437076224266785,0.02364416452184047
148020.KS,RISE 200,risk,domestic_equity_index,0.02857142857142858,-0.022451828463223696,2025-12-26,v31_light_overlay_benchmark_exclude,tree,0.2234987860194761,0.10396455851213156,0.11953422750734453,0.006385679600556462,0.0034152636430669877
133690.KS,TIGER 미국나스닥100,risk,overseas_equity_index,0.15714285714285714,-0.09219070370577431,2025-12-26,v31_light_overlay_benchmark_exclude,tree,-0.0028963045774871,0.10396455851213156,-0.10686086308961866,-0.00045513357646225855,-0.01679242134265436
091160.KS,KODEX 반도체,risk,domestic_equity_sector,0.2,1.3916127164850003,2026-01-30,v31_light_overlay_benchmark_exclude,rule,0.1950114116498569,0.09657313611276258,0.0984382755370943,0.03900228232997138,0.019687655107418864
139260.KS,TIGER 200 IT,risk,domestic_equity_sector,0.01428571428571429,1.391104593855527,2026-01-30,v31_light_overlay_benchmark_exclude,rule,0.2500994758722206,0.09657313611276258,0.153526339759458,0.0035728496553174382,0.002193233425135115
105010.KS,TIGER 라틴35,risk,overseas_equity_index,0.2,0.951004565413814,2026-01-30,v31_light_overlay_benchmark_exclude,rule,0.0258684159266135,0.09657313611276258,-0.07070472018614908,0.0051736831853227,-0.014140944037229817
101280.KS,KODEX 일본TOPIX100,risk,overseas_equity_index,0.2,0.383975802038948,2026-01-30,v31_light_overlay_benchmark_exclude,rule,0.0749070332798909,0.09657313611276258,-0.02166610283287168,0.01498140665597818,-0.0043332205665743365
156080.KS,KODEX MSCI Korea,risk,domestic_equity_index,0.2,0.2176700056067454,2026-01-30,v31_light_overlay_benchmark_exclude,rule,0.218861672297058,0.09657313611276258,0.12228853618429542,0.0437723344594116,0.024457707236859083
069500.KS,KODEX 200,risk,domestic_equity_index,0.18571428571428572,-0.0216708656799796,2026-01-30,v31_light_overlay_benchmark_exclude,rule,0.2175149968810954,0.09657313611276258,0.12094186076833283,0.04039564227791772,0.022460631285547525
091160.KS,KODEX 반도체,risk,domestic_equity_sector,0.2,0.0752372485617196,2026-02-27,v31_light_overlay_benchmark_exclude,tree,-0.0944022812632058,-0.060103971258720995,-0.0342983100044848,-0.018880456252641162,-0.00685966200089696
139220.KS,TIGER 200 건설,risk,domestic_equity_sector,0.01428571428571429,0.04880233483581674,2026-02-27,v31_light_overlay_benchmark_exclude,tree,-0.0489641938267226,-0.060103971258720995,0.011139777431998392,-0.0006994884832388946,0.0001591396775999771
133690.KS,TIGER 미국나스닥100,risk,overseas_equity_index,0.2,0.0027755508986621463,2026-02-27,v31_light_overlay_benchmark_exclude,tree,-0.0018233762620923,-0.060103971258720995,0.058280594996628694,-0.00036467525241846,0.01165611899932574
156080.KS,KODEX MSCI Korea,risk,domestic_equity_index,0.2,-0.011079064912602105,2026-02-27,v31_light_overlay_benchmark_exclude,tree,-0.1406496952208327,-0.060103971258720995,-0.08054572396211171,-0.02812993904416654,-0.016109144792422342
152100.KS,PLUS 200,risk,domestic_equity_index,0.2,-0.02111903356015872,2026-02-27,v31_light_overlay_benchmark_exclude,tree,-0.1367369502378911,-0.060103971258720995,-0.0766329789791701,-0.02734739004757822,-0.01532659579583402
148020.KS,RISE 200,risk,domestic_equity_index,0.02857142857142858,-0.047570714738576894,2026-02-27,v31_light_overlay_benchmark_exclude,tree,-0.137466422082691,-0.060103971258720995,-0.07736245082397,-0.003927612059505458,-0.002210355737827715
101280.KS,KODEX 일본TOPIX100,risk,overseas_equity_index,0.15714285714285714,-0.07492232338321039,2026-02-27,v31_light_overlay_benchmark_exclude,tree,-0.0425040719275445,-0.060103971258720995,0.017599899331176498,-0.006679211302899849,0.0027656984663277356
139220.KS,TIGER 200 건설,risk,domestic_equity_sector,0.2,1.2770241192114744,2026-03-27,v31_light_overlay_benchmark_exclude,rule,0.3405939940273808,0.10150649302469736,0.23908750100268342,0.06811879880547615,0.04781750020053668
091160.KS,KODEX 반도체,risk,domestic_equity_sector,0.01428571428571429,1.111790078516396,2026-03-27,v31_light_overlay_benchmark_exclude,rule,0.2529596325341743,0.10150649302469736,0.15145313950947695,0.003613709036202491,0.0021636162787068143
105010.KS,TIGER 라틴35,risk,overseas_equity_index,0.2,0.6601060702360533,2026-03-27,v31_light_overlay_benchmark_exclude,rule,0.0626822199181145,0.10150649302469736,-0.03882427310658286,0.0125364439836229,-0.007764854621316573
148020.KS,RISE 200,risk,domestic_equity_index,0.2,-0.0242154923585411,2026-03-27,v31_light_overlay_benchmark_exclude,rule,0.2066629686929932,0.10150649302469736,0.10515647566829583,0.04133259373859864,0.02103129513365917
102110.KS,TIGER 200,risk,domestic_equity_index,0.2,-0.0592451337904069,2026-03-27,v31_light_overlay_benchmark_exclude,rule,0.2073530942634973,0.10150649302469736,0.10584660123879994,0.04147061885269946,0.021169320247759988
069500.KS,KODEX 200,risk,domestic_equity_index,0.02857142857142858,-0.0723445222150034,2026-03-27,v31_light_overlay_benchmark_exclude,rule,0.2065250711711506,0.10150649302469736,0.10501857814645324,0.005900716319175733,0.003000530804184379
101280.KS,KODEX 일본TOPIX100,risk,overseas_equity_index,0.15714285714285714,-0.0750919566594168,2026-03-27,v31_light_overlay_benchmark_exclude,rule,0.0115278588285629,0.10150649302469736,-0.08997863419613446,0.0018115206730598844,-0.014139499659392558
139260.KS,TIGER 200 IT,risk,domestic_equity_sector,0.2,0.10168972961712586,2026-04-17,v31_light_overlay_benchmark_exclude,tree,0.4552859957415158,0.10049068012790775,0.35479531561360805,0.09105719914830317,0.07095906312272161
102780.KS,KODEX 삼성그룹,risk,domestic_equity_sector,0.01428571428571429,0.012310170042739273,2026-04-17,v31_light_overlay_benchmark_exclude,tree,0.2162758659805717,0.10049068012790775,0.11578518585266394,0.0030896552282938822,0.0016540740836094854
105010.KS,TIGER 라틴35,risk,overseas_equity_index,0.2,-0.001507320789305995,2026-04-17,v31_light_overlay_benchmark_exclude,tree,-0.0439878893131965,0.10049068012790775,-0.14447856944110427,-0.0087975778626393,-0.028895713888220854
102110.KS,TIGER 200,risk,domestic_equity_index,0.2,-0.018533075934045136,2026-04-17,v31_light_overlay_benchmark_exclude,tree,0.2521783344542134,0.10049068012790775,0.15168765432630565,0.05043566689084268,0.03033753086526113
148020.KS,RISE 200,risk,domestic_equity_index,0.2,-0.018658406719184378,2026-04-17,v31_light_overlay_benchmark_exclude,tree,0.2475732752203532,0.10049068012790775,0.14708259509244542,0.04951465504407064,0.029416519018489087
152100.KS,PLUS 200,risk,domestic_equity_index,0.02857142857142858,-0.018760897134116813,2026-04-17,v31_light_overlay_benchmark_exclude,tree,0.2489348612300987,0.10049068012790775,0.14844418110219093,0.007112424606574251,0.004241262317205456
101280.KS,KODEX 일본TOPIX100,risk,overseas_equity_index,0.15714285714285714,-0.031161594729219002,2026-04-17,v31_light_overlay_benchmark_exclude,tree,0.039069415376135,0.10049068012790775,-0.06142126475177275,0.006139479559106929,-0.009651913032421432
