date,etf_ticker,market,benchmark_ticker,name,group,ranking_group,pdf_asset_class,pdf_sub_asset,pdf_sub_asset_kr,ETF_return_20D,ETF_return_60D,ETF_return_120D,benchmark_return_20D,benchmark_return_60D,benchmark_return_120D,ETF_RS_20D,ETF_RS_60D,ETF_RS_120D,RS_slope_20D,price_obs,first_price_date,weighted_HP,median_HP,HP90_share,HP_change_20D,weighted_component_RS_20D,weighted_component_RS_60D,median_component_RS_20D,RS_positive_share,MA60_breadth,MA200_breadth,Breadth_change_20D,median_component_return_20D,median_component_return_60D,holding_count,effective_N,sub_asset,asset_class,policy_benchmark_return_20D,group_benchmark_return_20D,policy_RS_20D,group_RS_20D,blended_RS_20D,policy_benchmark_return_60D,group_benchmark_return_60D,policy_RS_60D,group_RS_60D,blended_RS_60D,policy_benchmark_return_120D,group_benchmark_return_120D,policy_RS_120D,group_RS_120D,blended_RS_120D,persistent_rs,is_mean_reversion_group,is_cyclical_group,benchmark_strong,benchmark_strong_excluded,current_v31_score,screen_rank
2026-05-29,363580.KS,KR,069500.KS,KODEX 200IT TR,Korea IT,Korea IT,risk,domestic_equity_sector,국내주식_섹터,0.655645869947276,1.3065034429992348,2.486699051584548,0.34943196036234414,0.6203751827653721,1.2967996867380913,0.3062139095849319,0.6861282602338628,1.1898993648464566,0.007369071373362346,1469,2020-09-25,0.9468501070320694,1.0,0.8029337332458524,0.3531258787140316,0.3194082161538652,0.5138247612998501,0.1185919736069394,0.7527884525260099,0.8104789577279969,1.0,-0.18295997750492088,0.46802393396928355,0.8242830994508847,13,4.936746488147169,domestic_equity_sector,risk,0.11787876972162385,0.089642849561123,0.5377671002256522,0.566003020386153,0.5490614682898526,0.22197825220169393,0.30202483707192235,1.0845251907975408,1.0044786059273125,1.0525065568494494,0.4892948334295685,0.7241967451003659,1.9974042181549794,1.762502306484182,1.9034434534866604,3.763623236023497,False,False,True,False,4.791516577104139,1
2026-05-29,139260.KS,KR,069500.KS,TIGER 200 IT,Korea IT,Korea IT,risk,domestic_equity_sector,국내주식_섹터,0.6403229325769146,1.2827462886887897,2.454635286714328,0.34943196036234414,0.6203751827653721,1.2967996867380913,0.2908909722145705,0.6623711059234176,1.1578355999762366,0.007173164835928817,3924,2011-04-06,0.9468461757695713,1.0,0.8028519161311507,0.35348749941366875,0.31947892040743764,0.5134720590783277,0.1185919736069394,0.7528495708053851,0.810403865096862,1.0,-0.18307612927435635,0.46802393396928355,0.8242830994508847,13,4.930740857276084,domestic_equity_sector,risk,0.11787876972162385,0.089642849561123,0.5224441628552908,0.5506800830157916,0.5337385309194911,0.22197825220169393,0.30202483707192235,1.0607680364870957,0.9807214516168674,1.0287494025390043,0.4892948334295685,0.7241967451003659,1.9653404532847594,1.730438541613962,1.8713796886164404,3.6862997628862093,False,False,True,False,4.714018827817809,2
2026-05-29,395270.KS,KR,069500.KS,HANARO Fn K-반도체,Korea semiconductor,Korea semiconductor,risk,domestic_equity_sector,국내주식_섹터,0.6437343766981849,1.1938436631180185,2.8195890395012264,0.34943196036234414,0.6203751827653721,1.2967996867380913,0.29430241633584076,0.5734684803526464,1.522789352763135,0.008970658407966936,1251,2021-07-30,0.7821103886128271,0.7993019197207679,0.10629082748466952,-0.5750511013593675,-0.35601589124772814,-0.47820463719389017,-0.39558580651619024,0.10766305979216392,0.37663488614760077,0.8082162409411229,-0.6189339470261154,-0.0461538461538461,-0.00189753320683117,19,10.142170943765917,domestic_equity_sector,risk,0.11787876972162385,0.089642849561123,0.5258556069765611,0.5540915271370619,0.5371499750407613,0.22197825220169393,0.30202483707192235,0.9718654109163245,0.8918188260460962,0.9398467769682332,0.4892948334295685,0.7241967451003659,2.330294206071658,2.0953922944008605,2.236333441403339,3.8403425622470486,False,False,True,False,3.309043007158946,3
2026-05-29,446770.KS,US,QQQ,ACE 글로벌반도체TOP4 Plus,US semiconductor,US semiconductor,risk,overseas_equity_sector,해외주식_섹터,0.3355941987156361,0.5801409954111967,1.0103111940142742,0.1056848599099911,0.21403986042698286,0.18567535285112657,0.229909338805645,0.3661011349842138,0.8246358411631476,0.008016101645282214,914,2022-11-15,0.9996617179964425,0.9980794348796773,0.9969045533276534,-0.0030954466723466245,0.505193753689616,0.8195294254145963,0.19296773578997062,0.9959416287660299,1.0,1.0,0.0,0.28813939020071677,0.6389258199921166,8,1.9917756392715829,overseas_equity_sector,risk,0.11787876972162385,0.08095668211647015,0.21771542899401225,0.25463751659916595,0.23248426403607375,0.22197825220169393,0.1656145676659739,0.35816274320950275,0.41452642774522275,0.38070821702379076,0.4892948334295685,0.23041814269889116,0.5210163605847057,0.779893051315383,0.6245670368769767,1.5108218772967732,False,False,True,False,3.027451581674383,4
2026-05-29,456600.KS,US,QQQ,TIME 글로벌AI인공지능액티브,US growth,US growth,risk,overseas_equity_sector,해외주식_섹터,0.2687374015026571,0.693408340467164,0.8871990307269728,0.1056848599099911,0.21403986042698286,0.18567535285112657,0.16305254159266602,0.4793684800401812,0.7015236778758462,0.003972186975409732,784,2023-05-16,0.9803945991984223,0.8941492423839332,0.9130459176581119,-0.08338177591640172,0.45798914748691116,0.8418322534686493,0.010874125842442295,0.8885172980447661,0.9400127735349673,0.9986591426205569,-0.05998722646503274,0.10604578025318845,0.5561725762531587,24,2.7352156677173927,overseas_equity_sector,risk,0.11787876972162385,0.08095668211647015,0.15085863178103326,0.18778071938618696,0.16562746682309476,0.22197825220169393,0.1656145676659739,0.4714300882654701,0.5277937728011901,0.4939755620797581,0.4892948334295685,0.23041814269889116,0.39790419729740434,0.6567808880280817,0.5014548735896752,1.4747490617935248,False,False,True,False,2.8926855074585838,5
2026-05-29,395160.KS,KR,069500.KS,KODEX AI반도체,Korea semiconductor,Korea semiconductor,risk,domestic_equity_sector,국내주식_섹터,0.6132613261326132,0.913472060354261,2.1185381942835755,0.34943196036234414,0.6203751827653721,1.2967996867380913,0.26382936577026905,0.2930968775888889,0.8217385075454842,0.00764912948104776,1251,2021-07-30,0.8038943719858418,0.8006088280060882,0.23649729642155587,-0.4295348224953926,-0.28984331936611,-0.26867279609394523,-0.3961447631305103,0.10081208610947982,0.6218432937078516,0.7948925656655663,-0.3676664168978715,-0.04671280276816614,-0.00189753320683117,23,9.832858848623143,domestic_equity_sector,risk,0.11787876972162385,0.089642849561123,0.4953825564109893,0.5236184765714902,0.5066769244751896,0.22197825220169393,0.30202483707192235,0.691493808152567,0.6114472232823387,0.6594751742044757,0.4892948334295685,0.7241967451003659,1.629243360854007,1.3943414491832096,1.535282596185688,2.855507758175806,False,False,True,False,2.679572057239133,6
2026-05-29,381180.KS,US,QQQ,TIGER 미국필라델피아반도체나스닥,US semiconductor,US semiconductor,risk,overseas_equity_index,해외주식_지수,0.2784555401836246,0.6784824718605984,0.8020436142974057,0.1056848599099911,0.21403986042698286,0.18567535285112657,0.17277068027363351,0.46444261143361554,0.6163682614462791,0.006763489248878327,1331,2021-04-09,0.9475064162753521,0.9497638011541893,0.5571372245969085,-0.413366487568957,0.17312183147242258,0.5970014895236273,0.019470782560949695,0.5157032831522448,1.0,1.0,0.0,0.11464243697169585,0.5338181628647549,23,5.791486946469267,overseas_equity_index,risk,0.11787876972162385,0.06055688889194477,0.16057677046200075,0.21789865129167985,0.1835055227938724,0.22197825220169393,0.10116444299014907,0.4565042196589045,0.5773180288704494,0.5048297433435225,0.4892948334295685,0.0958069158918265,0.3127487808678372,0.7062366984055792,0.470143947882934,1.5261317243327328,False,False,True,False,2.5022924847814165,7
2026-05-29,315930.KS,KR,069500.KS,KODEX Top5PlusTR,Korea IT,Korea IT,risk,domestic_equity_sector,국내주식_섹터,0.413737231419514,0.6500575563229731,1.42953995157385,0.34943196036234414,0.6203751827653721,1.2967996867380913,0.06430527105716988,0.02968237355760106,0.13274026483575874,0.002522421444191013,1905,2019-01-22,0.9680934007166407,0.8973123768711982,0.8230793092751526,-0.020370178885327217,0.11753302227946603,0.20558583726543078,-0.38733719727007476,0.7734463861027816,0.8502740150966809,0.9688760210939924,-0.07724123668700233,-0.03790523690773062,0.057651211071583,9,3.9147069638350525,domestic_equity_sector,risk,0.11787876972162385,0.089642849561123,0.29585846169789015,0.324094381858391,0.30715282976209046,0.22197825220169393,0.30202483707192235,0.4280793041212792,0.3480327192510508,0.3960606701731878,0.4892948334295685,0.7241967451003659,0.9402451181442816,0.7053432064734841,0.8462843534759625,1.6876684686532577,False,False,True,False,2.4383202916835955,8
2026-05-29,390390.KS,US,QQQ,KODEX 미국반도체,US semiconductor,US semiconductor,risk,overseas_equity_sector,해외주식_섹터,0.23546974522292996,0.559263854973012,0.6955581701025813,0.1056848599099911,0.21403986042698286,0.18567535285112657,0.12978488531293886,0.34522399454602914,0.5098828172514547,0.005386604334482961,1273,2021-06-30,0.947557898080474,0.9562679578253839,0.5720898410803008,-0.3889029415877918,0.1739592557350103,0.5950677328158616,0.011997029891637312,0.5034010357638433,1.0,1.0,0.0,0.10716868430238347,0.5012387406210066,20,5.643409025473405,overseas_equity_sector,risk,0.11787876972162385,0.08095668211647015,0.11759097550130611,0.1545130631064598,0.1323598105433676,0.22197825220169393,0.1656145676659739,0.3372856027713181,0.3936492873070381,0.3598310765856061,0.4892948334295685,0.23041814269889116,0.20626333667301278,0.4651400274036901,0.3098140129652837,1.1180188697005042,False,False,True,False,2.098829332894339,9
2026-05-29,102780.KS,KR,069500.KS,KODEX 삼성그룹,Korea IT,Korea IT,risk,domestic_equity_sector,국내주식_섹터,0.44273127753303965,0.7989171522909748,1.384020861319951,0.34943196036234414,0.6203751827653721,1.2967996867380913,0.0932993171706955,0.17854196952560275,0.08722117458185963,0.002253123433543328,4250,2010-01-04,0.8333688891243975,0.8214285714285714,0.310874749233506,-0.35220863772285105,-0.27005926075873726,-0.23331278029136773,-0.3531984387050937,0.2544002422498958,0.529694538021878,0.5510428100987923,0.044513418373140434,-0.0037664783427495685,0.31034482758620685,15,7.786538473917416,domestic_equity_sector,risk,0.11787876972162385,0.089642849561123,0.3248525078114158,0.35308842797191664,0.3361468758756161,0.22197825220169393,0.30202483707192235,0.5769389000892808,0.49689231521905247,0.5449202661411895,0.4892948334295685,0.7241967451003659,0.8947260278903825,0.659824116219585,0.8007652632220634,1.9088780830945862,False,False,True,False,1.8145035532607166,10
2026-05-29,287180.KS,US,QQQ,PLUS 미국나스닥테크,US growth,US growth,risk,overseas_equity_sector,해외주식_섹터,0.21770091556459814,0.4342370360898544,0.33945244146539677,0.1056848599099911,0.21403986042698286,0.18567535285112657,0.11201605565460704,0.22019717566287156,0.1537770886142702,0.004982212942647492,2190,2017-12-13,0.9251592493091731,0.9615471442474139,0.5872033330591101,-0.23990981238874742,0.14806411538147202,0.5850345238824173,0.0013151533509360158,0.5425011173100507,0.9795999094313642,0.8580235134250775,0.003131714632132132,0.09648680776168217,0.4498711329779448,30,9.969444075596767,overseas_equity_sector,risk,0.11787876972162385,0.08095668211647015,0.09982214584297429,0.13674423344812797,0.11459098088503576,0.22197825220169393,0.1656145676659739,0.2122587838881605,0.2686224684238805,0.2348042577024485,0.4892948334295685,0.23041814269889116,-0.1498423919641717,0.10903429876650561,-0.046291715671900775,0.6461943250597899,False,False,True,False,1.5944474896836263,11
2026-05-29,497570.KS,US,QQQ,TIGER 미국필라델피아AI반도체나스닥,US semiconductor,US semiconductor,risk,overseas_equity_sector,해외주식_섹터,0.2140029688273133,0.4576314139323623,0.5178971203089753,0.1056848599099911,0.21403986042698286,0.18567535285112657,0.10831810891732219,0.24359155350537942,0.3322217674578487,0.004492217873543173,388,2024-11-26,0.9392466666161089,0.9832407008923596,0.4718325870956939,-0.47352346918561344,0.054970910398427345,0.30426105095359574,0.041232934665675014,0.34192484300191167,1.0,1.0,0.0,0.13640458907642117,0.4093572983742654,12,3.4022728640886863,overseas_equity_sector,risk,0.11787876972162385,0.08095668211647015,0.09612419910568944,0.13304628671084312,0.11089303414775091,0.22197825220169393,0.1656145676659739,0.23565316173066836,0.29201684626638835,0.25819863554495637,0.4892948334295685,0.23041814269889116,0.028602286879406802,0.2874789776100841,0.13215296317167774,0.7999687442736931,False,False,True,False,1.5114785031627607,12
2026-05-29,463680.KS,US,QQQ,KODEX 미국S&P500테크놀로지,US growth,US growth,risk,overseas_equity_sector,해외주식_섹터,0.20093688362919138,0.3835983080497236,0.3006077303061305,0.1056848599099911,0.21403986042698286,0.18567535285112657,0.09525202371920027,0.16955844762274075,0.11493237745500395,0.005098626557222074,729,2023-08-03,0.8971631103130565,0.9226846114601547,0.43733484148200025,-0.27184563716763105,0.12395027435606504,0.3888451275979079,-1.941228243851345e-05,0.45957001835024963,0.9777090118077434,0.804971331019878,0.042010514510057995,0.09515224212830764,0.40257669201752755,58,12.194442860568284,overseas_equity_sector,risk,0.11787876972162385,0.08095668211647015,0.08305811390756752,0.11998020151272122,0.09782694894962901,0.22197825220169393,0.1656145676659739,0.1616200558480297,0.2179837403837497,0.1841655296623177,0.4892948334295685,0.23041814269889116,-0.18868710312343795,0.07018958760723937,-0.08513642683116701,0.5255777043062888,False,False,True,False,1.3226726279905492,13
2026-05-29,147970.KS,KR,069500.KS,TIGER 모멘텀,Korea growth,Korea growth,risk,domestic_equity_sector,국내주식_섹터,0.17801076474545852,0.5962873460623626,1.0462694117871738,0.34943196036234414,0.6203751827653721,1.2967996867380913,-0.17142119561688562,-0.024087836703009513,-0.2505302749509175,-0.006512999359938881,3779,2011-10-26,0.8541850960809294,0.8774312997359051,0.5067318132464713,-0.2261672095548316,-0.11919567417462557,0.28717333510574705,-0.4020097257845492,0.36840390879478835,0.6434310532030402,0.9431053203040174,-0.24136807817589578,-0.05257776542220505,0.3053355933092736,28,26.24714318513894,domestic_equity_sector,risk,0.11787876972162385,0.089642849561123,0.060131995023834664,0.08836791518433551,0.071426363088035,0.22197825220169393,0.30202483707192235,0.37430909386066863,0.2942625089904402,0.3422904599125772,0.4892948334295685,0.7241967451003659,0.5569745783576053,0.3220726666868079,0.46301381368928635,0.9722620634058516,False,False,True,False,1.3159526853346422,14
2026-05-29,091160.KS,KR,069500.KS,KODEX 반도체,Korea semiconductor,Korea semiconductor,risk,domestic_equity_sector,국내주식_섹터,0.2997981429148162,0.6019041145006192,1.763291426208116,0.34943196036234414,0.6203751827653721,1.2967996867380913,-0.04963381744752793,-0.018471068264752866,0.46649173947002476,7.433752807296282e-05,4250,2010-01-04,0.7547001646374496,0.7775346462436178,0.09111281526925695,-0.5384543285616903,-0.3409971720634211,-0.3807229590197776,-0.39558580651619024,0.13341002044989772,0.380478868438991,0.6936690524880708,-0.5896472392638039,-0.0461538461538461,0.011037527593819041,33,17.416779019559076,domestic_equity_sector,risk,0.11787876972162385,0.089642849561123,0.18191937319319235,0.2101552933536932,0.19321374125739268,0.22197825220169393,0.30202483707192235,0.3799258622989253,0.29987927742869686,0.3479072283508339,0.4892948334295685,0.7241967451003659,1.2739965927785475,1.0390946811077502,1.1800358281102286,1.7080603653877258,False,False,True,False,1.2356882750318299,15
2026-05-29,325010.KS,KR,069500.KS,KODEX 성장주,Korea growth,Korea growth,risk,domestic_equity_sector,국내주식_섹터,0.3361199901647407,0.6494943154209192,1.2775444601644934,0.34943196036234414,0.6203751827653721,1.2967996867380913,-0.01331197019760344,0.02911913265554711,-0.019255226573597906,-0.0007108846699065482,1812,2019-05-31,0.7646224219082417,0.7150171484566389,0.11184586125130934,-0.4170201289626587,-0.39932278331809656,-0.5006823483770985,-0.47983038253492305,0.04889863366829059,0.4670010402474186,0.6875299902980292,-0.2170264334924631,-0.1303984221725789,-0.06542254370102474,270,76.93190126307375,domestic_equity_sector,risk,0.11787876972162385,0.089642849561123,0.21824122044311683,0.2464771406036177,0.22953558850731717,0.22197825220169393,0.30202483707192235,0.42751606321922525,0.34746947834899683,0.39549742927113385,0.4892948334295685,0.7241967451003659,0.7882496267349249,0.5533477150641275,0.6942888620666059,1.4563357168012467,False,False,True,False,0.988329122193577,16
2026-05-29,156080.KS,KR,069500.KS,KODEX MSCI Korea,Korea broad equity,Korea broad equity,risk,domestic_equity_index,국내주식_지수,0.3765225827314864,0.631492467861926,1.358928584958179,0.34943196036234414,0.6203751827653721,1.2967996867380913,0.02709062236914228,0.011117285096553964,0.0621288982200876,0.0006116810466854015,3646,2012-04-30,0.8317668880531701,0.8147512864493996,0.2830542479754772,-0.20484233741881286,-0.2843853505962153,-0.4336609516052571,-0.4139236143835885,0.17636057148131412,0.5043210866111894,0.7677932096516412,-0.14881637689396743,-0.06449165402124435,0.052238805970149294,70,43.184982743444486,domestic_equity_index,risk,0.11787876972162385,0.2833193908015132,0.25864381300986256,0.09320319192997323,0.1924675645779068,0.22197825220169393,0.5127119483722824,0.4095142156602321,0.11878051948964363,0.2932207371919967,0.4892948334295685,1.105516726576937,0.8696337515286104,0.2534118583812419,0.6231449942696631,1.2303946441263376,False,False,True,False,0.9805065277143945,17
2026-05-29,278540.KS,KR,069500.KS,KODEX MSCI Korea TR,Korea broad equity,Korea broad equity,risk,domestic_equity_index,국내주식_지수,0.3696648524778001,0.6321897934801162,1.365322780113777,0.34943196036234414,0.6203751827653721,1.2967996867380913,0.02023289211545598,0.0118146107147441,0.06852309337568574,0.0003266262434717746,2214,2017-11-09,0.8321983732169346,0.8147512864493996,0.2842394877163934,-0.20436317596357528,-0.28368554015523334,-0.43250539453605047,-0.4139236143835885,0.17680114922938325,0.5060407586861776,0.7691802001412188,-0.14723284069051146,-0.06449165402124435,0.052238805970149294,70,43.24047187049644,domestic_equity_index,risk,0.11787876972162385,0.2833193908015132,0.25178608275617625,0.08634546167628693,0.18560983432422054,0.22197825220169393,0.5127119483722824,0.41021154127842224,0.11947784510783377,0.29391806281018684,0.4892948334295685,1.105516726576937,0.8760279466842086,0.25980605353684005,0.6295391894252612,1.2253639509578056,False,False,True,False,0.9780993422513842,18
2026-05-29,133690.KS,US,QQQ,TIGER 미국나스닥100,US growth,US growth,risk,overseas_equity_index,해외주식_지수,0.13458621270857907,0.244841525538819,0.2078026536468558,0.1056848599099911,0.21403986042698286,0.18567535285112657,0.028901352798587965,0.03080166511183613,0.02212730079572922,0.002121254647057842,4046,2010-10-18,0.901215388733115,0.8934841307050594,0.4695677439056407,-0.19002859792712545,0.09013249029844983,0.35940818702890814,-0.08260356675069835,0.5243754214497199,0.8631518539462216,0.8200871895668951,-0.030287400059436864,0.0125680876600478,0.018114881316722897,74,15.091196735949383,overseas_equity_index,risk,0.11787876972162385,0.06055688889194477,0.016707442986955215,0.0740293238166343,0.03963619531882685,0.22197825220169393,0.10116444299014907,0.022863273337125067,0.14367708254866993,0.07118879702174302,0.4892948334295685,0.0958069158918265,-0.2814921797827127,0.1119957377550293,-0.1240970127676159,0.22444687367391947,False,False,True,False,0.920400626840024,19
2026-05-29,295040.KS,KR,069500.KS,SOL 200TR,Korea broad equity,Korea broad equity,risk,domestic_equity_index,국내주식_지수,0.3495197438633939,0.6227141482194418,1.3022303140646336,0.34943196036234414,0.6203751827653721,1.2967996867380913,8.778350104976518e-05,0.0023389654540697524,0.005430627326542314,-2.8334216033478277e-05,2099,2018-04-23,0.8225858724811096,0.7806181978942289,0.2287032317075383,-0.2983987881548648,-0.30586886186120754,-0.4040871758296857,-0.4328555789972304,0.1396658749182048,0.5142135117840382,0.783805670943556,-0.15028759630228072,-0.08342361863488623,0.0126811594202898,182,65.49107482771275,domestic_equity_index,risk,0.11787876972162385,0.2833193908015132,0.23164097414177004,0.06620035306188071,0.1654647257098143,0.22197825220169393,0.5127119483722824,0.4007358960177479,0.11000219984715942,0.2844424175495125,0.4892948334295685,1.105516726576937,0.8129354806350652,0.19671358748769663,0.5664467233761177,1.1408456688537283,False,False,True,False,0.8718604127107219,20
2026-05-29,148020.KS,KR,069500.KS,RISE 200,Korea broad equity,Korea broad equity,risk,domestic_equity_index,국내주식_지수,0.3525151304692926,0.6281928361777085,1.3093241508956015,0.34943196036234414,0.6203751827653721,1.2967996867380913,0.003083170106948474,0.007817653412336423,0.012524464157510184,1.8713041951357954e-05,3783,2011-10-20,0.8132916555267254,0.779816253160151,0.2182334503174651,-0.33120414560123135,-0.3195424612417829,-0.4013010847955491,-0.43140594196443144,0.11665626949469769,0.4963546111776626,0.7569740785107691,-0.20661795942423872,-0.0819739816020873,0.012576829667770184,183,69.27152775171545,domestic_equity_index,risk,0.11787876972162385,0.2833193908015132,0.23463636074766875,0.06919573966777942,0.168460112315713,0.22197825220169393,0.5127119483722824,0.40621458397601456,0.11548088780542609,0.28992110550777916,0.4892948334295685,1.105516726576937,0.820029317466033,0.2038074243186645,0.5735405602070855,1.1579674820278738,False,False,True,False,0.8564084866785018,21
2026-05-29,102110.KS,KR,069500.KS,TIGER 200,Korea broad equity,Korea broad equity,risk,domestic_equity_index,국내주식_지수,0.3500050015004501,0.6215969109185624,1.3012265922667061,0.34943196036234414,0.6203751827653721,1.2967996867380913,0.0005730411381059675,0.0012217281531903268,0.0044269055286148,3.181325150955641e-05,4250,2010-01-04,0.8128674973443685,0.7790143084260731,0.21771254709450538,-0.3294783644854412,-0.32020530374958334,-0.4038184127003298,-0.4328555789972304,0.11651286639235864,0.4948499724277826,0.7562847303899837,-0.20587770275220818,-0.08342361863488623,0.012472499915250568,184,68.89086302614761,domestic_equity_index,risk,0.11787876972162385,0.2833193908015132,0.23212623177882624,0.06668561069893691,0.1659499833468705,0.22197825220169393,0.5127119483722824,0.39961865871686847,0.10888496254628,0.28332518024863307,0.4892948334295685,1.105516726576937,0.8119317588371376,0.1957098656897691,0.5654430015781902,1.1397280914946744,False,False,True,False,0.835677018325981,22
2026-05-29,069500.KS,KR,069500.KS,KODEX 200,Korea broad equity,Korea broad equity,risk,domestic_equity_index,국내주식_지수,0.34943196036234414,0.6203751827653721,1.2967996867380913,0.34943196036234414,0.6203751827653721,1.2967996867380913,0.0,0.0,0.0,0.0,4250,2010-01-04,0.8133526327249403,0.7790143084260731,0.21893171940992837,-0.32915697496480434,-0.3190567963174682,-0.4012597243223751,-0.4328555789972304,0.11701199730672701,0.49694328824141526,0.7578349758217546,-0.20576375711574985,-0.08342361863488623,0.012472499915250568,184,69.34684905229366,domestic_equity_index,risk,0.11787876972162385,0.2833193908015132,0.23155319064072027,0.06611256956083095,0.16537694220876456,0.22197825220169393,0.5127119483722824,0.39839693056367814,0.10766323439308967,0.28210345209544274,0.4892948334295685,1.105516726576937,0.8075048533085228,0.19128296016115431,0.5610160960495754,1.1336528447072147,False,False,True,False,0.8332032170900311,23
2026-05-29,379810.KS,US,QQQ,KODEX 미국나스닥100,US growth,US growth,risk,overseas_equity_index,해외주식_지수,0.13529742916119347,0.2459883286741511,0.20918059121498445,0.1056848599099911,0.21403986042698286,0.18567535285112657,0.02961256925120237,0.03194846824716824,0.023505238363857872,0.002149975328774138,1331,2021-04-09,0.8849330953878917,0.8895852131159551,0.38322991043526855,-0.19953777429455377,0.07699671833504886,0.2487305310754207,-0.08266438765513584,0.44529083284353643,0.8563442208464426,0.7660037479122396,-0.027986639806260816,0.012507266755610313,0.016478561796041458,71,13.364864355882572,overseas_equity_index,risk,0.11787876972162385,0.06055688889194477,0.01741865943956962,0.0747405402692487,0.04034741177144125,0.22197825220169393,0.10116444299014907,0.024010076472457176,0.14482388568400203,0.07233560015707512,0.4892948334295685,0.0958069158918265,-0.28011424221458403,0.11337367532315795,-0.12271907519948722,0.22830480597458805,False,False,True,False,0.8327817182831605,24
2026-05-29,152100.KS,KR,069500.KS,PLUS 200,Korea broad equity,Korea broad equity,risk,domestic_equity_index,국내주식_지수,0.34812555347830365,0.6229461318565996,1.298333227179476,0.34943196036234414,0.6203751827653721,1.2967996867380913,-0.0013064068840404897,0.00257094909122757,0.001533540441384762,-8.638203462092261e-05,3725,2012-01-10,0.8129018532782702,0.779816253160151,0.21725242063978475,-0.3303062568942279,-0.3202999424181039,-0.40358263603222944,-0.43140594196443144,0.11636306532663361,0.4952046819463179,0.756786983698984,-0.20677319524451526,-0.0819739816020873,0.012576829667770184,183,69.37669530045905,domestic_equity_index,risk,0.11787876972162385,0.2833193908015132,0.23024678375667978,0.06480616267679046,0.16407053532472404,0.22197825220169393,0.5127119483722824,0.4009678796549057,0.11023418348431724,0.2846744011866703,0.4892948334295685,1.105516726576937,0.8090383937499076,0.19281650060253908,0.5625496364909601,1.1362258153038287,False,False,True,False,0.8320695777371476,25
2026-05-29,361580.KS,KR,069500.KS,RISE 200TR,Korea broad equity,Korea broad equity,risk,domestic_equity_index,국내주식_지수,0.34581246155198175,0.6200148101131915,1.2980192076830734,0.34943196036234414,0.6203751827653721,1.2967996867380913,-0.003619498810362387,-0.000360372652180585,0.001219520944982122,-5.60453604457146e-05,1494,2020-08-21,0.8131973301724057,0.779816253160151,0.21778811876633997,-0.3317208546392625,-0.3202326831211678,-0.4032162868806937,-0.4342354249465451,0.1164357832276671,0.4967264893706756,0.7569782507033862,-0.20501989405171567,-0.08480346458420096,0.012576829667770184,183,69.27989503046834,domestic_equity_index,risk,0.11787876972162385,0.2833193908015132,0.2279336918303579,0.06249307075046856,0.16175744339840215,0.22197825220169393,0.5127119483722824,0.39803655791149756,0.10730286174090908,0.28174307944326216,0.4892948334295685,1.105516726576937,0.808724374253505,0.19250248110613644,0.5622356169945576,1.1296720783943281,False,False,True,False,0.8269397100289768,26
2026-05-29,294400.KS,KR,069500.KS,KIWOOM 200TR,Korea broad equity,Korea broad equity,risk,domestic_equity_index,국내주식_지수,0.3461641170411627,0.6206769852569696,1.2947909215061455,0.34943196036234414,0.6203751827653721,1.2967996867380913,-0.003267843321181463,0.0003018024915975026,-0.0020087652319458194,-6.263251498162574e-05,2099,2018-04-23,0.8128928319454396,0.779816253160151,0.21794126591244195,-0.33119435216586307,-0.3202487532632649,-0.40264639766570487,-0.4342354249465451,0.1161632297974066,0.4972919497576813,0.7571030983790203,-0.20434519845562205,-0.08480346458420096,0.012576829667770184,183,69.03823049224319,domestic_equity_index,risk,0.11787876972162385,0.2833193908015132,0.2282853473195388,0.06284472623964948,0.16210909888758307,0.22197825220169393,0.5127119483722824,0.39869873305527564,0.10796503688468717,0.28240525458704024,0.4892948334295685,1.105516726576937,0.805496088076577,0.1892741949292085,0.5590073308176295,1.1286200082389684,False,False,True,False,0.8265615325781206,27
2026-05-29,367380.KS,US,QQQ,ACE 미국나스닥100,US growth,US growth,risk,overseas_equity_index,해외주식_지수,0.13426984645540663,0.24451309618054085,0.20770410847151233,0.1056848599099911,0.21403986042698286,0.18567535285112657,0.028584986545415525,0.03047323575355798,0.022028755620385754,0.00210999197871721,1445,2020-10-29,0.8809042445684936,0.8865805285006447,0.3743270524805948,-0.19838726598869988,0.07546230254014785,0.24414048649695444,-0.08268117964697264,0.4453839044414749,0.8612242690467274,0.7548938668470913,-0.023153807295907103,0.012490474763773518,0.001821795250942726,72,13.514615455959133,overseas_equity_index,risk,0.11787876972162385,0.06055688889194477,0.016391076733782775,0.07371295756346186,0.03931982906565441,0.22197825220169393,0.10116444299014907,0.02253484397884692,0.14334865319039178,0.07086036766346487,0.4892948334295685,0.0958069158918265,-0.28159072495805615,0.11189719257968583,-0.12419555794295933,0.22340244294664924,False,False,True,False,0.8247868371066361,28
2026-05-29,278530.KS,KR,069500.KS,KODEX 200TR,Korea broad equity,Korea broad equity,risk,domestic_equity_index,국내주식_지수,0.3414903912622702,0.6088542530260321,1.2900637243332547,0.34943196036234414,0.6203751827653721,1.2967996867380913,-0.00794156910007393,-0.011520929739339936,-0.006735962404836648,-0.00018431774040058153,2206,2017-11-21,0.8126659359208273,0.779816253160151,0.21645870605685338,-0.33196476902610206,-0.3210910658533433,-0.40451321888316244,-0.4342354249465451,0.11576219092618961,0.495026530268974,0.757251861706196,-0.20675642613575435,-0.08480346458420096,0.012576829667770184,183,69.17349297612034,domestic_equity_index,risk,0.11787876972162385,0.2833193908015132,0.22361162154064634,0.058171000460757016,0.15743537310869063,0.22197825220169393,0.5127119483722824,0.3868760008243382,0.09614230465374973,0.2705825223561028,0.4892948334295685,1.105516726576937,0.8007688909036862,0.18454699775631767,0.5542801336447387,1.1007200842392202,False,False,True,False,0.7950954004419254,29
2026-05-29,448300.KS,US,QQQ,TIGER 미국나스닥100TR(H),US growth,US growth,risk,overseas_equity_index,해외주식_지수,0.11541184800566429,0.205409005098391,0.16085982167838475,0.1056848599099911,0.21403986042698286,0.18567535285112657,0.009726988095673184,-0.008630855328591869,-0.024815531172741823,0.00023681614145225978,906,2022-11-25,0.901215388733115,0.8934841307050594,0.4695677439056407,-0.19002859792712545,0.09013249029844983,0.35940818702890814,-0.08260356675069835,0.5243754214497199,0.8631518539462216,0.8200871895668951,-0.030287400059436864,0.0125680876600478,0.018114881316722897,74,15.091196735949383,overseas_equity_index,risk,0.11787876972162385,0.06055688889194477,-0.0024669217159595663,0.054854959113719515,0.020461830615912068,0.22197825220169393,0.10116444299014907,-0.01656924710330293,0.10424456210824193,0.03175627658131502,0.4892948334295685,0.0958069158918265,-0.3284350117511837,0.06505290578655826,-0.1710398447360869,0.08441339224236769,False,False,True,False,0.7803671454084722,30
2026-05-29,304940.KS,US,QQQ,KODEX 미국나스닥100선물(H),US growth,US growth,risk,overseas_equity_index,해외주식_지수,0.11449492428024621,0.20384684522739538,0.15663074571268987,0.1056848599099911,0.21403986042698286,0.18567535285112657,0.00881006437025511,-0.010193015199587485,-0.029044607138436707,0.00015895528369289764,2006,2018-08-30,1.0,1.0,1.0,0.0,0.0,0.0,0.0,0.0,1.0,1.0,0.0,0.09517165441074615,0.2325818741912642,1,1.0,overseas_equity_index,risk,0.11787876972162385,0.06055688889194477,-0.003383845441377639,0.05393803538830144,0.019544906890493995,0.22197825220169393,0.10116444299014907,-0.018131406974298547,0.10268240223724631,0.0301941167103194,0.4892948334295685,0.0958069158918265,-0.3326640877168786,0.06082382982086337,-0.1752689207017818,0.07696507283913033,False,False,True,False,0.7709443952293928,31
2026-05-29,241180.KS,US,QQQ,TIGER 일본니케이225,Japan equity,Japan equity,risk,overseas_equity_index,해외주식_지수,0.15187376725838275,0.22748585286984646,0.3273856754364888,0.1056848599099911,0.21403986042698286,0.18567535285112657,0.04618890734839165,0.013445992442863597,0.1417103225853622,0.0007461303288596107,2633,2016-03-31,0.8913611269514335,0.8984292696345058,0.4652265429573402,-0.059241512397157525,0.007690615064403458,0.057145493048214285,-0.049129432910407944,0.44119045860655526,0.7203361890835128,0.8714083247047915,0.06849387515315175,0.04604222150033821,0.07727679157554246,52,22.304108175008423,overseas_equity_index,risk,0.11787876972162385,0.06055688889194477,0.0339949975367589,0.09131687836643798,0.05692374986863054,0.22197825220169393,0.10116444299014907,0.005507600668152535,0.1263214098796974,0.05383312435277048,0.4892948334295685,0.0958069158918265,-0.1619091579930797,0.23157875954466228,-0.0045139909779828985,0.28069875226077756,False,False,True,False,0.7132914810700259,32
2026-05-29,238720.KS,US,QQQ,ACE 일본Nikkei225(H),Japan equity,Japan equity,risk,overseas_equity_index,해외주식_지수,0.12651869158878504,0.22063291139240504,0.33691112683815216,0.1056848599099911,0.21403986042698286,0.18567535285112657,0.020833831678793935,0.006593050965422176,0.1512357739870256,-0.00016700427565561956,2653,2016-03-03,0.8993810768152892,0.8984292696345058,0.4779705531929762,-0.06182245192713809,0.015058478340931155,0.0743295496117353,-0.042433328419426486,0.4658177059710567,0.7496005752472534,0.8851466085621555,0.06126358499854545,0.05273832599131967,0.0815891087958327,50,20.96075286593177,overseas_equity_index,risk,0.11787876972162385,0.06055688889194477,0.008639921867161185,0.06596180269684027,0.031568674199032816,0.22197825220169393,0.10116444299014907,-0.0013453408092888863,0.11946846840225597,0.04698018287532906,0.4892948334295685,0.0958069158918265,-0.1523837065914163,0.24110421094632567,0.005011460423680489,0.23940961363579707,False,False,True,False,0.703349111500215,33
2026-05-29,494410.KS,US,QQQ,PLUS 미국S&P500성장주,US growth,US growth,risk,overseas_equity_sector,해외주식_섹터,0.1100000000000001,0.2058846530880971,0.15149035992540072,0.1056848599099911,0.21403986042698286,0.18567535285112657,0.004315140090008995,-0.00815520733888575,-0.034184992925725854,0.0011931041836016655,413,2024-10-22,0.8959623820653839,0.8911179869123262,0.44515588856434496,-0.1490880072653128,0.06920362724914016,0.24306440546968086,-0.08275662417781415,0.4756244484861331,0.8406384085921417,0.7826469812909158,0.0019726781037624486,0.012415030232932,0.03999102504326002,116,19.380649183746016,overseas_equity_sector,risk,0.11787876972162385,0.08095668211647015,-0.007878769721623755,0.029043317883529943,0.006890065320437725,0.22197825220169393,0.1656145676659739,-0.016093599113596813,0.04027008542212321,0.006451874700691198,0.4892948334295685,0.23041814269889116,-0.33780447350416776,-0.07892778277349044,-0.23425379721189682,0.0004550969067061289,False,False,True,False,0.6123924883469261,34
2026-05-29,465580.KS,US,QQQ,ACE 미국빅테크TOP7 Plus,US growth,US growth,risk,overseas_equity_sector,해외주식_섹터,0.08209411285394164,0.21639569498511557,0.12641038197520738,0.1056848599099911,0.21403986042698286,0.18567535285112657,-0.023590747056049466,0.002355834558132708,-0.0592649708759192,0.00021696593157849342,701,2023-09-12,0.9034433081910117,0.892616468587562,0.26677937817760145,-0.3182751655564545,0.11210969132384078,0.18661056873073012,-0.018831571171293526,0.4221546650312803,0.9584044090141735,0.8235801969112873,0.0,0.07634008323945263,0.14538411253029127,6,4.5717435879383235,overseas_equity_sector,risk,0.11787876972162385,0.08095668211647015,-0.035784656867682216,0.0011374307374714815,-0.021015821825620735,0.22197825220169393,0.1656145676659739,-0.005582557216578354,0.05078112731914167,0.016962916597709658,0.4892948334295685,0.23041814269889116,-0.3628844514543611,-0.10400776072368378,-0.25933377516209016,-0.04227441682545653,False,False,True,False,0.5836191160722972,35
2026-05-29,487230.KS,US,QQQ,KODEX 미국AI전력핵심인프라,US growth,US growth,risk,overseas_equity_sector,해외주식_섹터,0.04881506988049433,0.287489343913353,0.4059887274232652,0.1056848599099911,0.21403986042698286,0.18567535285112657,-0.05686979002949677,0.07344948348637015,0.22031337457213862,-0.004962179695791322,488,2024-07-09,0.8562016489016747,0.864825916371333,0.2149869091172837,-0.7850130908827163,-0.13971944242284615,0.07791959567898842,-0.13623825362331943,0.0,1.0,1.0,0.0,-0.041066599212573274,0.31781367619213374,3,1.9089602556827852,overseas_equity_sector,risk,0.11787876972162385,0.08095668211647015,-0.06906369984112952,-0.03214161223597582,-0.054294864799068046,0.22197825220169393,0.1656145676659739,0.06551109171165909,0.12187477624737911,0.0880565655259471,0.4892948334295685,0.23041814269889116,-0.08330610600630328,0.17557058472437403,0.020244570285967656,0.1622479011948372,False,False,True,False,0.5145731460106582,36
2026-05-29,280930.KS,US,QQQ,KODEX 미국러셀2000(H),US broad equity,US broad equity,risk,overseas_equity_index,해외주식_지수,0.07232401157184176,0.10867397806580259,0.13778141576791603,0.1056848599099911,0.21403986042698286,0.18567535285112657,-0.03336084833814934,-0.10536588236118027,-0.04789393708321055,-0.0025701408990178747,2214,2017-11-09,0.9945210899215705,0.9945210899215705,1.0,0.0,-0.055247585572233415,-0.07292379310972041,-0.055247585572233415,0.0,1.0,1.0,0.0,0.03992406883851274,0.15965808108154378,1,1.0,overseas_equity_index,risk,0.11787876972162385,0.06055688889194477,-0.04555475814978209,0.01176712267989699,-0.02262600581791046,0.22197825220169393,0.10116444299014907,-0.11330427413589134,0.007509535075653523,-0.06497875045127338,0.4892948334295685,0.0958069158918265,-0.35151341766165245,0.04197449987608953,-0.19411825064655566,-0.16319775543591472,False,False,True,False,0.4481341424939148,37
2026-05-29,219480.KS,US,QQQ,KODEX 미국S&P500선물(H),US broad equity,US broad equity,risk,overseas_equity_index,해외주식_지수,0.06371595330739299,0.10083892617449663,0.08783729694566489,0.1056848599099911,0.21403986042698286,0.18567535285112657,-0.04196890660259811,-0.11320093425248623,-0.09783805590546168,-0.00171431372022754,2850,2015-05-29,1.0,1.0,1.0,0.0,-0.04545271339798518,-0.10443119156649705,-0.04545271339798518,0.0,1.0,1.0,0.0,0.049718941012760975,0.12815068262476714,1,1.0,overseas_equity_index,risk,0.11787876972162385,0.06055688889194477,-0.05416281641423086,0.0031590644154482206,-0.031234064082359226,0.22197825220169393,0.10116444299014907,-0.12113932602719729,-0.0003255168156524324,-0.07281380234257935,0.4892948334295685,0.0958069158918265,-0.4014575364839036,-0.007969618946161605,-0.24406236946880677,-0.20729317551784626,False,False,True,False,0.3989351601927958,38
2026-05-29,143850.KS,US,QQQ,TIGER 미국S&P500선물(H),US broad equity,US broad equity,risk,overseas_equity_index,해외주식_지수,0.06195667172623165,0.09793851201940229,0.07942653273915035,0.1056848599099911,0.21403986042698286,0.18567535285112657,-0.04372818818375945,-0.11610134840758057,-0.10624882011197623,-0.0016847858863482446,3851,2011-07-18,1.0,1.0,1.0,0.0,-0.04539336745168798,-0.10425293858896079,-0.04539336745168798,0.0,1.0,1.0,0.0,0.04977828695905817,0.1283289356023034,1,1.0,overseas_equity_index,risk,0.11787876972162385,0.06055688889194477,-0.0559220979953922,0.0013997828342868779,-0.03299334566352057,0.22197825220169393,0.10116444299014907,-0.12403974018229164,-0.0032259309707467765,-0.0757142164976737,0.4892948334295685,0.0958069158918265,-0.40986830069041813,-0.016380383152676148,-0.2524731336753213,-0.2190939580326264,False,False,True,False,0.38726757999787575,39
2026-05-29,379780.KS,US,QQQ,RISE 미국S&P500,US broad equity,US broad equity,risk,overseas_equity_index,해외주식_지수,0.08386249178892058,0.1400941009487109,0.13684125535193226,0.1056848599099911,0.21403986042698286,0.18567535285112657,-0.021822368121070523,-0.07394575947827198,-0.04883409749919432,0.0002863446687966101,1331,2021-04-09,0.8804505959910984,0.8895852131159551,0.44158636963493864,-0.13198423766825645,0.016541688031923726,0.11675917849866074,-0.10197952823358442,0.35871347641801055,0.7248269327252492,0.7374524201244479,-0.0008383917465594193,-0.006807873822838262,0.007498464263650861,422,49.774324869805575,overseas_equity_index,risk,0.11787876972162385,0.06055688889194477,-0.03401627793270327,0.023305602896975808,-0.011087525600831639,0.22197825220169393,0.10116444299014907,-0.08188415125298304,0.03892965795856182,-0.0335586275683651,0.4892948334295685,0.0958069158918265,-0.3524535780776362,0.04103433946010576,-0.1950584110625394,-0.06345287440899708,False,False,True,False,0.3867761524437854,40
2026-05-29,360750.KS,US,QQQ,TIGER 미국S&P500,US broad equity,US broad equity,risk,overseas_equity_index,해외주식_지수,0.08180428134556572,0.1376368126509333,0.1340355051351938,0.1056848599099911,0.21403986042698286,0.18567535285112657,-0.02388057856442538,-0.07640304777604956,-0.051639847715932774,0.00019637992632684723,1504,2020-08-07,0.8805226240862039,0.8904528752334524,0.44177814462612686,-0.1320415566385793,0.01659365083454573,0.11696405428045206,-0.10191165194384544,0.358869157022106,0.7251415055031618,0.737772472327124,-0.0008387556061362211,-0.0067399975330992845,0.007588680610877585,421,49.731614992724566,overseas_equity_index,risk,0.11787876972162385,0.06055688889194477,-0.03607448837605813,0.02124739245362095,-0.013145736044186498,0.22197825220169393,0.10116444299014907,-0.08434143955076062,0.03647236966078424,-0.036015915866142674,0.4892948334295685,0.0958069158918265,-0.3552593282943747,0.038228589243367306,-0.1978641612792779,-0.07253637970119331,False,False,True,False,0.3780441247544305,41
2026-05-29,302450.KS,KR,069500.KS,RISE 코스피,Korea broad equity,Korea broad equity,risk,domestic_equity_index,국내주식_지수,0.282414197711939,0.5182569445249923,1.0564507460267674,0.34943196036234414,0.6203751827653721,1.2967996867380913,-0.06701776265040515,-0.1021182382403798,-0.24034894071132396,-0.002287723147375319,2033,2018-07-24,0.8039118676533134,0.747945665400368,0.2158763442470741,-0.3559536290926515,-0.33330881665844164,-0.3903660208197079,-0.46571666118371746,0.1108096790596132,0.4581102503514523,0.7448147815410449,-0.2584860422847291,-0.11628470082137332,-0.014961697849841138,385,92.89318482318465,domestic_equity_index,risk,0.11787876972162385,0.2833193908015132,0.16453542799031512,-0.0009051930895742077,0.09835917955835939,0.22197825220169393,0.5127119483722824,0.29627869232329834,0.005544996152709869,0.17998521385506294,0.4892948334295685,1.105516726576937,0.5671559125971989,-0.04906598055016964,0.32066715533825146,0.7058523056114092,False,False,True,False,0.3687093000613789,42
2026-05-29,468630.KS,US,QQQ,KODEX iShares미국투자등급회사채액티브,US IG bonds,US IG bonds,safe,overseas_bond_corp,해외채권_회사채,0.027152724820306506,0.02242412045236941,0.03062714460299576,0.1056848599099911,0.21403986042698286,0.18567535285112657,-0.0785321350896846,-0.19161573997461345,-0.15504820824813081,-0.002162763189073374,674,2023-10-19,0.9901461556979377,0.9901461556979377,1.0,0.0,-0.08817347626241423,-0.2318576878257812,-0.08817347626241423,0.0,1.0,1.0,1.0,0.006998178148331924,0.0007241863654829928,1,1.0,overseas_bond_corp,safe,0.11787876972162385,0.010008886816161041,-0.09072604490131735,0.017143838004145463,-0.04757809173913222,0.22197825220169393,0.010272424391871185,-0.19955413174932451,0.012151696060498226,-0.11487180062539541,0.4892948334295685,0.014617372017508234,-0.4586676888265727,0.016009772585487525,-0.2687967042617486,-0.31218350170457687,False,False,True,False,0.36560254295695915,43
2026-05-29,277630.KS,KR,069500.KS,TIGER 코스피,Korea broad equity,Korea broad equity,risk,domestic_equity_index,국내주식_지수,0.28140228380245835,0.5122200183349059,1.0562284618862123,0.34943196036234414,0.6203751827653721,1.2967996867380913,-0.06802967655988579,-0.10815516443046613,-0.24057122485187898,-0.002317870591605176,2263,2017-08-31,0.8037172890671549,0.7463414634146341,0.21558661711831537,-0.34965372457228316,-0.33275970929753046,-0.39109396876032293,-0.46571666118371746,0.11053348933142106,0.458239352527535,0.7385232851267131,-0.25396528640524574,-0.11628470082137332,-0.014961697849841138,393,93.22592550120171,domestic_equity_index,risk,0.11787876972162385,0.2833193908015132,0.1635235140808345,-0.0019171069990548406,0.09734726564887874,0.22197825220169393,0.5127119483722824,0.290241766133212,-0.0004919300373764646,0.1739482876649766,0.4892948334295685,1.105516726576937,0.5669336284566439,-0.04928826469072467,0.32044487119769643,0.6949672162171112,False,False,True,False,0.3587254571391071,44
2026-05-29,328370.KS,KR,069500.KS,PLUS 코스피TR,Korea broad equity,Korea broad equity,risk,domestic_equity_index,국내주식_지수,0.2751109318273497,0.5182516810758886,1.058389407423486,0.34943196036234414,0.6203751827653721,1.2967996867380913,-0.07432102853499445,-0.10212350168948348,-0.23841027931460523,-0.002415700405563392,1795,2019-06-25,0.8089278900298185,0.746751517733518,0.24073338762828936,-0.3443855444035132,-0.33425499127269104,-0.399080965439073,-0.46438829122609215,0.10909517750681966,0.44881734578832855,0.7538786594750051,-0.27773897266606296,-0.11495633086374801,-0.014961697849841138,379,89.76552835887381,domestic_equity_index,risk,0.11787876972162385,0.2833193908015132,0.15723216210572583,-0.008208458974163502,0.0910559136737701,0.22197825220169393,0.5127119483722824,0.29627342887419467,0.005539732703606193,0.1799799504059593,0.4892948334295685,1.105516726576937,0.5690945739939176,-0.04712731915345092,0.3226058167349702,0.6983463785150593,False,False,True,False,0.35664606600577214,45
2026-05-29,226490.KS,KR,069500.KS,KODEX 코스피,Korea broad equity,Korea broad equity,risk,domestic_equity_index,국내주식_지수,0.2813006931131101,0.5102472127297557,1.0535463359311152,0.34943196036234414,0.6203751827653721,1.2967996867380913,-0.06813126724923402,-0.11012797003561636,-0.24325335080697608,-0.002256398878629391,2789,2015-08-24,0.8055333142428145,0.7477295660948536,0.21784657751695602,-0.34850762422434955,-0.3310627227059137,-0.39511652460556274,-0.4631840826034307,0.11299996397737767,0.455851274600449,0.7411818804775128,-0.25700081902670174,-0.11375212224108655,-0.015428472398197446,378,91.22762954545071,domestic_equity_index,risk,0.11787876972162385,0.2833193908015132,0.16342192339148626,-0.0020186976884030705,0.09724567495953051,0.22197825220169393,0.5127119483722824,0.2882689605280618,-0.002464735642526694,0.17197548205982638,0.4892948334295685,1.105516726576937,0.5642515025015468,-0.05197039064582176,0.31776274524259934,0.690774348745453,False,False,True,False,0.3533411724549381,46
2026-05-29,185680.KS,US,QQQ,KODEX 미국S&P바이오(합성),US cyclical/sector,US cyclical/sector,risk,overseas_equity_sector,해외주식_섹터,0.07043638598647828,0.1028368794326242,0.11755646817248455,0.1056848599099911,0.21403986042698286,0.18567535285112657,-0.035248473923512824,-0.11120298099435866,-0.06811888467864202,-0.002147606882336402,3256,2013-10-31,0.9857215277011342,0.9857215277011342,1.0,0.0,-0.04709617242569952,-0.1302431448250847,-0.04709617242569952,0.0,1.0,1.0,0.0,0.04807548198504663,0.10233872936617949,1,1.0,overseas_equity_sector,risk,0.11787876972162385,0.08095668211647015,-0.047442383735145574,-0.010520296129991877,-0.032673548693084094,0.22197825220169393,0.1656145676659739,-0.11914137276906972,-0.0627776882333497,-0.09659589895478171,0.4892948334295685,0.23041814269889116,-0.3717383652570839,-0.11286167452640661,-0.268187688964813,-0.26890896714156953,False,False,True,False,0.3243493726398552,47
2026-05-29,379800.KS,US,QQQ,KODEX 미국S&P500,US broad equity,US broad equity,risk,overseas_equity_index,해외주식_지수,0.08085462924172604,0.13792224783749463,0.13421335843274962,0.1056848599099911,0.21403986042698286,0.18567535285112657,-0.024830230668265063,-0.07611761258948824,-0.051461994418376955,0.00022098371131730598,1331,2021-04-09,0.8689727877474476,0.888592869471064,0.38826911332362396,-0.14155874890782466,0.003920956682240195,0.044294772786570125,-0.1020723220194682,0.3042206599966527,0.7179516769652068,0.7030889618827145,0.007438898949554407,-0.006900667608722044,0.005464630107960167,412,47.36517997805286,overseas_equity_index,risk,0.11787876972162385,0.06055688889194477,-0.03702414047989781,0.020297740349781268,-0.014095388148026178,0.22197825220169393,0.10116444299014907,-0.0840560043641993,0.03675780484734556,-0.03573048067958135,0.4892948334295685,0.0958069158918265,-0.35508147499681886,0.038406442540923125,-0.19768630798172204,-0.07253548818434491,False,False,True,False,0.3151256052111384,48
2026-05-29,360200.KS,US,QQQ,ACE 미국S&P500,US broad equity,US broad equity,risk,overseas_equity_index,해외주식_지수,0.0824664270853035,0.13817624000543183,0.13483501070979775,0.1056848599099911,0.21403986042698286,0.18567535285112657,-0.023218432824687607,-0.07586362042155104,-0.05084034214132882,0.00027343961311011904,1504,2020-08-07,0.8643528200486622,0.8865805285006447,0.383674685354742,-0.13788066923355619,0.006051922844489351,0.04604902843940363,-0.10191165194384544,0.30504969019330874,0.7100150784861907,0.692939454688734,-0.0014005364131830511,-0.0067399975330992845,0.004308836586874865,417,48.55173449908779,overseas_equity_index,risk,0.11787876972162385,0.06055688889194477,-0.03541234263632036,0.021909538193358724,-0.012483590304448722,0.22197825220169393,0.10116444299014907,-0.0838020121962621,0.03701179701528276,-0.03547648851164416,0.4892948334295685,0.0958069158918265,-0.3544598227197707,0.03902809481797126,-0.19706465570467394,-0.06938895897411498,False,False,True,False,0.31421092487222735,49
2026-05-29,457480.KS,US,QQQ,ACE 테슬라밸류체인액티브,US growth,US growth,risk,overseas_equity_sector,해외주식_섹터,0.10157618213660236,0.1870724227412126,0.13708339563703986,0.1056848599099911,0.21403986042698286,0.18567535285112657,-0.004108677773388747,-0.026967437685770257,-0.04859195721408671,-0.002006129096984255,784,2023-05-16,0.863859168647712,0.8895852131159551,0.13516947760780387,-0.5435501098044615,-0.06411289657583549,0.07901287132316383,-0.03466560069769331,0.16890991671660058,0.9991569372159174,1.0,-0.0008430627840826377,0.06050605371305284,0.18744474053463223,11,5.034160047974021,overseas_equity_sector,risk,0.11787876972162385,0.08095668211647015,-0.016302587585021497,0.0206195000201322,-0.0015337525429600166,0.22197825220169393,0.1656145676659739,-0.03490582946048132,0.021457855075238702,-0.012360355646193309,0.4892948334295685,0.23041814269889116,-0.3522114377925286,-0.0933347470618513,-0.2486607615002577,-0.0927421323778338,False,False,True,False,0.30290853017055225,50
2026-05-29,381170.KS,US,QQQ,TIGER 미국테크TOP10 INDXX,US growth,US growth,risk,overseas_equity_sector,해외주식_섹터,0.07925515543244077,0.20167923235092533,0.10786183963288165,0.1056848599099911,0.21403986042698286,0.18567535285112657,-0.02642970447755033,-0.012360628076057534,-0.07781351321824492,0.00028788749109985795,1331,2021-04-09,0.8962285254983623,0.892616468587562,0.21335008534344718,-0.3414676624888086,-0.01431269250312053,-0.07618398949846636,-0.018831571171293526,0.38004746469346445,0.9553733663167276,0.8107246046919323,0.0,0.07634008323945263,0.14538411253029127,6,4.378810819273683,overseas_equity_sector,risk,0.11787876972162385,0.08095668211647015,-0.03862361428918308,-0.0017015266840293836,-0.023854779247121604,0.22197825220169393,0.1656145676659739,-0.020299019850768596,0.036064664684951425,0.0022464539635194142,0.4892948334295685,0.23041814269889116,-0.3814329937966868,-0.12255630306600951,-0.2778823175044159,-0.0800490474095464,False,False,True,False,0.295642004647046,51
2026-05-29,448290.KS,US,QQQ,TIGER 미국S&P500TR(H),US broad equity,US broad equity,risk,overseas_equity_index,해외주식_지수,0.06555891238670686,0.10310464425439658,0.09323834591810032,0.1056848599099911,0.21403986042698286,0.18567535285112657,-0.040125947523284244,-0.11093521617258628,-0.09243700693302626,-0.0015589670308444883,906,2022-11-25,0.8804505959910984,0.8895852131159551,0.44158636963493864,-0.13198423766825645,0.016541688031923726,0.11675917849866074,-0.10197952823358442,0.35871347641801055,0.7248269327252492,0.7374524201244479,-0.0008383917465594193,-0.006807873822838262,0.007498464263650861,422,49.774324869805575,overseas_equity_index,risk,0.11787876972162385,0.06055688889194477,-0.052319857334916994,0.005002023494762087,-0.029391105003045363,0.22197825220169393,0.10116444299014907,-0.11887360794729734,0.0019402012642475153,-0.07054808426267939,0.4892948334295685,0.0958069158918265,-0.39605648751146816,-0.002568569973726176,-0.23866132049637134,-0.195915125353949,False,False,True,False,0.2543139014988335,52
2026-05-29,251350.KS,US,QQQ,KODEX 선진국MSCI World,Global/Developed equity,Global/Developed equity,risk,overseas_equity_index,해외주식_지수,0.07555156490507953,0.12417641257341372,0.13612918981247968,0.1056848599099911,0.21403986042698286,0.18567535285112657,-0.030133295004911576,-0.08986344785356914,-0.049546163038646895,-1.942789244533227e-05,2534,2016-08-17,0.8873406587519244,0.8883681275373404,0.4641192140724885,-0.08800088582402105,-0.026089273252112858,-0.030700544471616138,-0.09961468836821996,0.3078816182921205,0.671692474929629,0.8085033530861543,0.05739160875168192,-0.004443033957473808,0.007408247916424138,467,31.864024990720726,overseas_equity_index,risk,0.11787876972162385,0.06055688889194477,-0.042327204816544325,0.014994676013134756,-0.01939845248467269,0.22197825220169393,0.10116444299014907,-0.09780183962828021,0.023011969583264652,-0.04947631594366226,0.4892948334295685,0.0958069158918265,-0.3531656436170888,0.040322273920653184,-0.195770476601992,-0.10093238796070389,False,False,True,False,0.2361356079922078,53
2026-05-29,468370.KS,US,QQQ,KODEX iShares미국인플레이션국채액티브,US long bonds,US long bonds,safe,cash_short_bond,금리연계형/초단기채권,0.02178266788204719,0.03403525843911526,0.044272166825735315,0.1056848599099911,0.21403986042698286,0.18567535285112657,-0.08390219202794391,-0.1800046019878676,-0.14140318602539126,-0.002351437184060776,674,2023-10-19,0.9982944125780635,0.9982944125780635,1.0,0.0,-0.09642894575845085,-0.22951214652714746,-0.09642894575845085,0.0,1.0,1.0,0.0,-0.001257291347704692,0.003069727664116728,1,1.0,cash_short_bond,safe,0.11787876972162385,0.006093450787318311,-0.09609610183957666,0.01568921709472888,-0.051381974265854446,0.22197825220169393,0.012334971751044633,-0.18794299376257867,0.021700286688070624,-0.10408568158231894,0.4892948334295685,0.020287034894949808,-0.44502266660383316,0.023985131930785508,-0.2574195471899857,-0.29373435969344036,False,False,True,False,0.21054071750762043,54
2026-05-29,488500.KS,US,QQQ,TIGER 미국S&P500동일가중,US broad equity,US broad equity,risk,overseas_equity_index,해외주식_지수,0.05738362760834681,0.05804022579346357,0.11855745619711522,0.1056848599099911,0.21403986042698286,0.18567535285112657,-0.04830123230164429,-0.1559996346335193,-0.06711789665401136,-0.0010255499576876015,478,2024-07-23,0.8804505959910984,0.8895852131159551,0.44158636963493864,-0.13198423766825645,0.016541688031923726,0.11675917849866074,-0.10197952823358442,0.35871347641801055,0.7248269327252492,0.7374524201244479,-0.0008383917465594193,-0.006807873822838262,0.007498464263650861,422,49.774324869805575,overseas_equity_index,risk,0.11787876972162385,0.06055688889194477,-0.06049514211327704,-0.0031732612835979612,-0.03756638978140541,0.22197825220169393,0.10116444299014907,-0.16393802640823035,-0.043124217196685494,-0.11561250272361241,0.4892948334295685,0.0958069158918265,-0.37073737723245326,0.022750540305288725,-0.21334221021735647,-0.24755689019690835,False,False,True,False,0.20267213665587414,55
2026-05-29,499150.KS,US,QQQ,SOL 미국S&P500엔화노출(H),Japan equity,Japan equity,risk,overseas_equity_index,해외주식_지수,0.08026792462289167,0.11102270507989087,0.07593250312453104,0.1056848599099911,0.21403986042698286,0.18567535285112657,-0.02541693528709943,-0.103017155347092,-0.10974284972659554,-0.0008224667065065535,383,2024-12-03,0.8619031152817255,0.8841223189924998,0.3721650996141984,-0.14078635292556152,-8.705853309494416e-05,0.0001322473462175705,-0.10200444572972922,0.3091389806086019,0.7343525867401435,0.6771657631594175,0.02288447155990303,-0.006832791318983067,0.0029418173053320507,380,43.02000696009727,overseas_equity_index,risk,0.11787876972162385,0.06055688889194477,-0.03761084509873218,0.019711035730946902,-0.014682092766860546,0.22197825220169393,0.10116444299014907,-0.11095554712180306,0.009858262089741804,-0.06263002343718511,0.4892948334295685,0.0958069158918265,-0.41336233030503744,-0.019874412767295457,-0.2559671632899406,-0.17139285637548413,False,False,True,False,0.1983976296583202,56
2026-05-29,449180.KS,US,QQQ,KODEX 미국S&P500(H),US broad equity,US broad equity,risk,overseas_equity_index,해외주식_지수,0.06484962406015038,0.10358598479890668,0.09292714321457307,0.1056848599099911,0.21403986042698286,0.18567535285112657,-0.04083523584984072,-0.11045387562807618,-0.0927482096365535,-0.0016445697320960552,901,2022-12-02,0.8689727877474477,0.888592869471064,0.38826911332362435,-0.14155874890782472,0.003947090299061037,0.04429477278656965,-0.10204740452332339,0.30442028243756647,0.7180325979863738,0.7030889618827147,0.007519819970721264,-0.006875750112577239,0.005464630107960167,413,47.39218539478937,overseas_equity_index,risk,0.11787876972162385,0.06055688889194477,-0.05302914566147347,0.004292735168205608,-0.030100393329601835,0.22197825220169393,0.10116444299014907,-0.11839226740278724,0.0024215418087576157,-0.0700667437181693,0.4892948334295685,0.0958069158918265,-0.3963676902149954,-0.0028797726772534227,-0.23897252319989862,-0.1973039010437338,False,False,True,False,0.1904336497259645,57
2026-05-29,101280.KS,US,QQQ,KODEX 일본TOPIX100,Japan equity,Japan equity,risk,overseas_equity_index,해외주식_지수,0.09443099273607758,0.10144045420494074,0.1718416796150497,0.1056848599099911,0.21403986042698286,0.18567535285112657,-0.011253867173913523,-0.11259940622204212,-0.013833673236076871,-0.00013672767121907761,4250,2010-01-04,0.8893148055289964,0.9020767637001268,0.478858230507899,-0.10826535361078804,-0.061861773648472076,-0.11367328674759772,-0.05418008234332261,0.30431190523523444,0.6763499706063113,0.8212206859346293,0.06391330863844547,0.04099157206742354,0.10080736665372636,30,16.478604948701587,overseas_equity_index,risk,0.11787876972162385,0.06055688889194477,-0.023447776985546273,0.03387410384413281,-0.0005190246536746386,0.22197825220169393,0.10116444299014907,-0.12053779799675318,0.0002760112147916771,-0.07221227431213523,0.4892948334295685,0.0958069158918265,-0.3174531538145188,0.07603476372322321,-0.16005798679942196,-0.09376545861226551,False,False,True,True,0.18191710970975702,58
2026-05-29,455660.KS,US,QQQ,ACE 미국하이일드액티브(H),US high yield,US high yield,safe,overseas_bond_corp,해외채권_회사채,0.002512141127453127,0.0040342715027574805,0.0044690429562783685,0.1056848599099911,0.21403986042698286,0.18567535285112657,-0.10317271878253798,-0.21000558892422538,-0.1812063098948482,-0.004022739838330422,804,2023-04-18,1.0,1.0,1.0,0.0,-0.09135630206573331,-0.21212376348641726,-0.09135630206573331,0.0,1.0,1.0,0.0,0.0038153523450128457,0.020458110704846932,1,1.0,overseas_bond_corp,safe,0.11787876972162385,0.010008886816161041,-0.11536662859417073,-0.0074967456887079145,-0.07221867543198561,0.22197825220169393,0.010272424391871185,-0.21794398069893645,-0.006238152889113705,-0.13326164957500736,0.4892948334295685,0.014617372017508234,-0.4848257904732901,-0.010148329061229866,-0.294954805908466,-0.4097447179496084,False,False,True,False,0.10687273859031649,59
2026-05-29,487240.KS,KR,069500.KS,KODEX AI전력핵심설비,Korea IT,Korea IT,risk,domestic_equity_sector,국내주식_섹터,-0.10602044680045442,0.5383371191569504,0.9312511637645013,0.34943196036234414,0.6203751827653721,1.2967996867380913,-0.45545240716279856,-0.0820380636084217,-0.36554852297359,-0.021872154184472088,488,2024-07-09,0.7064086307517903,0.6582765732393306,0.0,-1.0,-0.4331116068400336,-0.02499216819901491,-0.509468947678876,0.0,0.708717785555202,1.0,-0.29128221444479796,-0.16003698731653182,0.49478284940534556,10,5.823714197031027,domestic_equity_sector,risk,0.11787876972162385,0.089642849561123,-0.22389921652207828,-0.19566329636157742,-0.21260484845787794,0.22197825220169393,0.30202483707192235,0.31635886695525645,0.23631228208502802,0.28434023300716504,0.4892948334295685,0.7241967451003659,0.44195633033493287,0.20705441866413543,0.3479955656666139,0.306204130111248,False,False,True,False,0.08808791422972603,60
2026-05-29,245340.KS,US,QQQ,TIGER 미국다우존스30,US broad equity,US broad equity,risk,overseas_equity_index,해외주식_지수,0.05989712721124674,0.0721428439066214,0.08598080525630536,0.1056848599099911,0.21403986042698286,0.18567535285112657,-0.045787732698744366,-0.14189701652036146,-0.09969454759482121,-0.00047359118982457087,2567,2016-07-01,0.8985882569322777,0.8973648327361929,0.29259795051742454,-0.45098262434054515,-0.035019369982439624,-0.0921537270950152,-0.06511713899217131,0.1885716474249054,0.8337628848493948,0.731712669703103,-0.002797925291468384,0.030054515418574845,0.024688567510921744,20,5.295404461560832,overseas_equity_index,risk,0.11787876972162385,0.06055688889194477,-0.057981642510377115,-0.0006597616806980344,-0.035052890178505484,0.22197825220169393,0.10116444299014907,-0.14983540829507253,-0.029021599083527666,-0.10150988461045457,0.4892948334295685,0.0958069158918265,-0.4033140281732631,-0.009826110635521135,-0.24591886115816633,-0.23889592441282187,False,False,True,False,0.07668488793871903,61
2026-05-29,379790.KS,US,QQQ,RISE 유로스탁스50(H),Global/Developed equity,Global/Developed equity,risk,overseas_equity_index,해외주식_지수,0.06939558682443225,0.06327503974562787,0.07378401796998757,0.1056848599099911,0.21403986042698286,0.18567535285112657,-0.03628927308555885,-0.150764820681355,-0.111891334881139,-0.0017933179625691435,1331,2021-04-09,0.8498330975531796,0.9197160712076613,0.6,0.19999999999999996,-0.0655685129217799,-0.1677664134288369,-0.047681039784517876,0.1,0.7,0.6,0.09999999999999998,0.04749061462622828,0.10976927489459021,10,9.999999999999996,overseas_equity_index,risk,0.11787876972162385,0.06055688889194477,-0.0484831828971916,0.008838697932487483,-0.025554430565319964,0.22197825220169393,0.10116444299014907,-0.15870321245606606,-0.0378894032445212,-0.1103776887714481,0.4892948334295685,0.0958069158918265,-0.4155108154595809,-0.022022897921838924,-0.2581156484444841,-0.27099544250318164,False,False,True,False,0.03321517468912988,62
2026-05-29,458730.KS,US,QQQ,TIGER 미국배당다우존스,US dividend/defensive,US dividend/defensive,risk,overseas_equity_sector,해외주식_섹터,0.053852857453078995,0.07040019534028663,0.22497967150632237,0.1056848599099911,0.21403986042698286,0.18567535285112657,-0.05183200245691211,-0.14363966508669623,0.03930431865519579,-0.00013714489424351063,760,2023-06-20,0.8714943647392028,0.8940411266342474,0.4949475544087158,-0.1836256199893757,-0.06008491045251356,-0.11766020545521684,-0.10505655332805702,0.11779134763660339,0.5021702394030212,0.7192003684471733,-0.039751223845836736,-0.00988489891731087,0.004878956595686268,52,25.439952272937035,overseas_equity_sector,risk,0.11787876972162385,0.08095668211647015,-0.06402591226854486,-0.02710382466339116,-0.04925707722648338,0.22197825220169393,0.1656145676659739,-0.1515780568614073,-0.09521437232568727,-0.1290325830471193,0.4892948334295685,0.23041814269889116,-0.2643151619232461,-0.0054384711925687945,-0.1607644856309752,-0.22910850789157772,False,False,True,False,-0.050127910062243736,63
2026-05-29,402970.KS,US,QQQ,ACE 미국배당다우존스,US dividend/defensive,US dividend/defensive,risk,overseas_equity_sector,해외주식_섹터,0.056501400180851036,0.07301268431698493,0.23032018766536067,0.1056848599099911,0.21403986042698286,0.18567535285112657,-0.04918345972914007,-0.14102717610999793,0.04464483481423409,-7.403632580345928e-05,1192,2021-10-21,0.8672614120348549,0.8913205373509496,0.4795068528534485,-0.17439914313908145,-0.06339814854611772,-0.12783609155828435,-0.10396398475414914,0.11384761221812083,0.4912607350523719,0.6962515282793296,-0.03056874316521263,-0.008792330343402988,0.004308836586874865,55,26.620057525974744,overseas_equity_sector,risk,0.11787876972162385,0.08095668211647015,-0.061377369540772816,-0.02445528193561912,-0.046608534498711336,0.22197825220169393,0.1656145676659739,-0.148965567884709,-0.09260188334898897,-0.12642009407042099,0.4892948334295685,0.23041814269889116,-0.2589746457642078,-9.795503353049462e-05,-0.15542396947193687,-0.21777613879711122,False,False,True,False,-0.054983312290165204,64
2026-05-29,139290.KS,KR,069500.KS,TIGER 200 경기소비재,Korea cyclical,Korea cyclical,risk,domestic_equity_sector,국내주식_섹터,0.2843137254901962,0.2870507602647072,0.644465842634554,0.34943196036234414,0.6203751827653721,1.2967996867380913,-0.06511823487214796,-0.33332442250066485,-0.6523338441035373,0.00021407370202189543,3924,2011-04-06,0.8218278402439978,0.8436636728347933,0.30826309588544515,0.11609570418705847,-0.3092771198813353,-0.5111516906944539,-0.3186224263351909,0.05740212071778138,0.5277891063984048,0.6233913358709443,-0.047025104223309855,0.03080953402715325,0.15208675978271524,26,12.948825375523667,domestic_equity_sector,risk,0.11787876972162385,0.089642849561123,0.1664349557685723,0.19467087592907317,0.17772932383277265,0.22197825220169393,0.30202483707192235,0.06507250806301329,-0.014974076807215131,0.03305387411492192,0.4892948334295685,0.7241967451003659,0.1551710092049855,-0.07973090246581194,0.06121024453666652,0.40512624215437376,True,True,True,False,-0.0654710618760253,65
2026-05-29,493420.KS,US,QQQ,SOL 미국배당다우존스TR,US dividend/defensive,US dividend/defensive,risk,overseas_equity_sector,해외주식_섹터,0.05444992161347639,0.0711023346715447,0.22791336828957975,0.1056848599099911,0.21403986042698286,0.18567535285112657,-0.05123493829651471,-0.14293752575543817,0.04223801543845318,-0.00019047226721395015,423,2024-10-08,0.885238857623308,0.9121820339035767,0.5042137167308851,-0.19305067243426255,-0.06003032065234614,-0.13547587359260424,-0.10396398475414914,0.1276625604929598,0.4523918462261973,0.7448030387258281,-0.020965713999341162,-0.008792330343402988,0.004308836586874865,49,24.42512425371644,overseas_equity_sector,risk,0.11787876972162385,0.08095668211647015,-0.06342884810814746,-0.026506760502993762,-0.04866001306608598,0.22197825220169393,0.1656145676659739,-0.15087591753014923,-0.09451223299442921,-0.12833044371586122,0.4892948334295685,0.23041814269889116,-0.2613814651399887,-0.0025047744093114055,-0.15783078884771778,-0.22610022775868094,False,False,True,False,-0.07301268251402951,66
2026-05-29,446720.KS,US,QQQ,SOL 미국배당다우존스,US dividend/defensive,US dividend/defensive,risk,overseas_equity_sector,해외주식_섹터,0.055262045532040505,0.0704901475951496,0.22669225862358267,0.1056848599099911,0.21403986042698286,0.18567535285112657,-0.0504228143779506,-0.14354971283183326,0.04101690577245609,-0.00012239655376138192,914,2022-11-15,0.885238857623308,0.9121820339035767,0.5042137167308851,-0.19305067243426255,-0.06003032065234614,-0.13547587359260424,-0.10396398475414914,0.1276625604929598,0.4523918462261973,0.7448030387258281,-0.020965713999341162,-0.008792330343402988,0.004308836586874865,49,24.42512425371644,overseas_equity_sector,risk,0.11787876972162385,0.08095668211647015,-0.06261672418958335,-0.02569463658442965,-0.047847889147521874,0.22197825220169393,0.1656145676659739,-0.15148810460654433,-0.0951244200708243,-0.12894263079225632,0.4892948334295685,0.23041814269889116,-0.2626025748059858,-0.0037258840753084943,-0.15905189851371487,-0.22616530091228465,False,False,True,False,-0.07307775566763322,67
2026-05-29,411860.KS,US,QQQ,KIWOOM 독일DAX,Global/Developed equity,Global/Developed equity,risk,overseas_equity_index,해외주식_지수,0.06935577481137556,0.04449512009435175,0.05729186863919633,0.1056848599099911,0.21403986042698286,0.18567535285112657,-0.03632908509861554,-0.16954474033263112,-0.12838348421193024,-0.0010009287585576242,1148,2021-12-22,0.7501020756876472,0.6573841224020256,0.3333333333333333,0.0,-0.03496550911116129,-0.28884721156977267,-0.026850482072413584,0.0,0.6666666666666666,0.3333333333333333,0.3333333333333333,0.06832117233833257,-0.08553682640811322,3,3.0,overseas_equity_index,risk,0.11787876972162385,0.06055688889194477,-0.04852299491024829,0.008798885919430788,-0.025594242578376662,0.22197825220169393,0.10116444299014907,-0.17748313210734218,-0.05666932289579732,-0.12915760842272422,0.4892948334295685,0.0958069158918265,-0.43200296479037215,-0.038515047252630163,-0.2746077977752754,-0.30055756451044,False,False,True,False,-0.08419854332659438,68
2026-05-29,453660.KS,US,QQQ,KODEX 미국S&P500경기소비재,US cyclical/sector,US cyclical/sector,risk,overseas_equity_sector,해외주식_섹터,0.06305578011317703,0.08279537727686481,0.04330309064284443,0.1056848599099911,0.21403986042698286,0.18567535285112657,-0.04262907979681407,-0.13124448315011805,-0.14237226220828214,-0.0014135648127614584,824,2023-03-21,0.850952895228952,0.8189927870168624,0.13678761154431746,0.04350833516717838,-0.02822467897283941,-0.18429867214506213,-0.11147330520966447,0.6071308510485856,0.7524111905907995,0.7030822649507015,0.045471520401964116,-0.01630165079891832,-0.035581950534808504,39,3.1421152608943634,overseas_equity_sector,risk,0.11787876972162385,0.08095668211647015,-0.05482298960844682,-0.017900902003293126,-0.04005415456638534,0.22197825220169393,0.1656145676659739,-0.13918287492482911,-0.08281919038910909,-0.1166374011105411,0.4892948334295685,0.23041814269889116,-0.44599174278672404,-0.18711505205604673,-0.3424410664944531,-0.3498627838511532,False,False,True,False,-0.14987588956124026,69
2026-05-29,452360.KS,US,QQQ,SOL 미국배당다우존스(H),US dividend/defensive,US dividend/defensive,risk,overseas_equity_sector,해외주식_섹터,0.03918006319252543,0.0407450638440876,0.18721901908875194,0.1056848599099911,0.21403986042698286,0.18567535285112657,-0.06650479671746568,-0.17329479658289526,0.001543666237625363,-0.0019674893899918155,824,2023-03-21,0.885238857623308,0.9121820339035767,0.5042137167308851,-0.19305067243426255,-0.06003032065234614,-0.13547587359260424,-0.10396398475414914,0.1276625604929598,0.4523918462261973,0.7448030387258281,-0.020965713999341162,-0.008792330343402988,0.004308836586874865,49,24.42512425371644,overseas_equity_sector,risk,0.11787876972162385,0.08095668211647015,-0.07869870652909843,-0.04177661892394473,-0.06392987148703694,0.22197825220169393,0.1656145676659739,-0.18123318835760632,-0.1248695038218863,-0.15868771454331831,0.4892948334295685,0.23041814269889116,-0.30207581434081654,-0.04319912361013922,-0.1985251380485456,-0.34232806536969346,False,False,True,False,-0.18924052012504203,70
2026-05-29,245350.KS,US,QQQ,TIGER 유로스탁스배당30,US dividend/defensive,US dividend/defensive,risk,overseas_equity_sector,해외주식_섹터,0.034287187419437926,0.0931411214373361,0.11599164770863424,0.1056848599099911,0.21403986042698286,0.18567535285112657,-0.07139767249055318,-0.12089873898964676,-0.06968370514249234,-0.0011098491299693074,2567,2016-07-01,0.6215696640452896,0.6215696640452896,0.0,0.0,-0.03734194226124665,-0.16809822430004373,-0.03734194226124665,0.5,0.5,0.0,0.5,0.0578297121494995,0.06448364989122046,2,2.0,overseas_equity_sector,risk,0.11787876972162385,0.08095668211647015,-0.08359158230218593,-0.04666949469703223,-0.06882274726012445,0.22197825220169393,0.1656145676659739,-0.12883713076435782,-0.0724734462286378,-0.10629165695006981,0.4892948334295685,0.23041814269889116,-0.37330318572093424,-0.11442649499025692,-0.2697525094286633,-0.3051506169836079,False,False,True,False,-0.1959735480485252,71
2026-05-29,182490.KS,US,QQQ,TIGER 단기선진하이일드(합성 H),US high yield,US high yield,safe,overseas_bond_corp,해외채권_회사채,0.00036179450072348907,0.004358881220486666,0.008755928493250575,0.1056848599099911,0.21403986042698286,0.18567535285112657,-0.10532306540926761,-0.2096809792064962,-0.176919424357876,-0.00419647470971885,3156,2014-03-24,0.8645796574482587,0.8645796574482587,0.0,0.0,-0.10414081843563316,-0.18997125347007238,-0.10414081843563316,0.0,1.0,0.0,0.0,-0.00896916402488701,0.042610620721191816,1,1.0,overseas_bond_corp,safe,0.11787876972162385,0.010008886816161041,-0.11751697522090036,-0.009647092315437552,-0.07436902205871523,0.22197825220169393,0.010272424391871185,-0.21761937098120726,-0.00591354317138452,-0.13293703985727814,0.4892948334295685,0.014617372017508234,-0.4805389049363179,-0.005861443524257659,-0.2906679203714938,-0.41072272011029953,False,False,True,False,-0.21342460477111508,72
2026-05-29,182480.KS,US,QQQ,TIGER 미국MSCI리츠(합성 H),US REIT,US REIT,risk,overseas_equity_sector,해외주식_섹터,0.016238036279478507,0.021794328470779112,0.11206259480160718,0.1056848599099911,0.21403986042698286,0.18567535285112657,-0.0894468236305126,-0.19224553195620375,-0.07361275804951939,-0.0030359028758784384,3271,2013-10-10,0.9311007538334287,0.9550891974260094,0.7644162164485538,-0.09791538461392246,-0.10136741060522893,-0.20252366075181683,-0.08599198703904043,0.025712591728876556,0.6557903468483792,0.7733755668399463,-0.16289574424937614,0.009179667371705724,0.030811323603430862,44,20.551976050843486,overseas_equity_sector,risk,0.11787876972162385,0.08095668211647015,-0.10164073344214535,-0.06471864583699165,-0.08687189840008387,0.22197825220169393,0.1656145676659739,-0.20018392373091481,-0.1438202391951948,-0.1776384499166268,0.4892948334295685,0.23041814269889116,-0.3772322386279613,-0.11835554789728397,-0.27368156233569035,-0.4630272100136933,False,False,True,False,-0.21992719796972,73
2026-05-29,445290.KS,KR,069500.KS,KODEX 로봇액티브,Korea IT,Korea IT,risk,domestic_equity_sector,국내주식_섹터,0.25969265473001557,0.3358127535498585,0.7743746313826223,0.34943196036234414,0.6203751827653721,1.2967996867380913,-0.08973930563232857,-0.28456242921551356,-0.522425055355469,-0.0026586814477850104,914,2022-11-15,0.6457290528624345,0.7375079063883618,0.09683905560840592,-0.1455288419960218,-0.42142739432127085,-0.6747906434991299,-0.4625397827724921,0.09683905560840592,0.15115022053100352,0.32859119605638626,-0.289003718758108,-0.11310782241014794,-0.09236234458259329,31,9.185995076326634,domestic_equity_sector,risk,0.11787876972162385,0.089642849561123,0.1418138850083917,0.17004980516889256,0.15310825307259204,0.22197825220169393,0.30202483707192235,0.11383450134816459,0.033787916477936164,0.08181586740007321,0.4892948334295685,0.7241967451003659,0.2850797979530538,0.05017788628225639,0.19111903328473484,0.5089179115078688,False,False,True,False,-0.2263143075941184,74
2026-05-29,484790.KS,US,QQQ,KODEX 미국30년국채액티브(H),US long bonds,US long bonds,safe,overseas_bond_total,해외채권_종합,0.0036328120755977356,-0.029091368533226136,-0.01772040590132473,0.1056848599099911,0.21403986042698286,0.18567535285112657,-0.10205204783439337,-0.243131228960209,-0.2033957587524513,-0.004780268529848821,502,2024-06-19,0.9571438646478183,0.9579247888787922,1.0,0.0,-0.09340481304098776,-0.2542353238878445,-0.0934195048393236,0.0,0.3333333333333333,0.0,0.3333333333333333,0.0017521495714225566,-0.021121818833764627,3,3.0,overseas_bond_total,safe,0.11787876972162385,0.01089115513885075,-0.11424595764602612,-0.007258343063253014,-0.07145091181291686,0.22197825220169393,-0.022680513300610293,-0.25106962073492006,-0.006410855232615843,-0.15320611453399838,0.4892948334295685,-0.016194902434838898,-0.5070152393308932,-0.0015255034664858336,-0.30481934498513025,-0.4576823380523029,False,False,True,False,-0.2287631071887256,75
2026-05-29,352560.KS,US,QQQ,KODEX 미국부동산리츠(H),US REIT,US REIT,risk,overseas_equity_sector,해외주식_섹터,0.009387755102040707,0.009336580192522037,0.07052810367088536,0.1056848599099911,0.21403986042698286,0.18567535285112657,-0.0962971048079504,-0.20470328023446083,-0.11514724918024122,-0.003949097778021304,502,2024-06-19,0.9072795139511499,0.9352299015151231,0.7374352969532332,0.013643974163489725,-0.10060644325598823,-0.20359888787012878,-0.08947507796188481,0.02432396825873025,0.7328523637797519,0.8605403195816332,-0.17911173687541826,0.005696576448861346,0.009224616750804548,46,28.507197074073424,overseas_equity_sector,risk,0.11787876972162385,0.08095668211647015,-0.10849101461958315,-0.07156892701442945,-0.09372217957752166,0.22197825220169393,0.1656145676659739,-0.2126416720091719,-0.15627798747345187,-0.19009619819488388,0.4892948334295685,0.23041814269889116,-0.4187667297586831,-0.1598900390280058,-0.3152160534664122,-0.5317623206930665,False,False,True,False,-0.26241211172117157,76
2026-05-29,291130.KS,US,QQQ,ACE 멕시코MSCI(합성),India/EM,India/EM,risk,overseas_equity_index,해외주식_지수,0.049154746423927254,0.03356392518575446,0.15201689186890288,0.1056848599099911,0.21403986042698286,0.18567535285112657,-0.05653011348606385,-0.1804759352412284,-0.03365846098222369,-0.001813724767167618,2130,2018-03-09,,,,,,,,,,,,,,0,,overseas_equity_index,risk,0.11787876972162385,0.06055688889194477,-0.0687240232976966,-0.011402142468017518,-0.04579527096582496,0.22197825220169393,0.10116444299014907,-0.18841432701593946,-0.0676005178043946,-0.1400888033313215,0.4892948334295685,0.0958069158918265,-0.3372779415606656,0.05620997597707639,-0.17988277454556878,-0.28049219820391785,False,False,True,False,-0.28049219820391785,77
2026-05-29,105010.KS,US,QQQ,TIGER 라틴35,India/EM,India/EM,risk,overseas_equity_index,해외주식_지수,-0.01406469760900142,0.04383889529532037,0.24277643038516206,0.1056848599099911,0.21403986042698286,0.18567535285112657,-0.11974955751899252,-0.1702009651316625,0.05710107753403548,-0.00468429117365825,4250,2010-01-04,,,,,,,,,,,,,,0,,overseas_equity_index,risk,0.11787876972162385,0.06055688889194477,-0.13194346733062529,-0.07462158650094619,-0.10901471499875365,0.22197825220169393,0.10116444299014907,-0.17813935690637356,-0.0573255476948287,-0.1298138332217556,0.4892948334295685,0.0958069158918265,-0.24651840304440642,0.14696951449333556,-0.08912323602930963,-0.3015340051066499,False,False,True,True,-0.3015340051066499,78
2026-05-29,453640.KS,US,QQQ,KODEX 미국S&P500헬스케어,US dividend/defensive,US dividend/defensive,risk,overseas_equity_sector,해외주식_섹터,0.07547169811320753,-0.007530354367616843,0.00804075477270283,0.1056848599099911,0.21403986042698286,0.18567535285112657,-0.030213161796783572,-0.2215702147945997,-0.17763459807842374,-7.672471625729118e-05,824,2023-03-21,0.8422345269878811,0.8443940097820039,0.5038422276984036,0.15980639213133302,-0.07461242524681669,-0.2397003002182378,-0.06632787336334234,0.1633916081462857,0.5113423083505471,0.6344392994235766,0.25184589033587435,0.028843781047403816,-0.02003545916829741,55,28.885988825715526,overseas_equity_sector,risk,0.11787876972162385,0.08095668211647015,-0.04240707160841632,-0.005484984003262625,-0.02763823656635484,0.22197825220169393,0.1656145676659739,-0.22950860656931077,-0.17314492203359075,-0.20696313275502276,0.4892948334295685,0.23041814269889116,-0.48125407865686565,-0.22237738792618833,-0.3777034023645947,-0.4835048774262605,False,False,True,False,-0.3160135128920751,79
2026-05-29,476760.KS,US,QQQ,ACE 미국30년국채액티브,US long bonds,US long bonds,safe,overseas_bond_total,해외채권_종합,0.024048696729918717,0.0011863143803669818,0.01587909365949458,0.1056848599099911,0.21403986042698286,0.18567535285112657,-0.08163616318007239,-0.21285354604661588,-0.169796259191632,-0.0027950231535315154,573,2024-03-12,0.9173348317805542,0.9173348317805542,1.0,0.0,-0.09265435038376202,-0.26978573215052426,-0.09265435038376202,0.0,0.0,0.0,0.0,0.002517304026984135,-0.03720385795926007,1,1.0,overseas_bond_total,safe,0.11787876972162385,0.01089115513885075,-0.09383007299170514,0.013157541591067967,-0.0510350271585959,0.22197825220169393,-0.022680513300610293,-0.22079193782132694,0.023866827680977275,-0.12292843162040525,0.4892948334295685,-0.016194902434838898,-0.4734157397700739,0.03207399609433348,-0.27121984542431093,-0.3387263452793227,False,False,True,False,-0.33311951494037684,80
2026-05-29,283580.KS,US,QQQ,KODEX 차이나CSI300,China equity,China equity,risk,overseas_equity_index,해외주식_지수,0.04323196183661304,0.10381412076996521,0.1410103324065919,0.1056848599099911,0.21403986042698286,0.18567535285112657,-0.06245289807337806,-0.11022573965701765,-0.04466502044453469,-0.0016337244190465878,2190,2017-12-13,,,,,-0.038595669718117565,-0.04507607915174461,-0.038595669718117565,0.0,1.0,,0.0,0.05657598469262859,0.18750579503951958,1,1.0,overseas_equity_index,risk,0.11787876972162385,0.06055688889194477,-0.07464680788501081,-0.01732492705533173,-0.05171805555313917,0.22197825220169393,0.10116444299014907,-0.11816413143172871,0.0026496777798161453,-0.06983860774711077,0.4892948334295685,0.0958069158918265,-0.3482845010229766,0.04520341651476539,-0.1908893340078798,-0.18315165656079657,True,True,True,False,-0.3449657699864022,81
2026-05-29,453650.KS,US,QQQ,KODEX 미국S&P500금융,US cyclical/sector,US cyclical/sector,risk,overseas_equity_sector,해외주식_섹터,0.0032000000000000917,0.025015424637037986,-0.020665165742316915,0.1056848599099911,0.21403986042698286,0.18567535285112657,-0.10248485990999101,-0.18902443578994488,-0.2063405185934435,-0.002422028025070239,824,2023-03-21,0.843486969740458,0.9064052513572661,0.4385437412198751,-0.1076684792975115,-0.08881351261226787,-0.1781079845753369,-0.1050863876444218,0.07768891300919335,0.6469648729478807,0.3293030056153819,-0.05548559622775284,-0.009914733233675643,0.04795281660762285,63,29.3735565272615,overseas_equity_sector,risk,0.11787876972162385,0.08095668211647015,-0.11467876972162376,-0.07775668211647006,-0.09990993467956227,0.22197825220169393,0.1656145676659739,-0.19696282756465594,-0.14059914302893592,-0.17441735375036793,0.4892948334295685,0.23041814269889116,-0.5099599991718854,-0.2510833084412081,-0.40640932287961445,-0.5572934745500818,False,False,True,False,-0.38173551117387433,82
2026-05-29,218420.KS,US,QQQ,KODEX 미국S&P500에너지(합성),US cyclical/sector,US cyclical/sector,risk,overseas_equity_sector,해외주식_섹터,-0.03775435155675411,0.021337496747332763,0.259627727856226,0.1056848599099911,0.21403986042698286,0.18567535285112657,-0.1434392114667452,-0.1927023636796501,0.07395237500509944,-0.0018803601071610814,2870,2015-04-30,,,,,,,,,,,,,,0,,overseas_equity_sector,risk,0.11787876972162385,0.08095668211647015,-0.15563312127837797,-0.11871103367322426,-0.14086428623631647,0.22197825220169393,0.1656145676659739,-0.20064075545436116,-0.14427707091864114,-0.17809528164007316,0.4892948334295685,0.23041814269889116,-0.22966710557334247,0.02920958515733485,-0.12611642928107153,-0.3934143443229487,False,False,True,False,-0.3934143443229487,83
2026-05-29,488770.KS,US,QQQ,KODEX 머니마켓액티브,Cash/short bonds,Cash/short bonds,safe,cash_short_bond,금리연계형/초단기채권,0.0023983115886416773,0.007423833397608881,0.015674675362694623,0.1056848599099911,0.21403986042698286,0.18567535285112657,-0.10328654832134943,-0.20661602702937398,-0.17000067748843195,-0.0037774867174302437,468,2024-08-06,,,,,,,,,,,,,,0,,cash_short_bond,safe,0.11787876972162385,0.006093450787318311,-0.11548045813298217,-0.0036951391986766334,-0.07076633055925996,0.22197825220169393,0.012334971751044633,-0.21455441880408505,-0.004911138353435752,-0.1306971066238253,0.4892948334295685,0.020287034894949808,-0.47362015806687385,-0.004612359532255184,-0.28601703865302636,-0.39445835121073247,False,False,True,False,-0.39445835121073247,84
2026-05-29,469830.KS,US,QQQ,SOL 초단기채권액티브,Cash/short bonds,Cash/short bonds,safe,cash_short_bond,금리연계형/초단기채권,0.002230690584626771,0.00747453984864066,0.015532102860238206,0.1056848599099911,0.21403986042698286,0.18567535285112657,-0.10345416932536433,-0.2065653205783422,-0.17014324999088837,-0.00378291821844333,661,2023-11-07,,,,,,,,,,,,,,0,,cash_short_bond,safe,0.11787876972162385,0.006093450787318311,-0.11564807913699708,-0.0038627602026915396,-0.07093395156327485,0.22197825220169393,0.012334971751044633,-0.21450371235305327,-0.004860431902403973,-0.13064640017279355,0.4892948334295685,0.020287034894949808,-0.47376273056933027,-0.0047549320347116016,-0.28615961115548283,-0.39472222793582035,False,False,True,False,-0.39472222793582035,85
2026-05-29,459580.KS,US,QQQ,KODEX CD금리액티브(합성),Cash/short bonds,Cash/short bonds,safe,cash_short_bond,금리연계형/초단기채권,0.0020942595306661094,0.006554867865443015,0.013444316152354308,0.1056848599099911,0.21403986042698286,0.18567535285112657,-0.10359060037932499,-0.20748499256153985,-0.17223103669877227,-0.0037877701954739406,768,2023-06-08,,,,,,,,,,,,,,0,,cash_short_bond,safe,0.11787876972162385,0.006093450787318311,-0.11578451019095774,-0.003999191256652201,-0.07107038261723553,0.22197825220169393,0.012334971751044633,-0.2154233843362509,-0.005780103885601618,-0.13156607215599117,0.4892948334295685,0.020287034894949808,-0.47585051727721417,-0.0068427187425955,-0.2882473978633667,-0.3978431249785598,False,False,True,False,-0.3978431249785598,86
2026-05-29,476750.KS,US,QQQ,ACE 미국30년국채엔화노출액티브(H),US long bonds,US long bonds,safe,overseas_bond_total,해외채권_종합,0.030522868687392624,-0.021305680422701756,-0.031063645168040832,0.1056848599099911,0.21403986042698286,0.18567535285112657,-0.07516199122259848,-0.23534554084968462,-0.2167389980191674,-0.0036470534788653666,573,2024-03-12,0.9173348317805542,0.9173348317805542,1.0,0.0,-0.09265435038376202,-0.26978573215052426,-0.09265435038376202,0.0,0.0,0.0,0.0,0.002517304026984135,-0.03720385795926007,1,1.0,overseas_bond_total,safe,0.11787876972162385,0.01089115513885075,-0.08735590103423123,0.019631713548541874,-0.044560855201121984,0.22197825220169393,-0.022680513300610293,-0.24328393262439568,0.001374832877908537,-0.145420426423474,0.4892948334295685,-0.016194902434838898,-0.5203584785976093,-0.014868742733201934,-0.31816258425184635,-0.4130714409684295,False,False,True,False,-0.40746461062948364,87
2026-05-29,245710.KS,US,QQQ,ACE 베트남VN30(합성),India/EM,India/EM,risk,overseas_equity_index,해외주식_지수,0.01185583306987037,0.038112228349010735,0.02933465832766169,0.1056848599099911,0.21403986042698286,0.18567535285112657,-0.09382902684012073,-0.17592763207797213,-0.15634069452346488,-0.0031110533520581096,2567,2016-07-01,,,,,,,,,,,,,,0,,overseas_equity_index,risk,0.11787876972162385,0.06055688889194477,-0.10602293665175348,-0.0487010558220744,-0.08309418431988186,0.22197825220169393,0.10116444299014907,-0.1838660238526832,-0.06305221464113833,-0.13554050016806524,0.4892948334295685,0.0958069158918265,-0.4599601751019068,-0.0664722575641648,-0.30256500808681,-0.4162376139428283,False,False,True,False,-0.4162376139428283,88
2026-05-29,453850.KS,US,QQQ,ACE 미국30년국채액티브(H),US long bonds,US long bonds,safe,overseas_bond_total,해외채권_종합,0.004731107468455509,-0.026566905413675124,-0.018316117116149,0.1056848599099911,0.21403986042698286,0.18567535285112657,-0.1009537524415356,-0.240606765840658,-0.20399146996727557,-0.0047038145070348895,829,2023-03-14,0.9173348317805542,0.9173348317805542,1.0,0.0,-0.09265435038376202,-0.26978573215052426,-0.09265435038376202,0.0,0.0,0.0,0.0,0.002517304026984135,-0.03720385795926007,1,1.0,overseas_bond_total,safe,0.11787876972162385,0.01089115513885075,-0.11314766225316834,-0.006160047670395241,-0.0703526164200591,0.22197825220169393,-0.022680513300610293,-0.24854515761536905,-0.0038863921130648307,-0.15068165141444737,0.4892948334295685,-0.016194902434838898,-0.5076109505457175,-0.002121214681310102,-0.3054150561999545,-0.4520610616090287,False,False,True,False,-0.4464542312700828,89
2026-05-29,267440.KS,US,QQQ,RISE 미국장기국채선물(H),US long bonds,US long bonds,safe,overseas_bond_total,해외채권_종합,-0.008479709267110835,-0.03762492651381544,-0.029753437648174508,0.1056848599099911,0.21403986042698286,0.18567535285112657,-0.11416456917710194,-0.2516647869407983,-0.21542879049930108,-0.004813217463058976,2358,2017-04-20,,,,,-0.11454342571146103,,-0.11454342571146103,0.0,,,,-0.01937177130071488,,1,1.0,overseas_bond_total,safe,0.11787876972162385,0.01089115513885075,-0.1263584789887347,-0.019370864405961585,-0.08356343315562545,0.22197825220169393,-0.022680513300610293,-0.25960317871550936,-0.014944413213205145,-0.16173967251458765,0.4892948334295685,-0.016194902434838898,-0.519048271077743,-0.01355853521333561,-0.31685237673198,-0.4916858021212393,False,False,True,False,-0.4479262735182657,90
2026-05-29,453630.KS,US,QQQ,KODEX 미국S&P500필수소비재,US dividend/defensive,US dividend/defensive,risk,overseas_equity_sector,해외주식_섹터,0.032545524990313934,-0.005390577801829166,0.10467108250123536,0.1056848599099911,0.21403986042698286,0.18567535285112657,-0.07313933491967717,-0.21943043822881203,-0.08100427034989122,-0.0014074525224984644,824,2023-03-21,0.8622761880661778,0.858420503395333,0.3880567834070484,-0.1104709952105492,-0.1022611684058046,-0.2657451590766444,-0.09720619670742231,0.05889295492147257,0.41186621741190815,0.7065514748787667,0.06438038359055981,-0.002034542296676156,-0.04385820510437971,26,15.835539020982146,overseas_equity_sector,risk,0.11787876972162385,0.08095668211647015,-0.08533324473130992,-0.04841115712615622,-0.07056440968924843,0.22197825220169393,0.1656145676659739,-0.2273688300035231,-0.17100514546780307,-0.20482335618923508,0.4892948334295685,0.23041814269889116,-0.3846237509283331,-0.1257470601976558,-0.2810730746360622,-0.4712735369009121,False,False,True,False,-0.4567459895111158,91
2026-05-29,385540.KS,KR,069500.KS,RISE 종합채권(A-이상)액티브,Korea bonds,Korea bonds,safe,domestic_bond_corp,국내채권_회사채,-0.007527035396122095,-0.0192081352102067,-0.034828738115625923,0.34943196036234414,0.6203751827653721,1.2967996867380913,-0.35695899575846624,-0.6395833179755788,-1.3316284248537174,-0.011576856971933013,1298,2021-05-26,,,,,,,,,,,,,,0,,domestic_bond_corp,safe,0.11787876972162385,-0.007527035396122095,-0.12540580511774596,0.0,-0.07524348307064757,0.22197825220169393,-0.0192081352102067,-0.24118638741190063,0.0,-0.14471183244714036,0.4892948334295685,-0.034828738115625923,-0.5241235715451944,0.0,-0.3144741429271166,-0.5521914839500294,False,False,True,False,-0.5521914839500294,92
2026-05-29,460660.KS,US,QQQ,RISE 미국S&P배당킹,US dividend/defensive,US dividend/defensive,risk,overseas_equity_sector,해외주식_섹터,0.023826940771697558,-0.009115076385451504,0.08025580908980845,0.1056848599099911,0.21403986042698286,0.18567535285112657,-0.08185791913829354,-0.22315493681243437,-0.10541954376131812,-0.0024549083541394443,755,2023-06-27,0.8412296110803963,0.8532946660076028,0.36117466821309174,-0.10038387725031572,-0.11504919007479966,-0.2816964231956208,-0.09765463450022893,0.01881240350439372,0.3478194819959375,0.6144020400046464,0.0369455016588045,-0.002482980089482778,-0.04903650845750762,27,12.673070741494502,overseas_equity_sector,risk,0.11787876972162385,0.08095668211647015,-0.0940518289499263,-0.0571297413447726,-0.07928299390786481,0.22197825220169393,0.1656145676659739,-0.23109332858714543,-0.1747296440514254,-0.20854785477285742,0.4892948334295685,0.23041814269889116,-0.40903902433976,-0.1501623336090827,-0.3054883480474891,-0.5179519226759115,False,False,True,False,-0.5662722081656808,93
2026-05-29,429000.KS,US,QQQ,TIGER 미국S&P500배당귀족,US dividend/defensive,US dividend/defensive,risk,overseas_equity_sector,해외주식_섹터,0.0256774161708484,-0.008902347187660364,0.06766005937406083,0.1056848599099911,0.21403986042698286,0.18567535285112657,-0.0800074437391427,-0.22294220761464323,-0.11801529347706574,-0.0019368735587115711,1044,2022-05-17,0.8512281839519986,0.8726302694291901,0.3426762607298952,-0.15584830146579431,-0.11995898392239343,-0.26010136002852224,-0.09883385763705888,0.008466409591904622,0.28061504937246384,0.6930288510642619,-0.09062422539854648,-0.0036622032263127213,-0.04537992561644616,54,25.18381607264853,overseas_equity_sector,risk,0.11787876972162385,0.08095668211647015,-0.09220135355077545,-0.055279265945621756,-0.07743251850871397,0.22197825220169393,0.1656145676659739,-0.2308805993893543,-0.17451691485363427,-0.20833512557506628,0.4892948334295685,0.23041814269889116,-0.42163477405550764,-0.16275808332483033,-0.3180840977632367,-0.517491767059449,False,False,True,False,-0.620398901524468,94
2026-05-29,091180.KS,KR,069500.KS,KODEX 자동차,Korea cyclical,Korea cyclical,risk,domestic_equity_sector,국내주식_섹터,0.2784082076791543,0.27722772937946405,0.64197144762343,0.34943196036234414,0.6203751827653721,1.2967996867380913,-0.07102375268318983,-0.343147453385908,-0.6548282391146614,-0.0008410177593965749,4250,2010-01-04,0.7336949564804114,0.7745606077476548,0.1194718050845935,-0.15731022480578466,-0.4526411355816352,-0.6334671106217159,-0.40724167959950947,0.08886377092416167,0.16163410301953784,0.4542583920914292,-0.6918563970073743,-0.057809719237165325,-0.008029085277752757,20,9.118031617681073,domestic_equity_sector,risk,0.11787876972162385,0.089642849561123,0.16052943795753044,0.1887653581180313,0.1718238060217308,0.22197825220169393,0.30202483707192235,0.05524947717777012,-0.024797107692458298,0.023230843229678756,0.4892948334295685,0.7241967451003659,0.15267661419386147,-0.08222529747693597,0.058715849525542485,0.36740253476295837,True,True,True,False,-0.6328666927620537,95
2026-05-29,463690.KS,US,QQQ,KODEX 미국S&P500커뮤니케이션,US cyclical/sector,US cyclical/sector,risk,overseas_equity_sector,해외주식_섹터,0.029419223941161476,0.02838310611871253,0.03288109796100458,0.1056848599099911,0.21403986042698286,0.18567535285112657,-0.07626563596882963,-0.18565675430827033,-0.152794254890122,-0.002240608796767135,729,2023-08-03,0.7833403451863027,0.881043587176661,0.32254873981273097,-0.050390343178563335,-0.12898575750218855,-0.31941107884378067,-0.11744816676088493,0.02178835973797201,0.16970673319077317,0.32254873981273097,0.021788359737971996,-0.022276512350138777,-0.08060153224220334,12,5.744418073070303,overseas_equity_sector,risk,0.11787876972162385,0.08095668211647015,-0.08845954578046238,-0.05153745817530868,-0.0736907107384009,0.22197825220169393,0.1656145676659739,-0.1935951460829814,-0.13723146154726137,-0.1710496722686934,0.4892948334295685,0.23041814269889116,-0.4564137354685639,-0.19753704473788658,-0.35286305917629296,-0.48566318998674896,False,False,True,False,-0.6644597202253507,96
2026-05-29,261920.KS,US,QQQ,ACE 필리핀MSCI(합성),India/EM,India/EM,risk,overseas_equity_index,해외주식_지수,0.0011727912431587217,-0.09505300353356894,-0.034579570473492804,0.1056848599099911,0.21403986042698286,0.18567535285112657,-0.10451206866683238,-0.3090928639605518,-0.22025492332461938,-0.002877401054862288,2439,2016-12-28,,,,,,,,,,,,,,0,,overseas_equity_index,risk,0.11787876972162385,0.06055688889194477,-0.11670597847846513,-0.05938409764878605,-0.0937772261465935,0.22197825220169393,0.10116444299014907,-0.31703125573526286,-0.196217446523718,-0.2687057320506449,0.4892948334295685,0.0958069158918265,-0.5238744039030613,-0.1303864863653193,-0.36647923688796447,-0.6746708223890756,False,False,True,False,-0.6746708223890756,97
2026-05-29,144600.KS,US,QQQ,KODEX 은선물(H),Gold,Gold,risk,fx_commodity,FX 및 원자재,0.0402347024308467,-0.08581952117863723,0.24364663549616528,0.1056848599099911,0.21403986042698286,0.18567535285112657,-0.0654501574791444,-0.2998593816056201,0.0579712826450387,-0.005607041533447276,3851,2011-07-18,0.647064420628756,0.647064420628756,0.0,0.0,-0.09458590371531383,-0.33279257165895626,-0.09458590371531383,0.0,0.0,1.0,0.0,0.0005857506954323188,-0.10021069746769207,1,1.0,fx_commodity,risk,0.11787876972162385,-0.004661356730738975,-0.07764406729077715,0.04489605916158568,-0.02862801670983202,0.22197825220169393,-0.06475467462168265,-0.30779777338033115,-0.021064846556954578,-0.1931046026509805,0.4892948334295685,0.10845578162736962,-0.2456481979334032,0.13519085386879565,-0.09331257721252367,-0.33762876511889983,False,False,True,False,-0.6793364355695236,98
2026-05-29,139220.KS,KR,069500.KS,TIGER 200 건설,Korea cyclical,Korea cyclical,risk,domestic_equity_sector,국내주식_섹터,-0.06404437720625311,0.3583035271049071,0.9394260003400168,0.34943196036234414,0.6203751827653721,1.2967996867380913,-0.41347633756859725,-0.262071655660465,-0.35737368639807454,-0.017802892968744294,3924,2011-04-06,0.7572492536975536,0.7165058810205884,0.09382177308222323,-0.187413872301332,-0.44880168825440325,-0.3702819230585057,-0.5478550878262075,0.09382177308222323,0.2874942581534221,0.5349104271933851,-0.6186839687643546,-0.19842312746386337,0.525573192239859,9,3.7744312676263965,domestic_equity_sector,risk,0.11787876972162385,0.089642849561123,-0.18192314692787698,-0.15368722676737612,-0.1706287788636766,0.22197825220169393,0.30202483707192235,0.13632527490321317,0.056278690032984746,0.1043066409551218,0.4892948334295685,0.7241967451003659,0.4501311669104483,0.21522925523965086,0.3561704022421293,0.1329356552115495,True,True,True,False,-0.6818126516228484,99
2026-05-29,453870.KS,US,QQQ,TIGER 인도니프티50,India/EM,India/EM,risk,overseas_equity_index,해외주식_지수,0.006865912762520132,-0.04660272073346439,-0.11657273275428182,0.1056848599099911,0.21403986042698286,0.18567535285112657,-0.09881894714747097,-0.26064258116044725,-0.3022480856054084,-0.0037538415481517557,806,2023-04-14,0.7246661530891622,0.7683168442952166,0.0,0.0,-0.073805183099218,-0.31720745561133734,-0.10173143216848968,0.2,0.4,0.0,0.4,-0.0065597777577435235,-0.06985819742572874,5,4.999999999999999,overseas_equity_index,risk,0.11787876972162385,0.06055688889194477,-0.11101285695910372,-0.05369097612942464,-0.08808410462723208,0.22197825220169393,0.10116444299014907,-0.2685809729351583,-0.14776716372361345,-0.22025544925054036,0.4892948334295685,0.0958069158918265,-0.6058675661838503,-0.2123796486461083,-0.4484723991687535,-0.665831047391248,False,False,True,False,-0.7212206426533248,100
2026-05-29,453810.KS,US,QQQ,KODEX 인도Nifty50,India/EM,India/EM,risk,overseas_equity_index,해외주식_지수,0.006377042646472653,-0.04980351115536408,-0.12249508422805055,0.1056848599099911,0.21403986042698286,0.18567535285112657,-0.09930781726351845,-0.26384337158234694,-0.30817043707917713,-0.0038739796212098007,801,2023-04-21,0.7246661530891622,0.7683168442952166,0.0,0.0,-0.073805183099218,-0.31720745561133734,-0.10173143216848968,0.2,0.4,0.0,0.4,-0.0065597777577435235,-0.06985819742572874,5,4.999999999999999,overseas_equity_index,risk,0.11787876972162385,0.06055688889194477,-0.1115017270751512,-0.05417984624547212,-0.08857297474327958,0.22197825220169393,0.10116444299014907,-0.271781763357058,-0.15096795414551314,-0.22345623967244005,0.4892948334295685,0.0958069158918265,-0.611789917657619,-0.21830200011987705,-0.45439475064252227,-0.6772144045795321,False,False,True,False,-0.7326039998416087,101
2026-05-29,192090.KS,US,QQQ,TIGER 차이나CSI300,China equity,China equity,risk,overseas_equity_index,해외주식_지수,0.048034934497816595,0.11368909512761016,0.1488055129202055,0.1056848599099911,0.21403986042698286,0.18567535285112657,-0.05764992541217451,-0.1003507652993727,-0.03686983993092108,-0.001553410228283224,3181,2014-02-17,0.7789099678770537,0.7852442925417382,0.2,-0.11428571428571427,-0.07362545618311897,-0.18549665478871763,-0.1486237219725215,0.2,0.4285714285714286,0.37142857142857144,-0.08571428571428563,-0.05345206756177534,-0.02971372974652875,35,35.00000000000001,overseas_equity_index,risk,0.11787876972162385,0.06055688889194477,-0.06984383522380726,-0.012521954394128176,-0.046915082891935626,0.22197825220169393,0.10116444299014907,-0.10828915707408376,0.012524652137461095,-0.05996363338946582,0.4892948334295685,0.0958069158918265,-0.340489320509363,0.052998597028379,-0.18309415349426617,-0.1565181387945936,True,True,True,False,-0.7569807432138722,102
2026-05-29,423160.KS,US,QQQ,KODEX KOFR금리액티브(합성),Cash/short bonds,Cash/short bonds,safe,cash_short_bond,금리연계형/초단기채권,0.0019613243506098055,0.006186359204415348,0.012511913273726583,0.1056848599099911,0.21403986042698286,0.18567535285112657,-0.1037235355593813,-0.20785350122256752,-0.1731634395774,-0.0037972651280009963,1059,2022-04-26,0.7284136674085573,0.7284136674085573,0.0,0.0,-0.1405222055400156,-0.3828299360802524,-0.1405222055400156,0.0,0.0,0.0,0.0,-0.045350551129269445,-0.1502480618889882,1,1.0,cash_short_bond,safe,0.11787876972162385,0.006093450787318311,-0.11591744537101405,-0.004132126436708505,-0.07120331779729182,0.22197825220169393,0.012334971751044633,-0.21579189299727858,-0.006148612546629285,-0.13193458081701886,0.4892948334295685,0.020287034894949808,-0.4767829201558419,-0.007775121621223225,-0.2891798007419944,-0.399346012407857,False,False,True,False,-0.8050609546231027,103
2026-05-29,168580.KS,US,QQQ,ACE 중국본토CSI300,China equity,China equity,risk,overseas_equity_index,해외주식_지수,0.04343220338983045,0.10705254284911492,0.13527773356855888,0.1056848599099911,0.21403986042698286,0.18567535285112657,-0.062252656520160654,-0.10698731757786795,-0.050397619282567696,-0.002132011304579192,3494,2012-11-29,0.7760462592442691,0.7786756980149204,0.21739130434782616,-0.04347826086956513,-0.10237405075505003,-0.23625190787423625,-0.13815475895917007,0.14624505928853762,0.32806324110671936,0.37944664031620556,-0.07114624505928846,-0.04298310454842391,-0.07359819630783226,253,253.00000000000009,overseas_equity_index,risk,0.11787876972162385,0.06055688889194477,-0.0744465663317934,-0.017124685502114323,-0.051517813999921766,0.22197825220169393,0.10116444299014907,-0.11492570935257901,0.005888099858965851,-0.06660018566796105,0.4892948334295685,0.0958069158918265,-0.3540170998610096,0.039470817676732384,-0.1966219328459128,-0.1891925130747164,True,True,True,False,-0.8790655503996236,104
2026-05-29,463640.KS,US,QQQ,KODEX 미국S&P500유틸리티,US dividend/defensive,US dividend/defensive,risk,overseas_equity_sector,해외주식_섹터,-0.014696485623003186,-0.029378516487265527,0.05926642783762226,0.1056848599099911,0.21403986042698286,0.18567535285112657,-0.12038134553299429,-0.2434183769142484,-0.12640892501350431,-0.0037978853197892194,729,2023-08-03,0.8848271483200622,0.9224867369793845,0.5618286045279051,-0.20496385861557054,-0.14550647214999596,-0.2831763434033447,-0.1329184640783636,0.0,0.04232993074118997,0.7084749334937903,-0.5685888026281385,-0.037746809667617454,-0.03672037213938045,26,19.005212620954552,overseas_equity_sector,risk,0.11787876972162385,0.08095668211647015,-0.13257525534462705,-0.09565316773947334,-0.11780642030256556,0.22197825220169393,0.1656145676659739,-0.25135676868895945,-0.19499308415323943,-0.22881129487467144,0.4892948334295685,0.23041814269889116,-0.4300284055919462,-0.1711517148612689,-0.3264777292996753,-0.6207392912809686,False,False,True,False,-0.8827595097601232,105
2026-05-29,132030.KS,US,QQQ,KODEX 골드선물(H),Gold,Gold,risk,fx_commodity,FX 및 원자재,-0.01542317331791021,-0.1299829642248722,0.04422070938594347,0.1056848599099911,0.21403986042698286,0.18567535285112657,-0.12110803322790131,-0.3440228246518551,-0.1414546434651831,-0.006479496579525398,4057,2010-10-01,0.8411373265801216,0.8411373265801216,0.0,0.0,-0.10949179634438588,-0.3516712566445498,-0.10949179634438588,0.0,0.0,1.0,0.0,-0.01432014193363973,-0.1190893824532856,1,1.0,fx_commodity,risk,0.11787876972162385,-0.004661356730738975,-0.13330194303953408,-0.010761816587171236,-0.08428589245858895,0.22197825220169393,-0.06475467462168265,-0.35196121642656614,-0.06522828960318956,-0.23726804569721552,0.4892948334295685,0.10845578162736962,-0.445074124043625,-0.06423507224142615,-0.2927385033227455,-0.6153939563847738,False,False,True,False,-0.9790460193892805,106
2026-05-29,245360.KS,US,QQQ,TIGER 차이나HSCEI,China/HK growth,China/HK growth,risk,overseas_equity_index,해외주식_지수,-0.011481481481481537,0.02415103253893114,-0.05218086529362753,0.1056848599099911,0.21403986042698286,0.18567535285112657,-0.11716634139147264,-0.18988882788805173,-0.2378562181447541,-0.004484848512480408,2578,2016-06-16,0.7391503519877505,0.7411192284471468,0.2666666666666667,0.0,-0.03768454759462279,-0.15951763885164266,-0.08402866979098844,0.2,0.4666666666666668,0.3333333333333334,0.0,0.011142984619757712,-0.050233140168883805,15,14.999999999999991,overseas_equity_index,risk,0.11787876972162385,0.06055688889194477,-0.1293602512031054,-0.07203837037342631,-0.10643149887123377,0.22197825220169393,0.10116444299014907,-0.1978272196627628,-0.07701341045121793,-0.14950169597814483,0.4892948334295685,0.0958069158918265,-0.541475698723196,-0.14798778118545403,-0.38408053170809925,-0.5385481664511764,True,True,True,False,-1.040852930253474,107
2026-05-29,250730.KS,US,QQQ,RISE 차이나HSCEI(H),China/HK growth,China/HK growth,risk,overseas_equity_index,해외주식_지수,-0.02474022761009398,-0.0025303643724696734,-0.0800668851991565,0.1056848599099911,0.21403986042698286,0.18567535285112657,-0.13042508752008508,-0.21657022479945254,-0.2657422380502831,-0.0063909969381031485,2539,2016-08-10,0.7569924000152307,0.745172626917628,0.28571428571428575,0.0,-0.014267980475766943,-0.13207034302468437,-0.06908822702637918,0.21428571428571433,0.5,0.35714285714285715,0.0,0.026083427384366975,-0.03850942939947993,14,14.0,overseas_equity_index,risk,0.11787876972162385,0.06055688889194477,-0.14261899733171784,-0.08529711650203875,-0.11969024499984621,0.22197825220169393,0.10116444299014907,-0.2245086165741636,-0.10369480736261874,-0.17618309288954564,0.4892948334295685,0.0958069158918265,-0.569361718628725,-0.175873801090983,-0.41196655161362816,-0.6397962124079971,True,True,True,False,-1.0864216295880809,108
2026-05-29,371160.KS,US,QQQ,TIGER 차이나항셍테크,China/HK growth,China/HK growth,risk,overseas_equity_index,해외주식_지수,0.02271293375394312,0.05324980621620834,-0.11771743915326593,0.1056848599099911,0.21403986042698286,0.18567535285112657,-0.08297192615604798,-0.16079005421077452,-0.3033927920043925,-0.0037634553115370537,1411,2020-12-16,0.6604033467797383,0.6192919869858385,0.2,0.1,-0.024746935491553344,-0.1529712039847469,-0.15837855168899234,0.2,0.30000000000000004,0.2,-0.09999999999999998,-0.06320689727824619,-0.12999524322291933,10,9.999999999999996,overseas_equity_index,risk,0.11787876972162385,0.06055688889194477,-0.09516583596768073,-0.03784395513800165,-0.0722370836358091,0.22197825220169393,0.10116444299014907,-0.1687284459854856,-0.04791463677394073,-0.12040292230086765,0.4892948334295685,0.0958069158918265,-0.6070122725828344,-0.21352435504509243,-0.4496171055677376,-0.49736927323028757,True,True,True,False,-1.1035755289119926,109
2026-05-29,455850.KS,KR,069500.KS,SOL AI반도체소부장,Korea semiconductor,Korea semiconductor,risk,domestic_equity_sector,국내주식_섹터,-0.07371794871794868,0.044846015705454656,0.669701930987805,0.34943196036234414,0.6203751827653721,1.2967996867380913,-0.4231499090802928,-0.5755291670599174,-0.6270977557502864,-0.014773792029530395,799,2023-04-25,0.7713716771294103,0.7727827439763562,0.04069703319730887,-0.795411933384802,-0.4178888796067418,-0.520571692499526,-0.44614707681028964,0.11745891695158273,0.34564905701996257,0.899194882541083,-0.5068931289290834,-0.0967151164479455,-0.10608045881947725,18,9.015121540024923,domestic_equity_sector,risk,0.11787876972162385,0.089642849561123,-0.19159671843957254,-0.16336079827907168,-0.1803023503753722,0.22197825220169393,0.30202483707192235,-0.17713223649623927,-0.2571788213664677,-0.20915087044433064,0.4892948334295685,0.7241967451003659,0.18040709755823647,-0.05449481411256096,0.08644633288991749,-0.5107580889645928,False,False,True,False,-1.134258716596484,110
2026-05-29,271060.KS,US,QQQ,KODEX 3대농산물선물(H),Commodity/Oil,Commodity/Oil,risk,fx_commodity,FX 및 원자재,-0.038795599305153416,0.021538461538461506,0.03750000000000009,0.1056848599099911,0.21403986042698286,0.18567535285112657,-0.14448045921514452,-0.19250139888852136,-0.14817535285112649,-0.005065694958700774,2320,2017-06-13,0.9377614810760997,0.9377614810760997,1.0,0.0,-0.14599214755479206,-0.2644393330468098,-0.14599214755479206,0.0,0.0,1.0,-1.0,-0.05082049314404591,-0.031857458855545584,1,1.0,fx_commodity,risk,0.11787876972162385,-0.004661356730738975,-0.15667436902677728,-0.03413424257441444,-0.10765831844583215,0.22197825220169393,-0.06475467462168265,-0.20043979066323242,0.08629313616014415,-0.08574661993388179,0.4892948334295685,0.10845578162736962,-0.4517948334295684,-0.07095578162736953,-0.29945921270868886,-0.3888234638029571,False,True,True,False,-1.1963778748080538,111
2026-05-29,372330.KS,US,QQQ,KODEX 차이나항셍테크,China/HK growth,China/HK growth,risk,overseas_equity_index,해외주식_지수,0.022123893805309658,0.05491991808896679,-0.11783509531043024,0.1056848599099911,0.21403986042698286,0.18567535285112657,-0.08356096610468144,-0.15911994233801607,-0.3035104481615568,-0.0037566351368834316,1411,2020-12-16,0.9254471223054451,0.9254471223054451,1.0,0.0,-0.11671011233765993,-0.1982246540906063,-0.11671011233765993,0.0,0.0,0.0,-1.0,-0.02153845792691378,0.03435722010065789,1,1.0,overseas_equity_index,risk,0.11787876972162385,0.06055688889194477,-0.0957548759163142,-0.03843299508663511,-0.07282612358444256,0.22197825220169393,0.10116444299014907,-0.16705833411272714,-0.04624452490118228,-0.1187328104281092,0.4892948334295685,0.0958069158918265,-0.6071299287399987,-0.21364201120225673,-0.4497347617249019,-0.49534893036317384,True,True,True,False,-1.246844111762382,112
2026-05-29,371460.KS,US,QQQ,TIGER 차이나전기차SOLACTIVE,China/HK growth,China/HK growth,risk,overseas_equity_sector,해외주식_섹터,-0.05582356995175741,0.11156186612576069,0.08437968562821263,0.1056848599099911,0.21403986042698286,0.18567535285112657,-0.16150842986174851,-0.10247799430122218,-0.10129566722291394,-0.0075145561492918934,1417,2020-12-08,0.7357035848638223,0.7357035848638223,0.0,-0.5,-0.26268363902371955,-0.21421806021371786,-0.26268363902371955,0.0,0.5,0.5,0.0,-0.1675119846129734,0.01836381397754633,2,2.0,overseas_equity_sector,risk,0.11787876972162385,0.08095668211647015,-0.17370233967338128,-0.13678025206822758,-0.1589335046313198,0.22197825220169393,0.1656145676659739,-0.11041638607593324,-0.054052701540213216,-0.08787091226164523,0.4892948334295685,0.23041814269889116,-0.40491514780135585,-0.14603845707067853,-0.3013644715090849,-0.47802260701726906,True,True,True,False,-1.277733302862991,113
2026-05-29,099140.KS,US,QQQ,KODEX 차이나H,China/HK growth,China/HK growth,risk,overseas_equity_index,해외주식_지수,-0.008510638297872353,0.029085448787307566,-0.05401584136495263,0.1056848599099911,0.21403986042698286,0.18567535285112657,-0.11419549820786346,-0.1849544116396753,-0.2396911942160792,-0.004535840761323426,4250,2010-01-04,0.9254471223054451,0.9254471223054451,1.0,0.0,-0.11671011233765993,-0.1982246540906063,-0.11671011233765993,0.0,0.0,0.0,-1.0,-0.02153845792691378,0.03435722010065789,1,1.0,overseas_equity_index,risk,0.11787876972162385,0.06055688889194477,-0.12638940801949622,-0.06906752718981712,-0.10346065568762458,0.22197825220169393,0.10116444299014907,-0.19289280341438636,-0.0720789942028415,-0.1445672797297684,0.4892948334295685,0.0958069158918265,-0.5433106747945211,-0.14982275725677913,-0.3859155077794243,-0.5301062511200625,True,True,True,False,-1.2816014325192706,114
2026-05-29,305720.KS,KR,069500.KS,KODEX 2차전지산업,Korea growth,Korea growth,risk,domestic_equity_sector,국내주식_섹터,-0.05431235431235426,0.21386769792063065,0.24628225894659295,0.34943196036234414,0.6203751827653721,1.2967996867380913,-0.4037443146746984,-0.4065074848447414,-1.0505174277914984,-0.02004676204496846,1997,2018-09-12,0.7089456060747203,0.7574890161097058,0.0265045779365788,-0.48407492184010714,-0.5063157572495651,-0.5853580286603312,-0.49757495703417737,0.0,0.3703243635551584,0.7876981911567664,-0.502568110763734,-0.14814299667183323,0.008003625952088755,24,12.629366152601525,domestic_equity_sector,risk,0.11787876972162385,0.089642849561123,-0.17219112403397813,-0.14395520387347727,-0.1608967559697778,0.22197825220169393,0.30202483707192235,-0.008110554281063276,-0.0881571391512917,-0.04012918822915464,0.4892948334295685,0.7241967451003659,-0.24301257448297553,-0.47791448615377297,-0.3369733391512945,-0.6107145916636526,False,False,True,False,-1.3352447488034445,115
2026-05-29,256440.KS,US,QQQ,ACE 인도네시아MSCI(합성),India/EM,India/EM,risk,overseas_equity_index,해외주식_지수,-0.09399075500770415,-0.245186136071887,-0.3464004326415079,0.1056848599099911,0.21403986042698286,0.18567535285112657,-0.19967561491769525,-0.45922599649886986,-0.5320757854926345,-0.011790555534210328,2480,2016-11-01,,,,,,,,,,,,,,0,,overseas_equity_index,risk,0.11787876972162385,0.06055688889194477,-0.21186952472932802,-0.15454764389964892,-0.18894077239745638,0.22197825220169393,0.10116444299014907,-0.4671643882735809,-0.34635057906203603,-0.4188388645889629,0.4892948334295685,0.0958069158918265,-0.8356952660710764,-0.4422073485333344,-0.6783000990559795,-1.3497256181854167,False,False,True,False,-1.3497256181854167,116
2026-05-29,305540.KS,KR,069500.KS,TIGER 2차전지테마,Korea growth,Korea growth,risk,domestic_equity_sector,국내주식_섹터,-0.0631086142322097,0.21563869798881186,0.252697185654694,0.34943196036234414,0.6203751827653721,1.2967996867380913,-0.41254057459455384,-0.4047364847765602,-1.0441025010833973,-0.020843822915004046,1997,2018-09-12,0.7199869210664659,0.7521881547169859,0.02771107794146277,-0.4589687844766045,-0.519363736707671,-0.5523641281100207,-0.5253760470133979,0.0,0.3657927185411122,0.7686579271854114,-0.5824355895904993,-0.17594408665105382,0.02383982427390957,28,16.983677557641354,domestic_equity_sector,risk,0.11787876972162385,0.089642849561123,-0.18098738395383357,-0.1527514637933327,-0.16969301588963323,0.22197825220169393,0.30202483707192235,-0.00633955421288207,-0.08638613908311049,-0.03835818816097344,0.4892948334295685,0.7241967451003659,-0.23659764777487446,-0.4714995594456719,-0.33055841244319345,-0.6232566774830578,False,False,True,False,-1.3601326224453913,117
2026-05-29,310080.KS,US,QQQ,RISE 중국MSCI China(H),China/HK growth,China/HK growth,risk,overseas_equity_index,해외주식_지수,-0.03448275862068961,-0.029487842731505398,-0.134252699511474,0.1056848599099911,0.21403986042698286,0.18567535285112657,-0.14016761853068072,-0.24352770315848826,-0.3199280523626006,-0.0070316963492303595,1942,2018-11-28,0.7106878643614387,0.7148831863329175,0.20833333333333331,-0.020833333333333343,-0.09748721099790103,-0.26055436377288926,-0.15432781477450352,0.16666666666666666,0.29166666666666663,0.2708333333333333,0.0,-0.05915616036375737,-0.12293860972740966,48,47.999999999999986,overseas_equity_index,risk,0.11787876972162385,0.06055688889194477,-0.15236152834231348,-0.09503964751263438,-0.12943277601044184,0.22197825220169393,0.10116444299014907,-0.2514660949331993,-0.13065228572165447,-0.20314057124858137,0.4892948334295685,0.0958069158918265,-0.6235475329410425,-0.2300596154033005,-0.46615236592594567,-0.7389077357324251,True,True,True,False,-1.443757383625093,118
2026-05-29,462010.KS,KR,069500.KS,TIGER 2차전지소재Fn,Korea growth,Korea growth,risk,domestic_equity_sector,국내주식_섹터,-0.054474708171206254,0.09761778170919344,0.15859649057457692,0.34943196036234414,0.6203751827653721,1.2967996867380913,-0.4039066685335504,-0.5227574010561786,-1.1382031961635144,-0.020320295770581025,743,2023-07-14,0.7219286069377354,0.7521881547169859,0.0,-0.4021836496695792,-0.4890826775524713,-0.5272412108785328,-0.49757495703417737,0.0,0.5005661939932733,0.791167373704937,-0.4015075971402978,-0.14814299667183323,0.061929262641406524,18,10.770932810825741,domestic_equity_sector,risk,0.11787876972162385,0.089642849561123,-0.17235347789283012,-0.14411755773232926,-0.16105910982862978,0.22197825220169393,0.30202483707192235,-0.12436047049250049,-0.2044070553627289,-0.15637910444059183,0.4892948334295685,0.7241967451003659,-0.33069834285499156,-0.565600254525789,-0.42465910752331054,-0.8571905922801081,False,False,True,False,-1.4686875879775965,119
2026-05-29,227570.KS,KR,069500.KS,TIGER 우량가치,Korea value,Korea value,risk,domestic_equity_sector,국내주식_섹터,-0.07421304982280597,0.18531517671673736,0.3671450288157885,0.34943196036234414,0.6203751827653721,1.2967996867380913,-0.4236450101851501,-0.4350600060486347,-0.9296546579223028,-0.014328892730112579,2767,2015-09-23,0.7786547690283445,0.7716142411053374,0.14815220967211307,-0.47505208904485174,-0.41185320058307534,-0.22436111898929934,-0.4415035716155411,0.04682530979274052,0.44215374492817205,0.6684943524509269,-0.2915889900208357,-0.09207161125319696,0.03868323760650361,48,29.265390373900527,domestic_equity_sector,risk,0.11787876972162385,0.089642849561123,-0.19209181954442983,-0.16385589938392897,-0.18079745148022947,0.22197825220169393,0.30202483707192235,-0.036663075484956564,-0.11670966035518499,-0.06868170943304794,0.4892948334295685,0.7241967451003659,-0.12214980461378,-0.35705171628457744,-0.21611056928209899,-0.5055528119820152,True,True,True,False,-1.475056743414269,120
2026-05-29,161510.KS,KR,069500.KS,PLUS 고배당주,Korea value,Korea value,risk,domestic_equity_sector,국내주식_섹터,-0.021683926022983413,0.0212755191247449,0.2536559511703018,0.34943196036234414,0.6203751827653721,1.2967996867380913,-0.37111588638532755,-0.5990996636406272,-1.0431437355677895,-0.013340422163263975,3560,2012-08-29,0.8186294639553335,0.7806510848615189,0.2378277153558053,-0.08489388264669154,-0.36965064941319525,-0.5952762037817294,-0.44157855722098294,0.08333333333333336,0.3679775280898878,0.6641697877652935,-0.1742613399916768,-0.0921465968586388,-0.03673739387666741,29,23.509929636027003,domestic_equity_sector,risk,0.11787876972162385,0.089642849561123,-0.13956269574460728,-0.11132677558410642,-0.12826832768040694,0.22197825220169393,0.30202483707192235,-0.20070273307694902,-0.28074931794717745,-0.2327213670250404,0.4892948334295685,0.7241967451003659,-0.23563888225926666,-0.4705407939300641,-0.32959964692758564,-0.7753411296324377,True,True,True,False,-1.8592266301268336,121
2026-05-29,139250.KS,KR,069500.KS,TIGER 200 에너지화학,Korea cyclical,Korea cyclical,risk,domestic_equity_sector,국내주식_섹터,-0.018967587034813937,0.18828091212683473,0.4089089635141261,0.34943196036234414,0.6203751827653721,1.2967996867380913,-0.3683995473971581,-0.43209427063853734,-0.8878907232239652,-0.014565398476205789,3924,2011-04-06,0.7286472872327489,0.7401998462720983,0.014205134977079302,-0.6944481125846556,-0.5481159235593971,-0.550495985308886,-0.5341104829341635,0.0,0.20704031390895877,0.5935973136637174,-0.7732083231149429,-0.18467852257181938,-0.0008898605960074857,26,11.004228116607127,domestic_equity_sector,risk,0.11787876972162385,0.089642849561123,-0.1368463567564378,-0.10861043659593694,-0.12555198869223747,0.22197825220169393,0.30202483707192235,-0.033697340074859194,-0.11374392494508762,-0.06571597402295057,0.4892948334295685,0.7241967451003659,-0.08038586991544239,-0.3152877815862398,-0.17434663458376137,-0.4208987794350101,True,True,True,False,-1.8961069254242704,122
2026-05-29,174350.KS,KR,069500.KS,TIGER 로우볼,Korea defensive,Korea defensive,risk,domestic_equity_sector,국내주식_섹터,-0.028358567652006728,0.021534269446284338,0.15281355618068138,0.34943196036234414,0.6203751827653721,1.2967996867380913,-0.37779052801435087,-0.5988409133190877,-1.14398613055741,-0.011982237914289378,3351,2013-06-20,0.8213136815969235,0.790566634641124,0.19606003752345208,-0.16739628934750883,-0.36820799795883014,-0.5753648934395111,-0.42854998889671514,0.02324369397540134,0.38367729831144465,0.6010006253908691,-0.07035647279549717,-0.079118028534371,-0.00823399237740885,39,38.05839448653637,domestic_equity_sector,risk,0.11787876972162385,0.089642849561123,-0.1462373373736306,-0.11800141721312973,-0.13494296930943026,0.22197825220169393,0.30202483707192235,-0.2004439827554096,-0.280490567625638,-0.23246261670350096,0.4892948334295685,0.7241967451003659,-0.3364812772488871,-0.5713831889196845,-0.4304420419172061,-0.8344847328278988,False,True,True,False,-1.8965104413224048,123
2026-05-29,139270.KS,KR,069500.KS,TIGER 200 금융,Korea value,Korea value,risk,domestic_equity_sector,국내주식_섹터,-0.006306306306306353,0.03929118001625853,0.31872217032218164,0.34943196036234414,0.6203751827653721,1.2967996867380913,-0.3557382666686505,-0.5810840027491135,-0.9780775164159097,-0.012351533786036374,3924,2011-04-06,0.7734437711747648,0.7622847227053715,0.07885935138617042,-0.2839977206847858,-0.384570525588611,-0.6347443268382565,-0.4295140958859581,0.02140574288333375,0.20280950375343762,0.715630651834601,-0.3102841711468425,-0.08008213552361398,-0.02510863528260121,21,7.432234051802816,domestic_equity_sector,risk,0.11787876972162385,0.089642849561123,-0.1241850760279302,-0.09594915586742936,-0.11289070796372985,0.22197825220169393,0.30202483707192235,-0.1826870721854354,-0.2627336570556638,-0.21470570613352677,0.4892948334295685,0.7241967451003659,-0.17057266310738683,-0.40547457477818427,-0.2645334277757058,-0.671788619723614,True,True,True,False,-1.9399608196731781,124
2026-05-29,229200.KS,KR,069500.KS,KODEX 코스닥150,Korea growth,Korea growth,risk,domestic_equity_index,국내주식_지수,-0.05666079073281294,-0.041853180257804934,0.17590746860331263,0.34943196036234414,0.6203751827653721,1.2967996867380913,-0.4060927510951571,-0.662228363023177,-1.1208922181347787,-0.01459620069368685,2761,2015-10-01,0.6914488995273407,0.6578595317725753,0.05893405414605418,-0.3260901209988968,-0.4353220417384759,-0.6251226541173323,-0.4991645806831998,0.0378941757943982,0.2983027010321748,0.602828906262248,-0.41171201232607746,-0.14973262032085566,-0.13494830912438383,143,85.91958201224627,domestic_equity_index,risk,0.11787876972162385,0.2833193908015132,-0.1745395604544368,-0.33998018153432613,-0.24071580888639255,0.22197825220169393,0.5127119483722824,-0.26383143245949886,-0.5545651286300873,-0.38012491092773426,0.4892948334295685,1.105516726576937,-0.31338736482625584,-0.9296092579736244,-0.5598761220852033,-1.295001872809017,False,False,True,False,-1.9820679558540328,125
2026-05-29,315270.KS,KR,069500.KS,TIGER 200커뮤니케이션서비스,Korea cyclical,Korea cyclical,risk,domestic_equity_sector,국내주식_섹터,-0.024455313472654505,0.004929965293072991,0.02308714885934049,0.34943196036234414,0.6203751827653721,1.2967996867380913,-0.37388727383499865,-0.6154452174722991,-1.2737125378787508,-0.013816123577892105,1910,2019-01-15,0.7549157116522491,0.726161329666001,0.2881990578572292,0.0,-0.40586734049590706,-0.6383935845436353,-0.42873370599825433,0.0,0.4848411643918348,0.3580142529290977,0.136127551636671,-0.07930174563591019,-0.0861386138613861,9,6.3238630476639806,domestic_equity_sector,risk,0.11787876972162385,0.089642849561123,-0.14233408319427837,-0.11409816303377751,-0.13103971513007803,0.22197825220169393,0.30202483707192235,-0.21704828690862094,-0.29709487177884936,-0.2490669208567123,0.4892948334295685,0.7241967451003659,-0.466207684570228,-0.7011095962410254,-0.560168449238547,-0.975739360064658,True,True,True,False,-1.9872894309120495,126
2026-05-29,232080.KS,KR,069500.KS,TIGER 코스닥150,Korea growth,Korea growth,risk,domestic_equity_index,국내주식_지수,-0.059708857636318724,-0.04278502212713897,0.17270601562115928,0.34943196036234414,0.6203751827653721,1.2967996867380913,-0.40914081799866286,-0.663160204892511,-1.124093671116932,-0.01462397043698469,2731,2015-11-12,0.6913678786523068,0.6578595317725753,0.05875418800354093,-0.3247223871900322,-0.4352323569157555,-0.624589706601262,-0.4991645806831998,0.03769259213607794,0.29848167363266614,0.6014387683067588,-0.4102148067635564,-0.14973262032085566,-0.13494830912438383,143,86.0368125318252,domestic_equity_index,risk,0.11787876972162385,0.2833193908015132,-0.1775876273579426,-0.3430282484378319,-0.24376387578989833,0.22197825220169393,0.5127119483722824,-0.2647632743288329,-0.5554969704994214,-0.3810567527970683,0.4892948334295685,1.105516726576937,-0.3165888178084092,-0.9328107109557777,-0.5630775750673567,-1.3020854274721652,False,False,True,False,-1.9885533828105983,127
2026-05-29,227550.KS,KR,069500.KS,TIGER 200 산업재,Korea cyclical,Korea cyclical,risk,domestic_equity_sector,국내주식_섹터,-0.0847404627892433,0.064753239253454,0.3738116962067508,0.34943196036234414,0.6203751827653721,1.2967996867380913,-0.43417242315158744,-0.5556219435119181,-0.9229879905313405,-0.018555207102032355,2767,2015-09-23,0.7298777093340025,0.7593652859105038,0.008767809613276905,-0.46903308058780113,-0.49549057127470225,-0.7241869317201246,-0.4925036350968463,0.0,0.2588516853429955,0.33984208995951565,-0.3314545169876313,-0.14307167473450216,-0.05589250707051874,18,6.856659049840012,domestic_equity_sector,risk,0.11787876972162385,0.089642849561123,-0.20261923251086716,-0.1743833123503663,-0.1913248644466668,0.22197825220169393,0.30202483707192235,-0.15722501294823993,-0.23727159781846835,-0.18924364689633127,0.4892948334295685,0.7241967451003659,-0.11548313722281767,-0.3503850488936151,-0.20944390189113665,-0.7573204662957516,True,True,True,False,-2.1647547272677166,128
2026-05-29,139230.KS,KR,069500.KS,TIGER 200 중공업,Korea cyclical,Korea cyclical,risk,domestic_equity_sector,국내주식_섹터,-0.10894552723638184,0.12138364779874222,0.2631951824300389,0.34943196036234414,0.6203751827653721,1.2967996867380913,-0.458377487598726,-0.49899153496662985,-1.0336045043080524,-0.019990712677658173,3924,2011-04-06,0.7296859917661782,0.8009128450336883,0.04321406539173343,-0.93568784700802,-0.5397860773129769,-0.5714560217279991,-0.4854443251227769,0.0,0.3593152375077112,0.5016347933374459,-0.6406847624922888,-0.13601236476043277,0.08884920311012245,17,5.62131721862864,domestic_equity_sector,risk,0.11787876972162385,0.089642849561123,-0.2268242969580057,-0.19858837679750485,-0.21552992889380534,0.22197825220169393,0.30202483707192235,-0.1005946044029517,-0.18064118927318012,-0.13261323835104308,0.4892948334295685,0.7241967451003659,-0.22609965099952956,-0.461001562670327,-0.32006041566784854,-0.7933278900463563,True,True,True,False,-2.1652019343691387,129
2026-05-29,434730.KS,KR,069500.KS,HANARO 원자력iSelect,Korea cyclical,Korea cyclical,risk,domestic_equity_sector,국내주식_섹터,-0.14914285714285713,0.17617553373210604,0.47056690341781504,0.34943196036234414,0.6203751827653721,1.2967996867380913,-0.4985748175052013,-0.44419964903326603,-0.8262327833202763,-0.02314596920943272,1014,2022-06-28,0.7030970823837189,0.6973370209567186,0.0,-0.8032967032967032,-0.5586295642270573,-0.6267424616038689,-0.5602804412337924,0.0,0.08606593406593406,0.33032967032967014,-0.7629450549450547,-0.21084848087144825,-0.06681987364472147,14,5.4204477622632155,domestic_equity_sector,risk,0.11787876972162385,0.089642849561123,-0.267021626864481,-0.23878570670398014,-0.2557272588002807,0.22197825220169393,0.30202483707192235,-0.04580271846958789,-0.1258493033398163,-0.07782135241767926,0.4892948334295685,0.7241967451003659,-0.018727930011753435,-0.25362984168255087,-0.11268869468007242,-0.6436595620116614,True,True,True,False,-2.2236960675251227,130
2026-05-29,227560.KS,KR,069500.KS,TIGER 200 생활소비재,Korea defensive,Korea defensive,risk,domestic_equity_sector,국내주식_섹터,-0.08160343593414454,0.028414487221727347,0.044875687826336774,0.34943196036234414,0.6203751827653721,1.2967996867380913,-0.4310353962964887,-0.5919606955436447,-1.2519239989117545,-0.015691036582658625,2767,2015-09-23,0.758427473796505,0.7639902355056725,0.0056635960423063545,-0.22755032412146028,-0.4411771110101978,-0.6547941622778831,-0.43278578791374617,0.0,0.1515864892528147,0.15841009894234045,-0.11388604571818461,-0.08335382755140203,-0.026713606923412014,26,10.471379245902208,domestic_equity_sector,risk,0.11787876972162385,0.089642849561123,-0.1994822056557684,-0.17124628549526755,-0.18818783759156807,0.22197825220169393,0.30202483707192235,-0.19356376497996658,-0.273610349850195,-0.22558239892805795,0.4892948334295685,0.7241967451003659,-0.4444191456032317,-0.6793210572740291,-0.5383799102715507,-1.0058794567241227,False,True,True,False,-2.3496637744436626,131
2026-05-29,466940.KS,KR,069500.KS,TIGER 은행고배당플러스TOP10,Korea value,Korea value,risk,domestic_equity_sector,국내주식_섹터,-0.07288877433643104,-0.039212608417787176,0.15243220954283765,0.34943196036234414,0.6203751827653721,1.2967996867380913,-0.4223207346987752,-0.6595877911831592,-1.1443674771952537,-0.014467647922105276,676,2023-10-17,0.828977789245486,0.8221033422354445,0.19008348605172065,-0.31857055589492966,-0.4197588065735404,-0.6358177320054156,-0.44150843006403795,0.0,0.032070861331704316,0.8176542455711668,-0.5462227652209325,-0.09207646970169381,0.022112827272984803,10,7.78262186282398,domestic_equity_sector,risk,0.11787876972162385,0.089642849561123,-0.1907675440580549,-0.16253162389755405,-0.17947317599385457,0.22197825220169393,0.30202483707192235,-0.2611908606194811,-0.3412374454897095,-0.2932094945675725,0.4892948334295685,0.7241967451003659,-0.3368626238867308,-0.5717645355575283,-0.4308233885550498,-1.0070526847833758,True,True,True,False,-2.394457005145924,132
2026-05-29,091170.KS,KR,069500.KS,KODEX 은행,Korea value,Korea value,risk,domestic_equity_sector,국내주식_섹터,-0.08007771895498417,-0.0296760607956581,0.16194627815255402,0.34943196036234414,0.6203751827653721,1.2967996867380913,-0.4295096793173283,-0.6500512435610302,-1.1348534085855373,-0.014915948065374062,4250,2010-01-04,0.8028152361933315,0.754822890450344,0.1892062347959277,-0.40436075322101106,-0.44400343145499754,-0.6607651088072342,-0.44254041944673905,0.0,0.0,0.7712406523110193,-0.5935669880169387,-0.09310845908439491,-0.07468168409202386,10,6.651076536365906,domestic_equity_sector,risk,0.11787876972162385,0.089642849561123,-0.19795648867660803,-0.16972056851610717,-0.1866621206124077,0.22197825220169393,0.30202483707192235,-0.251654312997352,-0.33170089786758045,-0.2836729469454434,0.4892948334295685,0.7241967451003659,-0.32734855527701445,-0.5622504669478119,-0.42130931994533344,-0.9988509278465317,True,True,True,False,-2.4431035122483915,133
2026-05-29,466920.KS,KR,069500.KS,SOL 조선TOP3플러스,Korea cyclical,Korea cyclical,risk,domestic_equity_sector,국내주식_섹터,-0.09287776708373441,0.07571489364453043,0.11479132603822961,0.34943196036234414,0.6203751827653721,1.2967996867380913,-0.44230972744607855,-0.5446602891208416,-1.1820083606998617,-0.0161846628878859,684,2023-10-05,0.6736158797360665,0.6376811594202898,0.07715879853140996,-0.4800092509612326,-0.5974654241417343,-0.6366618703825988,-0.6229112790971373,0.0,0.1393426035674019,0.39620132404382646,-0.6727472463935705,-0.27347931873479314,-0.026835043409629056,13,7.755785608244818,domestic_equity_sector,risk,0.11787876972162385,0.089642849561123,-0.21075653680535827,-0.18252061664485741,-0.1994621687411579,0.22197825220169393,0.30202483707192235,-0.1462633585571635,-0.2263099434273919,-0.17828199250525487,0.4892948334295685,0.7241967451003659,-0.37450350739133886,-0.6094054190621363,-0.46846427205965785,-0.9005901859367004,True,True,True,False,-2.454977461937417,134
2026-05-29,494670.KS,KR,069500.KS,TIGER 조선TOP10,Korea cyclical,Korea cyclical,risk,domestic_equity_sector,국내주식_섹터,-0.08762254901960786,0.06021764717621414,0.10081508353239887,0.34943196036234414,0.6203751827653721,1.2967996867380913,-0.437054509381952,-0.5601575355891579,-1.1959846032056924,-0.01606850255159832,413,2024-10-22,0.6883172724586626,0.6774997975872399,0.09327556839220912,-0.44156854032437237,-0.5630902600631029,-0.6656281855630132,-0.5886793335921294,0.0,0.1878101162704583,0.25668369991853657,-0.8044138339628232,-0.2392473732297853,-0.056605927501915954,10,5.916410182418821,domestic_equity_sector,risk,0.11787876972162385,0.089642849561123,-0.20550131874123173,-0.17726539858073087,-0.19420695067703136,0.22197825220169393,0.30202483707192235,-0.1617606050254798,-0.2418071898957082,-0.19377923897357116,0.4892948334295685,0.7241967451003659,-0.3884797498971696,-0.623381661567967,-0.4824405145654886,-0.9278086027148477,True,True,True,False,-2.4572329153598678,135
2026-05-29,139240.KS,KR,069500.KS,TIGER 200 철강소재,Korea cyclical,Korea cyclical,risk,domestic_equity_sector,국내주식_섹터,-0.14443721535458687,-0.07397174697812936,0.07109111123077883,0.34943196036234414,0.6203751827653721,1.2967996867380913,-0.493869175716931,-0.6943469297435014,-1.2257085755073125,-0.020865474908408625,3924,2011-04-06,0.7035759347730612,0.6285385726318466,0.0,-0.506340579710145,-0.48781270655824405,-0.6712251148618454,-0.5666015638270998,0.0,0.4492753623188407,0.7660024154589373,-0.15700483091787432,-0.21716960346475572,-0.10836316094700349,10,5.513474390214478,domestic_equity_sector,risk,0.11787876972162385,0.089642849561123,-0.26231598507621073,-0.23408006491570987,-0.2510216170120104,0.22197825220169393,0.30202483707192235,-0.2959499991798233,-0.3759965840500517,-0.3279686331279147,0.4892948334295685,0.7241967451003659,-0.41820372219878965,-0.6531056338695871,-0.5121644868671087,-1.2796776480867598,True,True,True,False,-2.538025807987239,136
2026-05-29,227540.KS,KR,069500.KS,TIGER 200 헬스케어,Korea defensive,Korea defensive,risk,domestic_equity_sector,국내주식_섹터,-0.03591226801638947,-0.10317530242873085,-0.10056476451924745,0.34943196036234414,0.6203751827653721,1.2967996867380913,-0.3853442283787336,-0.7235504851941029,-1.3973644512573387,-0.012819412111589566,2767,2015-09-23,0.7212450624333684,0.6870855613841222,0.0,0.0,-0.41095112324515537,-0.6632502636054863,-0.42258264420647684,0.0,0.04819793493083952,0.04819793493083952,-0.26740697447886264,-0.0731506838441327,-0.08233260032985157,14,4.327742138108951,domestic_equity_sector,risk,0.11787876972162385,0.089642849561123,-0.15379103773801334,-0.12555511757751248,-0.142496669673813,0.22197825220169393,0.30202483707192235,-0.3251535546304248,-0.4052001395006532,-0.3571721885785162,0.4892948334295685,0.7241967451003659,-0.5898595979488159,-0.8247615096196134,-0.6838203626171349,-1.228288777221468,False,True,True,False,-2.6258582062047244,137
2026-05-29,463250.KS,KR,069500.KS,TIGER K방산&우주,Korea cyclical,Korea cyclical,risk,domestic_equity_sector,국내주식_섹터,-0.14872856298048487,-0.12289273014013746,0.5177328020594916,0.34943196036234414,0.6203751827653721,1.2967996867380913,-0.498160523342829,-0.7432679129055095,-0.7790668846785997,-0.01956185641676312,735,2023-07-26,0.6893327573637882,0.7181176470588235,0.0,-0.2851025056947607,-0.5250611265253731,-0.7874619175509112,-0.521626738061709,0.0,0.0,0.4628701594533029,-0.7042369020501139,-0.17219477769936486,-0.20796758946657667,11,6.037523023419449,domestic_equity_sector,risk,0.11787876972162385,0.089642849561123,-0.26660733270210873,-0.23837141254160787,-0.2553129646379084,0.22197825220169393,0.30202483707192235,-0.3448709823418314,-0.4249175672120598,-0.3768896162899228,0.4892948334295685,0.7241967451003659,0.028437968629923094,-0.20646394304087434,-0.06552279603839588,-1.019728354131343,True,True,True,False,-2.6725686506793096,138
2026-05-29,449450.KS,KR,069500.KS,PLUS K방산,Korea cyclical,Korea cyclical,risk,domestic_equity_sector,국내주식_섹터,-0.14199357723065298,-0.10739191073919108,0.3371618537867156,0.34943196036234414,0.6203751827653721,1.2967996867380913,-0.4914255375929971,-0.7277670935045631,-0.9596378329513757,-0.018885878972898104,877,2023-01-05,0.6355275206163005,0.6965418034128963,0.0,-0.2835773223316476,-0.5643752066154264,-0.801234017065416,-0.5312954782442847,0.0,0.0,0.34474314612722917,-0.6509449028480171,-0.1818635178819405,-0.11982449566670794,10,6.1968559435268045,domestic_equity_sector,risk,0.11787876972162385,0.089642849561123,-0.25987234695227684,-0.23163642679177598,-0.2485779788880765,0.22197825220169393,0.30202483707192235,-0.329370162940885,-0.4094167478111134,-0.3613887968889764,0.4892948334295685,0.7241967451003659,-0.15213297964285288,-0.3870348913136503,-0.24609374431117187,-1.1094152768750463,True,True,True,False,-2.795216770658016,139
