component_name,component_code
(dup) UNILEVER PLC,UL
(dup)BHP BILLITON LIMITED,BHP
(dup)CANADIAN PACIFIC KANSAS CITY L,CP
(dup)GFL ENVIRONMENTAL INC-SUB VT,
(dup)LOGITECH INTERNATIONAL-REG,
(선)BYD CO LTD -A,BY6ASG
(선)CONTEMPORARY AMPEREX TECHN-A,
(선)EVE ENERGY CO LTD-A,
(선)GANFENG LITHIUM CO LTD-A,
(선)GOTION HIGH-TECH CO LTD-A,
(선)GUANGZHOU TINCI MATERIALS -A,002709.SZ
(선)SHENZHEN INOVANCE TECHNOLO-A,
(후)GREAT WALL MOTOR CO LTD-A,
(후)SAIC MOTOR CORPORATION LTD-A,
(후)ZHEJIANG HUAYOU COBALT CO -A,603799.SS
10년국채 F 202606,
1ST SOURCE CORP,SRCE
1st Source Corp,SRCE
2026-05 달러선물,
2026-06 국채선물10(신),
2026-06 국채선물3(신),
2026-06 코스피200지수선물,
360 SECURITY TECHNOLOGY IN-A,
360 Security Technology Inc,601360.SS
3I GROUP PLC,IIINMX
3M,MMM
3M CO,MMM
3M COMPANY,MMM
3M CORP,MMM
3M CORPORATION,MMM
3M INC,MMM
3M INC.,MMM
3M LTD,MMM
3M PLC,MMM
3SBIO INC,83BMU
3년국채 F 202606,
A O SMITH,AOS
A O SMITH CO,AOS
A O SMITH COMPANY,AOS
A O SMITH CORP,AOS
A O SMITH CORPORATION,AOS
A O SMITH INC,AOS
A O SMITH INC.,AOS
A O SMITH LTD,AOS
A O SMITH PLC,AOS
A. O. SMITH,AOS
A. O. Smith,AOS
A.O SMITH,OS
AAC TECHNOLOGIES HOLDINGS IN,2018.HK
AAPL 2 3/8 02/08/41,
AAPL 2.65 02/08/51,
AAPL 2.65 05/11/50,
AAPL 4 1/2 05/12/32,
AAPL 4 1/4 02/09/47,
AAPL 4 3/4 05/12/35,
AAPL 4.1 08/08/62,
AAPL 4.2 05/12/30,
AAPL 4.85 05/10/53,
ABB LTD-REG,
ABBOTT LABORATORIES,ABT
ABBOTT LABORATORIES CO,ABT
ABBOTT LABORATORIES COMPANY,ABT
ABBOTT LABORATORIES CORP,ABT
ABBOTT LABORATORIES CORPORATION,ABT
ABBOTT LABORATORIES INC,ABT
ABBOTT LABORATORIES INC.,ABT
ABBOTT LABORATORIES LTD,ABT
ABBOTT LABORATORIES PLC,ABT
ABBV,BBV
ABBV 3.2 11/21/29,
ABBV 4 1/4 11/21/49,
ABBV 4.85 06/15/44,
ABBV 5.2 03/15/35,
ABBV 5.6 03/15/55,
ABBVIE,ABBV
ABBVIE CO,ABBV
ABBVIE COMPANY,ABBV
ABBVIE CORP,ABBV
ABBVIE CORPORATION,ABBV
ABBVIE INC,ABBV
ABBVIE INC.,ABBV
ABBVIE LTD,ABBV
ABBVIE PLC,ABBV
ABIBB 3 1/2 06/01/30,
ABIBB 4.439 10/06/48,
ABIBB 4.7 02/01/36,
ABIBB 4.9 02/01/46,
ABIBB 5.45 01/23/39,
ABM INDUSTRIES INC,BM
ABN AMRO BANK NV-CVA,
ABN AMRO GROUP NV-CVA,
ABT 4.9 11/30/46,
ABT 5 1/2 03/15/56,
ABXCN 5.7 05/30/41,
ACADIA REALTY TRUST,WX1F
ACAFP 4.631 09/11/28,
ACCENTURE,ACN
ACCENTURE CO,ACN
ACCENTURE COMPANY,ACN
ACCENTURE CORP,ACN
ACCENTURE CORPORATION,ACN
ACCENTURE INC,ACN
ACCENTURE INC.,ACN
ACCENTURE LTD,ACN
ACCENTURE PLC,ACN
ACCENTURE PLC-CL A,
ACCIONA SA,NAEXC
ACCOR SA,CPA
ACM RESEARCH INC-CLASS A,1ACMRMI
ACM RESEARCH SHANGHAI I-A,
ACM Research Shanghai Inc,688082.SS
ACN 4 1/2 10/04/34,
ACS ACTIVIDADES CONS Y SERV,
ADANI ENTERPRISES LTD,DANIENTNS
ADANI PORTS AND SPECIAL ECON,DANIPORTSBO
ADIDAS AG,DSDE
ADMIRAL GROUP PLC,DML
ADOBE,ADBE
ADOBE CO,ADBE
ADOBE COMPANY,ADBE
ADOBE CORP,ADBE
ADOBE CORPORATION,ADBE
ADOBE INC,ADBE
ADOBE INC.,ADBE
ADOBE LTD,ADBE
ADOBE PLC,ADBE
ADOBE SYSTEMS INC,DBE
ADP,DP
ADVANCED MICRO DEVICES,AMD
ADVANCED MICRO DEVICES CO,AMD
ADVANCED MICRO DEVICES COMPANY,AMD
ADVANCED MICRO DEVICES CORP,AMD
ADVANCED MICRO DEVICES CORPORATION,AMD
ADVANCED MICRO DEVICES INC,AMD
ADVANCED MICRO DEVICES INC.,AMD
ADVANCED MICRO DEVICES LTD,AMD
ADVANCED MICRO DEVICES PLC,AMD
ADVANCED MICRO-FABRICATION-A,
ADVANTEST CORP,TEYY
ADYEN NV,DYEY
AECC AVIATION POWER CO-A,
AECC Aviation Power Co Ltd,600893.SS
AECOM,CM
AEGON Ltd,EG
AENA SA,NNSF
AEON,EON
AEON CO LTD,JUS1SG
AEP 5.45 01/15/36,
AER 3.3 01/30/32,
AER 4 5/8 09/10/29,
AERCAP HOLDINGS NV,ER
AES,AES
AES 2.45 01/15/31,
AES CO,AES
AES COMPANY,AES
AES CORP,AES
AES CORPORATION,AES
AES CORPORATION/VA,
AES Corporation,AES
AES INC,AES
AES INC.,AES
AES LTD,AES
AES PLC,AES
AFLAC,AFL
AFLAC CO,AFL
AFLAC COMPANY,AFL
AFLAC CORP,AFL
AFLAC CORPORATION,AFL
AFLAC INC,AFL
AFLAC INC.,AFL
AFLAC LTD,AFL
AFLAC PLC,AFL
AGC INC,GCO
AGC Inc,GCO
AGEAS,GSBR
AGILENT TECHNOLOGIES,A
AGILENT TECHNOLOGIES CO,A
AGILENT TECHNOLOGIES COMPANY,A
AGILENT TECHNOLOGIES CORP,A
AGILENT TECHNOLOGIES CORPORATION,A
AGILENT TECHNOLOGIES INC,A
AGILENT TECHNOLOGIES INC.,A
AGILENT TECHNOLOGIES LTD,A
AGILENT TECHNOLOGIES PLC,A
AGNC INVESTMENT,GNC
AGNICO EAGLE MINES LTD,EM
AGREE REALTY CORP,DC
AGRICULTURAL BANK OF CHINA,EK7HA
AGRICULTURAL BANK OF CHINA-A,
AGRICULTURAL BANK OF CHINA-H,EK7VI
AH REALTY TRUST INC,HRT
AIA GROUP LTD,1299.HK
AIB GROUP PLC,5GIR
AIER EYE HOSPITAL GROUP CO-A,
AIR CHINA CARGO CO LTD    -A,001391.SZ
AIR CHINA LTD-A,
AIR LIQUIDE SA,IPA
AIR PRODUCTS,APD
AIR PRODUCTS & CHEMICALS INC,PDMX
AIR PRODUCTS CO,APD
AIR PRODUCTS COMPANY,APD
AIR PRODUCTS CORP,APD
AIR PRODUCTS CORPORATION,APD
AIR PRODUCTS INC,APD
AIR PRODUCTS INC.,APD
AIR PRODUCTS LTD,APD
AIR PRODUCTS PLC,APD
AIRBNB,ABNB
AIRBNB CO,ABNB
AIRBNB COMPANY,ABNB
AIRBNB CORP,ABNB
AIRBNB CORPORATION,ABNB
AIRBNB INC,ABNB
AIRBNB INC-CLASS A,BNBVI
AIRBNB INC.,ABNB
AIRBNB LTD,ABNB
AIRBNB PLC,ABNB
AIRBUS GROUP SE,IRASG
AIRBUS SE,IRPA
AISIN SEIKI CO LTD,KNSG
AJG 4.85 12/15/29,
AJINOMOTO CO INC,2802.T
AJ네트웍스,095570
AKAMAI TECHNOLOGIES,AKAM
AKAMAI TECHNOLOGIES CO,AKAM
AKAMAI TECHNOLOGIES COMPANY,AKAM
AKAMAI TECHNOLOGIES CORP,AKAM
AKAMAI TECHNOLOGIES CORPORATION,AKAM
AKAMAI TECHNOLOGIES INC,AKAM
AKAMAI TECHNOLOGIES INC.,AKAM
AKAMAI TECHNOLOGIES LTD,AKAM
AKAMAI TECHNOLOGIES PLC,AKAM
AKAMAI_TECHNOLOGIES,
AKER BP ASA,KRBPOL
AKESO INC,KYG0146B1032SG
AKZO NOBEL,KZAAS
AK홀딩스,006840
ALBEMARLE,ALB
ALBEMARLE CO,ALB
ALBEMARLE COMPANY,ALB
ALBEMARLE CORP,ALB
ALBEMARLE CORPORATION,ALB
ALBEMARLE INC,ALB
ALBEMARLE INC.,ALB
ALBEMARLE LTD,ALB
ALBEMARLE PLC,ALB
ALCON,LC
ALEXANDERS INC,XESG
ALEXANDRIA REAL EST,RE
ALEXANDRIA REAL ESTATE EQUIT,RE
ALEXANDRIA REAL ESTATE EQUITIES,ARE
ALEXANDRIA REAL ESTATE EQUITIES CO,ARE
ALEXANDRIA REAL ESTATE EQUITIES COMPANY,ARE
ALEXANDRIA REAL ESTATE EQUITIES CORP,ARE
ALEXANDRIA REAL ESTATE EQUITIES CORPORATION,ARE
ALEXANDRIA REAL ESTATE EQUITIES INC,ARE
ALEXANDRIA REAL ESTATE EQUITIES INC.,ARE
ALEXANDRIA REAL ESTATE EQUITIES LTD,ARE
ALEXANDRIA REAL ESTATE EQUITIES PLC,ARE
ALFA LAVAL AB,9HA
ALIBABA GROUP HOLDING LTD,BABA
ALIBABA HEALTH INFO,0241.HK
ALIBABA HEALTH INFORMATION T,0241.HK
ALIGN TECHNOLOGY,ALGN
ALIGN TECHNOLOGY CO,ALGN
ALIGN TECHNOLOGY COMPANY,ALGN
ALIGN TECHNOLOGY CORP,ALGN
ALIGN TECHNOLOGY CORPORATION,ALGN
ALIGN TECHNOLOGY INC,ALGN
ALIGN TECHNOLOGY INC.,ALGN
ALIGN TECHNOLOGY LTD,ALGN
ALIGN TECHNOLOGY PLC,ALGN
ALIMENTATION COUCHE-TARD INC,TDTO
ALL NIPPON AIRWAYS,
ALLEGION,ALLE
ALLEGION CO,ALLE
ALLEGION COMPANY,ALLE
ALLEGION CORP,ALLE
ALLEGION CORPORATION,ALLE
ALLEGION INC,ALLE
ALLEGION INC.,ALLE
ALLEGION LTD,ALLE
ALLEGION PLC,ALLE
ALLIANT ENERGY,LNT
ALLIANT ENERGY CO,LNT
ALLIANT ENERGY COMPANY,LNT
ALLIANT ENERGY CORP,LNT
ALLIANT ENERGY CORPORATION,LNT
ALLIANT ENERGY INC,LNT
ALLIANT ENERGY INC.,LNT
ALLIANT ENERGY LTD,LNT
ALLIANT ENERGY PLC,LNT
ALLIANZ SE-REG,
ALLSTATE,ALL
ALLSTATE CO,ALL
ALLSTATE COMPANY,ALL
ALLSTATE CORP,ALL
ALLSTATE CORPORATION,ALL
ALLSTATE INC,ALL
ALLSTATE INC.,ALL
ALLSTATE LTD,ALL
ALLSTATE PLC,ALL
ALLY 8 11/01/31,
ALNYLAM PHARMACEUTICALS,ALNY
ALNYLAM PHARMACEUTICALS CO,ALNY
ALNYLAM PHARMACEUTICALS COMPANY,ALNY
ALNYLAM PHARMACEUTICALS CORP,ALNY
ALNYLAM PHARMACEUTICALS CORPORATION,ALNY
ALNYLAM PHARMACEUTICALS INC,ALNY
ALNYLAM PHARMACEUTICALS INC.,ALNY
ALNYLAM PHARMACEUTICALS LTD,ALNY
ALNYLAM PHARMACEUTICALS PLC,ALNY
ALPHABET INC (CLASS A),GOOGL
ALPHABET INC (CLASS A) CO,GOOGL
ALPHABET INC (CLASS A) COMPANY,GOOGL
ALPHABET INC (CLASS A) CORP,GOOGL
ALPHABET INC (CLASS A) CORPORATION,GOOGL
ALPHABET INC (CLASS A) INC,GOOGL
ALPHABET INC (CLASS A) INC.,GOOGL
ALPHABET INC (CLASS A) LTD,GOOGL
ALPHABET INC (CLASS A) PLC,GOOGL
ALPHABET INC (CLASS C),GOOG
ALPHABET INC (CLASS C) CO,GOOG
ALPHABET INC (CLASS C) COMPANY,GOOG
ALPHABET INC (CLASS C) CORP,GOOG
ALPHABET INC (CLASS C) CORPORATION,GOOG
ALPHABET INC (CLASS C) INC,GOOG
ALPHABET INC (CLASS C) INC.,GOOG
ALPHABET INC (CLASS C) LTD,GOOG
ALPHABET INC (CLASS C) PLC,GOOG
ALPHABET INC-CL A,GOOAVI
ALPHABET INC-CL C,GOOCVI
ALPHABET INC. (CLASS A),GOOGL
ALPHABET INC. (CLASS C),GOOG
ALPS ALPINE CO LTD,LEHA
ALPS ELECTRIC CO LTD,LESG
ALSTOM,LOPA
ALTAGAS LTD,Q3DU
ALTRIA,MO
ALTRIA CO,MO
ALTRIA COMPANY,MO
ALTRIA CORP,MO
ALTRIA CORPORATION,MO
ALTRIA GROUP INC,MO
ALTRIA INC,MO
ALTRIA INC.,MO
ALTRIA LTD,MO
ALTRIA PLC,MO
ALUMINUM CORP OF CHINA LTD-A,
ALUMINUM CORP OF CHINA LTD-H,OCVI
AMADA CO,2MU
AMADA CO LTD,2MU
AMADEUS IT GROUP SA,MADY
AMAZON,AMZN
AMAZON CO,AMZN
AMAZON COMPANY,AMZN
AMAZON CORP,AMZN
AMAZON CORPORATION,AMZN
AMAZON INC,AMZN
AMAZON INC.,AMZN
AMAZON LTD,AMZN
AMAZON PLC,AMZN
AMAZON.COM INC,MZN
AMBEV SA-ADR,
AMCOR,AMCR
AMCOR CO,AMCR
AMCOR COMPANY,AMCR
AMCOR CORP,AMCR
AMCOR CORPORATION,AMCR
AMCOR INC,AMCR
AMCOR INC.,AMCR
AMCOR LTD,AMCR
AMCOR PLC,AMCR
AMEREN,AEE
AMEREN CO,AEE
AMEREN COMPANY,AEE
AMEREN CORP,AEE
AMEREN CORPORATION,AEE
AMEREN INC,AEE
AMEREN INC.,AEE
AMEREN LTD,AEE
AMEREN PLC,AEE
AMERICA MOVIL SAB DE CV,MV90MU
AMERICAN ASSETS TRUST INC,T
AMERICAN ELECTRIC POWER,AEP
AMERICAN ELECTRIC POWER CO,AEP
AMERICAN ELECTRIC POWER COMPANY,AEP
AMERICAN ELECTRIC POWER CORP,AEP
AMERICAN ELECTRIC POWER CORPORATION,AEP
AMERICAN ELECTRIC POWER INC,AEP
AMERICAN ELECTRIC POWER INC.,AEP
AMERICAN ELECTRIC POWER LTD,AEP
AMERICAN ELECTRIC POWER PLC,AEP
AMERICAN EXPRESS,AXP
AMERICAN EXPRESS CO,AXP
AMERICAN EXPRESS COMPANY,AXP
AMERICAN EXPRESS CORP,AXP
AMERICAN EXPRESS CORPORATION,AXP
AMERICAN EXPRESS INC,AXP
AMERICAN EXPRESS INC.,AXP
AMERICAN EXPRESS LTD,AXP
AMERICAN EXPRESS PLC,AXP
AMERICAN FINANCIAL GROUP INC,FG
AMERICAN HEALTHCARE REIT INC,HR
AMERICAN HOMES 4 RENT- A,0HEJL
AMERICAN INTERNATIONAL GROUP,AIG
AMERICAN INTERNATIONAL GROUP CO,AIG
AMERICAN INTERNATIONAL GROUP COMPANY,AIG
AMERICAN INTERNATIONAL GROUP CORP,AIG
AMERICAN INTERNATIONAL GROUP CORPORATION,AIG
AMERICAN INTERNATIONAL GROUP INC,AIG
AMERICAN INTERNATIONAL GROUP INC.,AIG
AMERICAN INTERNATIONAL GROUP LTD,AIG
AMERICAN INTERNATIONAL GROUP PLC,AIG
AMERICAN STATES WATER CO,WR
AMERICAN TOWER,AMT
AMERICAN TOWER CO,AMT
AMERICAN TOWER COMPANY,AMT
AMERICAN TOWER CORP,AMT
AMERICAN TOWER CORPORATION,AMT
AMERICAN TOWER INC,AMT
AMERICAN TOWER INC.,AMT
AMERICAN TOWER LTD,AMT
AMERICAN TOWER PLC,AMT
AMERICAN WATER WORKS,AWK
AMERICAN WATER WORKS CO,AWK
AMERICAN WATER WORKS CO INC,WK
AMERICAN WATER WORKS COMPANY,AWK
AMERICAN WATER WORKS CORP,AWK
AMERICAN WATER WORKS CORPORATION,AWK
AMERICAN WATER WORKS INC,AWK
AMERICAN WATER WORKS INC.,AWK
AMERICAN WATER WORKS LTD,AWK
AMERICAN WATER WORKS PLC,AWK
AMERICAN_EXPRESS,
AMERICAN_INTL_GROUP,
AMERICOLD REALTY TRUST,YARF
AMERICOLD REALTY TRUST INC,YARF
AMERIPRISE FINANCIAL,AMP
AMERIPRISE FINANCIAL CO,AMP
AMERIPRISE FINANCIAL COMPANY,AMP
AMERIPRISE FINANCIAL CORP,AMP
AMERIPRISE FINANCIAL CORPORATION,AMP
AMERIPRISE FINANCIAL INC,AMP
AMERIPRISE FINANCIAL INC.,AMP
AMERIPRISE FINANCIAL LTD,AMP
AMERIPRISE FINANCIAL PLC,AMP
AMERISAFE INC,3IF
AMERISAFE Inc,3IF
AMETEK,AME
AMETEK CO,AME
AMETEK COMPANY,AME
AMETEK CORP,AME
AMETEK CORPORATION,AME
AMETEK INC,AME
AMETEK INC.,AME
AMETEK Inc,ME
AMETEK LTD,AME
AMETEK PLC,AME
AMGEN,AMGN
AMGEN CO,AMGN
AMGEN COMPANY,AMGN
AMGEN CORP,AMGN
AMGEN CORPORATION,AMGN
AMGEN INC,AMGN
AMGEN INC.,AMGN
AMGEN LTD,AMGN
AMGEN PLC,AMGN
AMGN 4 7/8 03/01/53,
AMGN 4.2 03/01/33,
AMGN 5 1/4 03/02/30,
AMGN 5 3/4 03/02/63,
AMGN 5.6 03/02/43,
AMGN 5.65 03/02/53,
AMKOR TECHNOLOGY INC,MKR
AMP 5.2 04/15/35,
AMPHENOL,APH
AMPHENOL CO,APH
AMPHENOL COMPANY,APH
AMPHENOL CORP,APH
AMPHENOL CORP CL-A-,PHVI
AMPHENOL CORP-CL A,PHVI
AMPHENOL CORPORATION,APH
AMPHENOL INC,APH
AMPHENOL INC.,APH
AMPHENOL LTD,APH
AMPHENOL PLC,APH
AMT 2.95 01/15/51,
AMT 3.1 06/15/50,
AMT 3.8 08/15/29,
AMUNDI SA,EMXCL
AMZN 1.2 06/03/27,
AMZN 2 7/8 05/12/41,
AMZN 3.95 04/13/52,
AMZN 4.1 04/13/62,
AMZN 4.1 11/20/30,
AMZN 4.65 11/20/35,
AMZN 5.45 11/20/55,
AMZN 5.55 11/20/65,
AMZN 5.65 03/13/46,
AMZN 5.8 03/13/56,
ANA HOLDINGS INC,CWAN
ANALOG DEVICES,ADI
ANALOG DEVICES CO,ADI
ANALOG DEVICES COMPANY,ADI
ANALOG DEVICES CORP,ADI
ANALOG DEVICES CORPORATION,ADI
ANALOG DEVICES INC,ADI
ANALOG DEVICES INC.,ADI
ANALOG DEVICES LTD,ADI
ANALOG DEVICES PLC,ADI
ANGLO AMERICAN PLC,NGL0F
ANHEUSER-BUSCH INBEV SA/NV,BUD
ANHUI CONCH CEMENT CO LTD-A,
ANHUI CONCH CEMENT CO LTD-H,
ANHUI GUJING DISTILLERY CO-A,
ANKER INNOVATIONS TECHNOLO-A,
ANNALY CAPITAL MANAGEMENT IN,NLY
ANTA SPORTS PRODUCTS LTD,NPDF
ANTM 4 3/8 12/01/47,
ANTM 4.65 01/15/43,
ANTOFAGASTA PLC,NTOL
ANZ GROUP HOLDINGS LTD,NZNZ
AON,AON
AON 5.45 03/01/34,
AON CO,AON
AON COMPANY,AON
AON CORP,AON
AON CORPORATION,AON
AON INC,AON
AON INC.,AON
AON LTD,AON
AON PLC,AON
AON PLC-CLASS A,
AOZORA BANK LTD,8304.T
AP MOELLER-MAERSK A/S-A,0O77IL
AP MOELLER-MAERSK A/S-B,
APA,APA
APA CO,APA
APA COMPANY,APA
APA CORP,APA
APA CORPORATION,APA
APA Corp,PA
APA Corporation,APA
APA GROUP,PAAX
APA INC,APA
APA INC.,APA
APA LTD,APA
APA PLC,APA
APARTMENT INVT & MGMT CO -A,
APD 2.7 05/15/40,
APODS 6.7 07/29/31,
APOLLO GLOBAL MANAGEMENT,APO
APOLLO GLOBAL MANAGEMENT CO,APO
APOLLO GLOBAL MANAGEMENT COMPANY,APO
APOLLO GLOBAL MANAGEMENT CORP,APO
APOLLO GLOBAL MANAGEMENT CORPORATION,APO
APOLLO GLOBAL MANAGEMENT INC,APO
APOLLO GLOBAL MANAGEMENT INC.,APO
APOLLO GLOBAL MANAGEMENT LTD,APO
APOLLO GLOBAL MANAGEMENT PLC,APO
APOLLO HOSPITALS ENTERPRISE,POLLOHOSPNS
APP 5 1/8 12/01/29,
APPLE,AAPL
APPLE CO,AAPL
APPLE COMPANY,AAPL
APPLE CORP,AAPL
APPLE CORPORATION,AAPL
APPLE HOSPITALITY REIT INC,PLE
APPLE INC,AAPL
APPLE INC.,AAPL
APPLE Inc,PL
APPLE LTD,AAPL
APPLE PLC,AAPL
APPLIED MATERIALS,AMAT
APPLIED MATERIALS CO,AMAT
APPLIED MATERIALS COMPANY,AMAT
APPLIED MATERIALS CORP,AMAT
APPLIED MATERIALS CORPORATION,AMAT
APPLIED MATERIALS INC,AMAT
APPLIED MATERIALS INC.,AMAT
APPLIED MATERIALS LTD,AMAT
APPLIED MATERIALS PLC,AMAT
APPLIED OPTOELECTRONICS INC,OI
APPLOVIN,APP
APPLOVIN CO,APP
APPLOVIN COMPANY,APP
APPLOVIN CORP,APP
APPLOVIN CORP-CLASS A,
APPLOVIN CORPORATION,APP
APPLOVIN INC,APP
APPLOVIN INC.,APP
APPLOVIN LTD,APP
APPLOVIN PLC,APP
APTIV,APTV
APTIV CO,APTV
APTIV COMPANY,APTV
APTIV CORP,APTV
APTIV CORPORATION,APTV
APTIV HOLDINGS,
APTIV INC,APTV
APTIV INC.,APTV
APTIV LTD,APTV
APTIV PLC,APTV
APTV 4.15 05/01/52,
AP위성,211270
ARAMCO 3 1/4 11/24/50,
ARC RESOURCES LTD,RXTO
ARCELORMITTAL,MT
ARCH CAPITAL GROUP,ACGL
ARCH CAPITAL GROUP CO,ACGL
ARCH CAPITAL GROUP COMPANY,ACGL
ARCH CAPITAL GROUP CORP,ACGL
ARCH CAPITAL GROUP CORPORATION,ACGL
ARCH CAPITAL GROUP INC,ACGL
ARCH CAPITAL GROUP INC.,ACGL
ARCH CAPITAL GROUP LTD,ACGL
ARCH CAPITAL GROUP PLC,ACGL
ARCHER DANIELS MIDLAND,ADM
ARCHER DANIELS MIDLAND CO,ADM
ARCHER DANIELS MIDLAND COMPANY,ADM
ARCHER DANIELS MIDLAND CORP,ADM
ARCHER DANIELS MIDLAND CORPORATION,ADM
ARCHER DANIELS MIDLAND INC,ADM
ARCHER DANIELS MIDLAND INC.,ADM
ARCHER DANIELS MIDLAND LTD,ADM
ARCHER DANIELS MIDLAND PLC,ADM
ARCHER-DANIELS-MIDLAND CO,DM
ARCHION CORP NPV,
ARES MANAGEMENT,ARES
ARES MANAGEMENT CO,ARES
ARES MANAGEMENT COMPANY,ARES
ARES MANAGEMENT CORP,ARES
ARES MANAGEMENT CORP - A,
ARES MANAGEMENT CORPORATION,ARES
ARES MANAGEMENT INC,ARES
ARES MANAGEMENT INC.,ARES
ARES MANAGEMENT LTD,ARES
ARES MANAGEMENT PLC,ARES
ARESSI 5.6 02/15/30,
ARGENX SE,RGX
ARISTA NETWORKS,ANET
ARISTA NETWORKS CO,ANET
ARISTA NETWORKS COMPANY,ANET
ARISTA NETWORKS CORP,ANET
ARISTA NETWORKS CORPORATION,ANET
ARISTA NETWORKS INC,ANET
ARISTA NETWORKS INC.,ANET
ARISTA NETWORKS LTD,ANET
ARISTA NETWORKS PLC,ANET
ARISTOCRAT LEISURE LTD,LLAX
ARM HOLDINGS,ARM
ARM HOLDINGS CO,ARM
ARM HOLDINGS COMPANY,ARM
ARM HOLDINGS CORP,ARM
ARM HOLDINGS CORPORATION,ARM
ARM HOLDINGS INC,ARM
ARM HOLDINGS INC.,ARM
ARM HOLDINGS LTD,ARM
ARM HOLDINGS PLC,ARM
ARM HOLDINGS PLC-ADR,RMH
ARM Holdings PLC,RM
ARTHUR J GALLAGHER &,AJG
ARTHUR J GALLAGHER & CO,AJG
ARTHUR J GALLAGHER & COMPANY,AJG
ARTHUR J GALLAGHER & CORP,AJG
ARTHUR J GALLAGHER & CORPORATION,AJG
ARTHUR J GALLAGHER & INC,AJG
ARTHUR J GALLAGHER & INC.,AJG
ARTHUR J GALLAGHER & LTD,AJG
ARTHUR J GALLAGHER & PLC,AJG
ARTHUR J. GALLAGHER & CO.,AJG
ARTISAN PARTNERS ASSET MA -A,PAM
ASAHI GROUP HOLDINGS,SBRF
ASAHI GROUP HOLDINGS LTD,SBRF
ASAHI KASEI,SAAF
ASAHI KASEI CORP,SAAF
ASIAN PAINTS LTD,SIANPAINTBO
ASICS CORP,7936.T
ASM INTERNATIONAL NV,VSNSG
ASML HOLDING,ASML
ASML HOLDING CO,ASML
ASML HOLDING COMPANY,ASML
ASML HOLDING CORP,ASML
ASML HOLDING CORPORATION,ASML
ASML HOLDING INC,ASML
ASML HOLDING INC.,ASML
ASML HOLDING LTD,ASML
ASML HOLDING NV,SML
ASML HOLDING NV-NY REG SHS,SMNVI
ASML HOLDING PLC,ASML
ASML Holding,ASML
ASR NEDERLAND NV,16MU
ASR Nederland NV,16MU
ASSA ABLOY AB-B,
ASSICURAZIONI GENERALI,GMI
ASSOCIATED BRITISH FOODS PLC,BFL
ASSURANT,AIZ
ASSURANT CO,AIZ
ASSURANT COMPANY,AIZ
ASSURANT CORP,AIZ
ASSURANT CORPORATION,AIZ
ASSURANT INC,AIZ
ASSURANT INC.,AIZ
ASSURANT LTD,AIZ
ASSURANT PLC,AIZ
AST SpaceMobile Inc,STS
ASTELLAS PHARMA INC,LPMY
ASTERA LABS INC,LAB
ASTRAZENECA PLC,ZN
ASTRAZENECA PLC-SP,
ASX,SX
AT AND T,
AT&T,T
AT&T CO,T
AT&T COMPANY,T
AT&T CORP,T
AT&T CORPORATION,T
AT&T INC,T
AT&T INC.,T
AT&T LTD,T
AT&T PLC,T
ATH 6 1/4 04/01/54,
ATLAS COPCO AB-A SHS,
ATLAS COPCO AB-B SHS,
ATLASSIAN CORP PLC-CLASS A,
ATMOS ENERGY,ATO
ATMOS ENERGY CO,ATO
ATMOS ENERGY COMPANY,ATO
ATMOS ENERGY CORP,ATO
ATMOS ENERGY CORPORATION,ATO
ATMOS ENERGY INC,ATO
ATMOS ENERGY INC.,ATO
ATMOS ENERGY LTD,ATO
ATMOS ENERGY PLC,ATO
AUCKLAND INTL AIRPORT LTD,BZTAF
AUTODESK,ADSK
AUTODESK CO,ADSK
AUTODESK COMPANY,ADSK
AUTODESK CORP,ADSK
AUTODESK CORPORATION,ADSK
AUTODESK INC,ADSK
AUTODESK INC.,ADSK
AUTODESK Inc,DSK
AUTODESK LTD,ADSK
AUTODESK PLC,ADSK
AUTOLIV INC,LIVAF
AUTOMATIC DATA PROCESSING,ADP
AUTOMATIC DATA PROCESSING CO,ADP
AUTOMATIC DATA PROCESSING COMPANY,ADP
AUTOMATIC DATA PROCESSING CORP,ADP
AUTOMATIC DATA PROCESSING CORPORATION,ADP
AUTOMATIC DATA PROCESSING INC,ADP
AUTOMATIC DATA PROCESSING INC.,ADP
AUTOMATIC DATA PROCESSING LTD,ADP
AUTOMATIC DATA PROCESSING PLC,ADP
AUTOZONE,AZO
AUTOZONE CO,AZO
AUTOZONE COMPANY,AZO
AUTOZONE CORP,AZO
AUTOZONE CORPORATION,AZO
AUTOZONE INC,AZO
AUTOZONE INC.,AZO
AUTOZONE LTD,AZO
AUTOZONE PLC,AZO
AVALONBAY COMMUNITIE,VB
AVALONBAY COMMUNITIES,AVB
AVALONBAY COMMUNITIES CO,AVB
AVALONBAY COMMUNITIES COMPANY,AVB
AVALONBAY COMMUNITIES CORP,AVB
AVALONBAY COMMUNITIES CORPORATION,AVB
AVALONBAY COMMUNITIES INC,AVB
AVALONBAY COMMUNITIES INC.,AVB
AVALONBAY COMMUNITIES LTD,AVB
AVALONBAY COMMUNITIES PLC,AVB
AVARY HOLDING SHENZHEN CO -A,002938.SZ
AVERY DENNISON,AVY
AVERY DENNISON CO,AVY
AVERY DENNISON COMPANY,AVY
AVERY DENNISON CORP,AVY
AVERY DENNISON CORPORATION,AVY
AVERY DENNISON INC,AVY
AVERY DENNISON INC.,AVY
AVERY DENNISON LTD,AVY
AVERY DENNISON PLC,AVY
AVGO 4 04/15/29,
AVGO 4.6 07/15/30,
AVGO 4.8 02/15/36,
AVGO 4.9 02/15/38,
AVGO 4.9 07/15/32,
AVGO 4.926 05/15/37,
AVGO 5.05 04/15/30,
AVGO 5.2 07/15/35,
AVGO 5.7 01/15/56,
AVIC AIRBORNE SYSTEMS CO LTD,600372.SS
AVIC AVIATION ENGINE CO,
AVIC Airborne Systems Co Ltd,600372.SS
AVIC CHENGDU AIRCRAFT CO L-A,
AVIC Jonhon OPTRONIC,
AVIC SHENYANG,600760.SS
AVIC SHENYANG AIRCRAFT CO -A,600760.SS
AVIC Shenyang Aircraft Co Ltd,600760.SS
AVIC XI'AN AIRCRAFE IND,
AVIC XIAN AIRCRAFT INDUST-A,
AVIC Xian Aircraft Industry Group Co Ltd,
AVIVA PLC,VL
AWK 5 1/4 03/01/35,
AWK 5.7 09/01/55,
AXA SA,CSPA
AXIA ENERGIA-ADR PREF,
AXIA ENERGIA-ADR PREF C,
AXIS BANK LTD,XISBANKNS
AXON ENTERPRISE,AXON
AXON ENTERPRISE CO,AXON
AXON ENTERPRISE COMPANY,AXON
AXON ENTERPRISE CORP,AXON
AXON ENTERPRISE CORPORATION,AXON
AXON ENTERPRISE INC,AXON
AXON ENTERPRISE INC.,AXON
AXON ENTERPRISE LTD,AXON
AXON ENTERPRISE PLC,AXON
AZN 4 3/8 08/17/48,
AZN 4.85 02/26/29,
AZRIELI GROUP LTD,ZRGTA
AbbVie,ABBV
Abbott Laboratories,ABT
Accenture,ACN
Accenture PLC,CN
Adani Enterprises Ltd,DANIENTNS
Adani Ports & Special Economic Zone,
AddTech AB,DDHY
Adobe Inc,DBE
Adobe Inc.,ADBE
Advanced Micro Devices,AMD
Advanced Micro Devices Inc,MD
Advanced Micro-Fabrication Equipment Inc,688012.SS
Affirm Holdings Inc,FRM
Aflac,AFL
Agilent Technologies,A
Agree Realty Corp,DC
Agricultural Bank of China Ltd,EK7HA
Aier Eye Hospital Group Co Ltd,300015.SZ
Air China Cargo Co Ltd,001391.SZ
Air China Ltd,0753.HK
Air Products,APD
Air Products and Chemicals Inc,PD
Airbnb,ABNB
Airbnb Inc,BNB
Akamai Technologies,AKAM
Akamai Technologies Inc,KAM
Alamos Gold Inc,GI
Albemarle Corp,LB
Albemarle Corporation,ALB
Alexandria Real Estate Equities,ARE
Alibaba group holding ltd,BABA
Align Technology,ALGN
Align Technology Inc,LGN
Allegion,ALLE
Alliant Energy,LNT
Alliant Energy Corp,LNT
Allstate,ALL
Alnylam Pharmaceuticals,ALNY
Alnylam Pharmaceuticals Inc,LNY
Alphabet Inc. (Class A),GOOGL
Alphabet Inc. (Class C),GOOG
Altria,MO
Altria Group Inc,MO
Aluminum Corp of China Ltd,CH
Amazon,AMZN
Amazon.com Inc,MZN
Amcor,AMCR
Ameren,AEE
Ameren Corp,EE
American Electric Power,AEP
American Express,AXP
American Financial Group Inc/OH,
American International Group,AIG
American Tower,AMT
American Tower Corp,MT
American Water Works,AWK
Ameriprise Financial,AMP
Ameriprise Financial Inc,MP
Ametek,AME
Amgen,AMGN
Amphenol,APH
Amrize Ltd,J0JF
Analog Devices,ADI
Analog Devices Inc,DI
Anhui Conch Cement Co Ltd,0914.HK
Anhui Gujing Distillery Co Ltd,000596.SZ
Anker Innovations Technology Co Ltd,300866.SZ
Anta Sports Products Ltd,NPDF
Aon plc,AON
Apollo Global Management,APO
Apollo Global Management Inc,PO
Apollo Hospitals Enterprise Lt,POLLOHOSPBO
AppLovin,APP
AppLovin Corp,PP
Apple Inc.,AAPL
Applied Materials,AMAT
Aptiv,APTV
Arch Capital Group,ACGL
Arch Capital Group Ltd,CGL
Archer Daniels Midland,ADM
Archer-Daniels-Midland Co,DM
Ares Management,ARES
Ares Management Corp,RES
Arista Networks,ANET
Arista Networks Inc,NET
Arm Holdings,ARM
Arthur J Gallagher & Co,JG
Arthur J. Gallagher & Co.,AJG
Artisan Partners Asset Managem,PAM
Asian Paints Ltd,SIANPAINTBO
Assurant,AIZ
Assurant Inc,IZ
Astera Labs Inc,LAB
AtkinsRealis Group Inc,LAV0F
Atmos Energy,ATO
Atmos Energy Corp,TO
AutoZone,AZO
Autodesk,ADSK
Autoliv Inc,LIVAF
Automatic Data Processing,ADP
Automatic Data Processing Inc,DP
Autotrader Group PLC,UTOL
AvalonBay Communities,AVB
Avary Holding Shenzhen Co Ltd,002938.SZ
Avery Dennison,AVY
Avery Dennison Corp,VY
Avic Chengdu Aircraft Co Ltd,302132.SZ
Axis Bank Ltd,XISBANKNS
Axon Enterprise,AXON
Axon Enterprise Inc,XON
B 10/01/26,
BA 5.805 05/01/50,
BA 5.93 05/01/60,
BA 6.528 05/01/34,
BA 7.008 05/01/64,
BAC 1.922 10/24/31,
BAC 2.676 06/19/41,
BAC 2.972 07/21/52,
BAC 3.311 04/22/42,
BAC 3.946 01/23/49,
BAC 4.33 03/15/50,
BAC 4.456 02/06/32,
BAC 5 01/21/44,
BAC 5 7/8 02/07/42,
BAC 5.015 07/22/33,
BAC 5.162 01/24/31,
BAC 5.202 04/25/29,
BAC 5.468 01/23/35,
BAC 5.511 01/24/36,
BAC 5.933 09/15/27,
BACR 4.942 09/10/30,
BACR 5.367 02/25/31,
BACR 5.86 08/11/46,
BAE SYSTEMS PLC,BAL
BAIDU,BIDU
BAIDU INC-CLASS A,
BAJAJ AUTO LTD,
BAJAJ FINANCE LTD,BAJFINANCENS
BAJAJ FINSERV LTD,NIFTYBETFBO
BAKER HUGHES,BKR
BAKER HUGHES A GE,0RR8L
BAKER HUGHES CO,BKR
BAKER HUGHES COMPANY,BKR
BAKER HUGHES CORP,BKR
BAKER HUGHES CORPORATION,BKR
BAKER HUGHES INC,BKR
BAKER HUGHES INC.,BKR
BAKER HUGHES LTD,BKR
BAKER HUGHES PLC,BKR
BALL,BALL
BALL CO,BALL
BALL COMPANY,BALL
BALL CORP,BALL
BALL CORPORATION,BALL
BALL INC,BALL
BALL INC.,BALL
BALL LTD,BALL
BALL PLC,BALL
BANCO BILBAO VIZCAYA ARGENTA,BBVA
BANCO BRADESCO-ADR,
BANCO DE CHILE-ADR,
BANCO DE SABADELL SA,SABMC
BANCO SANTANDER SA,SAN
BANCO SANTANDER-CHILE-ADR,BSASG
BANDAI NAMCO HOLDINGS INC,N9BSG
BANK HAPOALIM BM,
BANK LEUMI LE-ISRAEL,LUMITA
BANK OF AMERICA,BAC
BANK OF AMERICA CO,BAC
BANK OF AMERICA COMPANY,BAC
BANK OF AMERICA CORP,BAC
BANK OF AMERICA CORPORATION,BAC
BANK OF AMERICA INC,BAC
BANK OF AMERICA INC.,BAC
BANK OF AMERICA LTD,BAC
BANK OF AMERICA PLC,BAC
BANK OF BEIJING CO LTD -A,601169.SS
BANK OF CHENGDU CO LTD-A,
BANK OF CHINA,1398.HK
BANK OF CHINA LTD-A,
BANK OF CHINA LTD-H,
BANK OF COMMUNICATIONS,3328.HK
BANK OF COMMUNICATIONS CO-A,
BANK OF COMMUNICATIONS CO-H,
BANK OF HANGZHOU CO LTD-A,
BANK OF IRELAND GROUP,BIRGIR
BANK OF JIANGSU CO LTD-A,
BANK OF MONTREAL,BMOTO
BANK OF NANJING CO LTD -A,601009.SS
BANK OF NEW YORK MELLON CORP,BK
BANK OF NINGBO CO LTD -A,002142.SZ
BANK OF NOVA SCOTIA,BNSTO
BANK OF SHANGHAI,601229.SS
BANK OF SHANGHAI CO LTD-A,
BANK OZK,OZK
BANKINTER SA,
BANNER CORPORATION,BANR
BANQUE CANTONALE VAUDOIS-REG,
BAOSHAN IRON & STEEL CO-A,
BARCLAYS PLC,BARCL
BARRY CALLEBAUT AG-REG,
BASF SE,BASDE
BATSLN 5 5/8 08/15/35,
BATSLN 5.85 08/15/45,
BATSLN 6.343 08/02/30,
BATSLN 6.421 08/02/33,
BATSLN 7.081 08/02/53,
BAWAG Group AG,BGVI
BAXTER INTERNATIONAL,BAX
BAXTER INTERNATIONAL CO,BAX
BAXTER INTERNATIONAL COMPANY,BAX
BAXTER INTERNATIONAL CORP,BAX
BAXTER INTERNATIONAL CORPORATION,BAX
BAXTER INTERNATIONAL INC,BAX
BAXTER INTERNATIONAL INC.,BAX
BAXTER INTERNATIONAL LTD,BAX
BAXTER INTERNATIONAL PLC,BAX
BAXTER_INTERNATIONAL,
BAYCURRENT INC,BYCRF
BAYER AG-REG,BAYNSW
BAYERISCHE MOTOREN WERKE AG,BMWDE
BAYERISCHE MOTOREN WERKE-PRF,
BCECN 4.464 04/01/48,
BCRED 6 01/29/32,
BCRED 6 11/22/34,
BE Semiconductor Industries NV,BESIAS
BECTON DICKINSON,BDX
BECTON DICKINSON AND CO,BDX
BECTON DICKINSON CO,BDX
BECTON DICKINSON COMPANY,BDX
BECTON DICKINSON CORP,BDX
BECTON DICKINSON CORPORATION,BDX
BECTON DICKINSON INC,BDX
BECTON DICKINSON INC.,BDX
BECTON DICKINSON LTD,BDX
BECTON DICKINSON PLC,BDX
BECTON_DICKINSON,
BEIERSDORF AG,BEIDXD
BEIJING COMPASS TECHNOLOGY-A,
BEIJING ENLIGHT MEDIA CO L-A,
BEIJING ENTERPRISES HLDGS,BJEBDU
BEIJING KINGSOFT OFFICE SO-A,
BEIJING NEW BUILDING MATER-A,
BEIJING ROBOROCK TECHNOLOG-A,
BEIJING TIANTAN BIOLOGICAL-A,
BEIJING TONG REN TANG CO-A,
BEIJING TONGRENTANG CO-A,
BEIJING WANTAI BIOLOGICAL-A,
BEIJING-SHANGHAI HIGH SPE-A,
BEONE MEDICINES LTD-H,
BERKSHIRE HATHAWAY,BRK-B
BERKSHIRE HATHAWAY CL B ORD.,
BERKSHIRE HATHAWAY CO,BRK-B
BERKSHIRE HATHAWAY COMPANY,BRK-B
BERKSHIRE HATHAWAY CORP,BRK-B
BERKSHIRE HATHAWAY CORPORATION,BRK-B
BERKSHIRE HATHAWAY INC,BRK-B
BERKSHIRE HATHAWAY INC-CL B,
BERKSHIRE HATHAWAY INC.,BRK-B
BERKSHIRE HATHAWAY LTD,BRK-B
BERKSHIRE HATHAWAY PLC,BRK-B
BERKSHIRE HATHWAY CL B ORD.,
BEST BUY,BBY
BEST BUY CO,BBY
BEST BUY CO INC,BBY
BEST BUY COMPANY,BBY
BEST BUY CORP,BBY
BEST BUY CORPORATION,BBY
BEST BUY INC,BBY
BEST BUY INC.,BBY
BEST BUY LTD,BBY
BEST BUY PLC,BBY
BETHEL AUTOMOTIVE SAFETY S-A,
BGF,027410
BGF리테일,282330
BHARAT ELECTRONICS LTD,BELNS
BHARTI AIRTEL LTD,BHARTIARTLNS
BHI 5.85 06/15/56,
BHP 5 09/30/43,
BHP BILLITON LIMITED,BHP
BIIB 3.15 05/01/50,
BILIBILI,BILI
BILIBILI INC-CLASS Z,
BIO-TECHNE,TECH
BIO-TECHNE CO,TECH
BIO-TECHNE COMPANY,TECH
BIO-TECHNE CORP,TECH
BIO-TECHNE CORPORATION,TECH
BIO-TECHNE INC,TECH
BIO-TECHNE INC.,TECH
BIO-TECHNE LTD,TECH
BIO-TECHNE PLC,TECH
BIOGEN,BIIB
BIOGEN CO,BIIB
BIOGEN COMPANY,BIIB
BIOGEN CORP,BIIB
BIOGEN CORPORATION,BIIB
BIOGEN INC,BIIB
BIOGEN INC.,BIIB
BIOGEN LTD,BIIB
BIOGEN PLC,BIIB
BK 4.026 01/22/30,
BKW AG,BKWZXC
BLACK HILLS CORP,BKH
BLACKROCK,BLK
BLACKROCK CO,BLK
BLACKROCK COMPANY,BLK
BLACKROCK CORP,BLK
BLACKROCK CORPORATION,BLK
BLACKROCK INC,BLK
BLACKROCK INC.,BLK
BLACKROCK LTD,BLK
BLACKROCK PLC,BLK
BLACKSTONE,BX
BLACKSTONE CO,BX
BLACKSTONE COMPANY,BX
BLACKSTONE CORP,BX
BLACKSTONE CORPORATION,BX
BLACKSTONE GROUP-A,
BLACKSTONE INC,BX
BLACKSTONE INC.,BX
BLACKSTONE LTD,BX
BLACKSTONE PLC,BX
BLK 5 1/4 03/14/54,
BLOCK,XYZ
BLOCK CO,XYZ
BLOCK COMPANY,XYZ
BLOCK CORP,XYZ
BLOCK CORPORATION,XYZ
BLOCK INC,XYZ
BLOCK INC.,XYZ
BLOCK LTD,XYZ
BLOCK PLC,XYZ
"BLOCK, INC.",XYZ
BLOOM ENERGY CORP- A,BEVI
BLOOM ENERGY CORPORATION,BE
BMO 5.511 06/04/31,
BMY 3 1/4 02/27/27,
BMY 3.55 03/15/42,
BMY 3.7 03/15/52,
BMY 4 1/4 10/26/49,
BMY 5.55 02/22/54,
BNCN 5.968 03/04/54,
BNK금융지주,138930
BNK금융지주50,
BNK캐피탈348-7,
BNK캐피탈358-1,
BNK캐피탈375-1,
BNK캐피탈376-6,
BNK캐피탈378-3,
BNK캐피탈381-6,
BNK캐피탈387-5,
BNP PARIBAS,BNPPA
BNS 2.45 02/02/32,
BNSF 3.9 08/01/46,
BNSF 4.45 01/15/53,
BNSF 5 1/2 03/15/55,
BNSF 5.55 03/15/56,
BNY MELLON,BK
BNY MELLON CO,BK
BNY MELLON COMPANY,BK
BNY MELLON CORP,BK
BNY MELLON CORPORATION,BK
BNY MELLON INC,BK
BNY MELLON INC.,BK
BNY MELLON LTD,BK
BNY MELLON PLC,BK
BNY Mellon,BK
BOC AVIATION LTD,BCVVF
BOC HONGKONG,
BOE TECHNOLOGY GROUP CO LT-A,
BOE Technology Group Co Ltd,000725.SZ
BOEING,BA
BOEING CO,BA
BOEING CO/THE,BCODXD
BOEING COMPANY,BA
BOEING CORP,BA
BOEING CORPORATION,BA
BOEING INC,BA
BOEING INC.,BA
BOEING LTD,BA
BOEING PLC,BA
BOLIDEN AB,BOLSXD
BOLLORE,BOPMU
BOMBARDIER INC-B,0QZPL
BOOKING HOLDINGS,BKNG
BOOKING HOLDINGS CO,BKNG
BOOKING HOLDINGS COMPANY,BKNG
BOOKING HOLDINGS CORP,BKNG
BOOKING HOLDINGS CORPORATION,BKNG
BOOKING HOLDINGS INC,BKNG
BOOKING HOLDINGS INC.,BKNG
BOOKING HOLDINGS LTD,BKNG
BOOKING HOLDINGS PLC,BKNG
BOOZ ALLEN HAMILTON HOLDINGS,1BAHMI
BOSIDENG INTL HLDGS LTD,3BDF
BOSTON PROPERTIES,BO9SG
BOSTON PROPERTIES INC,BO9SG
BOSTON SCIENTIFIC,BSX
BOSTON SCIENTIFIC CO,BSX
BOSTON SCIENTIFIC COMPANY,BSX
BOSTON SCIENTIFIC CORP,BSX
BOSTON SCIENTIFIC CORPORATION,BSX
BOSTON SCIENTIFIC INC,BSX
BOSTON SCIENTIFIC INC.,BSX
BOSTON SCIENTIFIC LTD,BSX
BOSTON SCIENTIFIC PLC,BSX
BOUYGUES SA,BYGHA
BP PLC,BP
BPER Banca SPA,BPEMXD
BPLN 2.721 01/12/32,
BPLN 3 02/24/50,
BPLN 3.001 03/17/52,
BPLN 3.06 06/17/41,
BRAMBLES LTD,R1HDU
BRANDYWINE REALTY TRUST,B2XDU
BRENNTAG AG,BNRDE
BRENNTAG SE,BNRDE
BRIDGESTONE,BRDCY
BRIDGESTONE CORP,BRDCY
BRISTOL MYERS SQUIBB,BMY
BRISTOL MYERS SQUIBB CO,BMY
BRISTOL MYERS SQUIBB COMPANY,BMY
BRISTOL MYERS SQUIBB CORP,BMY
BRISTOL MYERS SQUIBB CORPORATION,BMY
BRISTOL MYERS SQUIBB INC,BMY
BRISTOL MYERS SQUIBB INC.,BMY
BRISTOL MYERS SQUIBB LTD,BMY
BRISTOL MYERS SQUIBB PLC,BMY
BRISTOL-MYERS SQUIBB CO,BMY
BRITISH AMERICAN TOBACCO PLC,BTI
BRIXMOR PROPERTY GROUP INC,BRX
BRK 3.85 03/15/52,
BRK 4 1/4 01/15/49,
BRKHEC 4 1/2 02/01/45,
BRKHEC 4.4 10/15/44,
BRKHEC 4.6 05/01/53,
BRKHEC 5.65 10/15/54,
BRO 4.9 06/23/30,
BRO 5.55 06/23/35,
BROADCOM,AVGO
BROADCOM CO,AVGO
BROADCOM COMPANY,AVGO
BROADCOM CORP,AVGO
BROADCOM CORPORATION,AVGO
BROADCOM INC,AVGO
BROADCOM INC.,AVGO
BROADCOM LTD,AVGO
BROADCOM PLC,AVGO
BROADRIDGE FINANCIAL SOLUTIO,BR
BROADRIDGE FINANCIAL SOLUTIONS,BR
BROADRIDGE FINANCIAL SOLUTIONS CO,BR
BROADRIDGE FINANCIAL SOLUTIONS COMPANY,BR
BROADRIDGE FINANCIAL SOLUTIONS CORP,BR
BROADRIDGE FINANCIAL SOLUTIONS CORPORATION,BR
BROADRIDGE FINANCIAL SOLUTIONS INC,BR
BROADRIDGE FINANCIAL SOLUTIONS INC.,BR
BROADRIDGE FINANCIAL SOLUTIONS LTD,BR
BROADRIDGE FINANCIAL SOLUTIONS PLC,BR
BROADSTONE NET LEASE INC,BNL
BROOKFIELD RENEWABLE COR-A,
BROWN & BROWN,BRO
BROWN & BROWN CO,BRO
BROWN & BROWN COMPANY,BRO
BROWN & BROWN CORP,BRO
BROWN & BROWN CORPORATION,BRO
BROWN & BROWN INC,BRO
BROWN & BROWN INC.,BRO
BROWN & BROWN LTD,BRO
BROWN & BROWN PLC,BRO
BROWN FORMAN CL B ORD.,
BROWN-FORMAN CORP-CLASS B,
BROWN–FORMAN,BF-B
BROWN–FORMAN CO,BF-B
BROWN–FORMAN COMPANY,BF-B
BROWN–FORMAN CORP,BF-B
BROWN–FORMAN CORPORATION,BF-B
BROWN–FORMAN INC,BF-B
BROWN–FORMAN INC.,BF-B
BROWN–FORMAN LTD,BF-B
BROWN–FORMAN PLC,BF-B
BT GROUP PLC,BX1BF
BUCKLE INC/THE,
BUILDERS FIRSTSOURCE,BLDR
BUILDERS FIRSTSOURCE CO,BLDR
BUILDERS FIRSTSOURCE COMPANY,BLDR
BUILDERS FIRSTSOURCE CORP,BLDR
BUILDERS FIRSTSOURCE CORPORATION,BLDR
BUILDERS FIRSTSOURCE INC,BLDR
BUILDERS FIRSTSOURCE INC.,BLDR
BUILDERS FIRSTSOURCE LTD,BLDR
BUILDERS FIRSTSOURCE PLC,BLDR
BUNGE GLOBAL,BG
BUNGE GLOBAL CO,BG
BUNGE GLOBAL COMPANY,BG
BUNGE GLOBAL CORP,BG
BUNGE GLOBAL CORPORATION,BG
BUNGE GLOBAL INC,BG
BUNGE GLOBAL INC.,BG
BUNGE GLOBAL LTD,BG
BUNGE GLOBAL PLC,BG
BUNGE GLOBAL SA,BG
BUNGE GLOBAL SA ORD NPV,
BUNZL PLC,BNZLLXC
BUREAU VERITAS SA,4BV0SG
BURLINGTON STORE,BURL
BXP,BXP
BXP 5 3/4 01/15/35,
BXP CO,BXP
BXP COMPANY,BXP
BXP CORP,BXP
BXP CORPORATION,BXP
BXP INC,BXP
BXP INC.,BXP
BXP Inc,BXP
BXP LTD,BXP
BXP PLC,BXP
"BXP, INC.",BXP
"BXP, Inc.",BXP
BYC,001460
BYD,BYD
BYD CO LTD -A,BY6ASG
BYD CO LTD-H,BY6VI
BYD ELECTRONIC INTL CO LTD,4BY0MU
Bajaj Auto Ltd,
Bajaj Finance Ltd,BAJFINANCENS
Bajaj Finserv Ltd,NIFTYBETFBO
Baker Hughes,BKR
Baker Hughes Co,BKR
Ball Corp,BALL
Ball Corporation,BALL
Banca Mediolanum SpA,BMEDMXC
Banca Monte dei Paschi di Siena SpA,
Banco BPM SpA,BNCZF
Banco Comercial Portugues SA,BCPUXD
Bandai Namco Holdings Inc,N9BSG
Bank OZK,OZK
Bank of America,BAC
Bank of Beijing Co Ltd,601169.SS
Bank of Chengdu Co Ltd,601838.SS
Bank of China Ltd,1398.HK
Bank of Communications Co Ltd,3328.HK
Bank of Hangzhou Co,600926.SS
Bank of Hangzhou Co Ltd,600926.SS
Bank of Jiangsu Co,600919.SS
Bank of Jiangsu Co Ltd,600919.SS
Bank of Nanjing Co Ltd,601009.SS
Bank of New York Mellon Corp,BK
Bank of Ningbo Co Ltd,002142.SZ
Bank of Shanghai Co Ltd,601229.SS
Banner Corp,BMNAX
Baoshan Iron & Steel Co Ltd,600019.SS
Barratt Redrow PLC,BTRWLXC
Barrick Mining Corp,B
Baxter International,BAX
BayCurrent Inc,BYCRF
BeOne Medicines Ltd,ONC
Becton Dickinson,BDX
Beijer Ref AB,0A0HIL
Beijing Compass Technology Development C,300803.SZ
Beijing Enlight Media Co Ltd,300251.SZ
Beijing Kingsoft Office Software Inc,688111.SS
Beijing Kunlun Tech Co Ltd,
Beijing New Building Materials PLC,000786.SZ
Beijing Roborock Technology Co Ltd,688169.SS
Beijing Tiantan Biological Products Corp,600161.SS
Beijing Tong Ren Tang Co Ltd,600085.SS
Beijing Wantai Biological Phar,603392.SS
Beijing Wantai Biological Pharmacy Enter,603392.SS
Beijing-Shanghai High Speed Railway Co L,601816.SS
Belimo Holding AG,8RJF
Berkshire Hathaway,BRK-B
Berkshire Hathaway Inc,BRHFF
Best Buy,BBY
Bharat Electronics Ltd,BELNS
Bharti Airtel Ltd,BHARTIARTLNS
Bio-Techne,TECH
Bio-Techne Corp,TECH
Biogen,BIIB
Biogen Inc,BIIB
BlackRock,BLK
Blackrock Inc,BLK
Blackstone Group Inc/The,
Blackstone Inc,BX
Blackstone Inc.,BX
Block Inc,XYZ
"Block, Inc.",XYZ
Boeing,BA
Booking Holdings,BKNG
Booking Holdings Inc,BKNG
Booz Allen Hamilton Holding Corp,BAH
Boston Scientific,BSX
Bristol Myers Squibb,BMY
Broadcom,AVGO
Broadridge Financial Solutions,BR
Brookfield Asset Management Lt,BAM
Brookfield Corp,BAM
Brown & Brown,BRO
Brown & Brown Inc,BRO
Brown-Forman Corp,BF5AF
Brown–Forman,BF-B
Buckle Inc/The,
Builders FirstSource,BLDR
Builders FirstSource Inc,BLDR
Bunge Global,BG
Buzzi SpA,BZUMXD
C 2.904 11/03/42,
C 3.057 01/25/33,
C 3.2 10/21/26,
C 4.075 04/23/29,
C 4.503 09/11/31,
C 4.952 05/07/31,
C 5.333 03/27/36,
C 5.449 06/11/35,
C&D INTERNATIONAL INVESTMENT,1908.HK
C.H. ROBINSON,CHRW
C.H. ROBINSON WORLDWIDE INC,CHRW
C.H. Robinson,CHRW
CADENCE DESIGN SYS INC,CDNS
CADENCE DESIGN SYSTEMS,CDNS
CADENCE DESIGN SYSTEMS CO,CDNS
CADENCE DESIGN SYSTEMS COMPANY,CDNS
CADENCE DESIGN SYSTEMS CORP,CDNS
CADENCE DESIGN SYSTEMS CORPORATION,CDNS
CADENCE DESIGN SYSTEMS INC,CDNS
CADENCE DESIGN SYSTEMS INC.,CDNS
CADENCE DESIGN SYSTEMS LTD,CDNS
CADENCE DESIGN SYSTEMS PLC,CDNS
CAE INC,CAE
CAG 5.3 11/01/38,
CAIXABANK S.A,CABKMC
CALB GROUP CO LTD-H,
CALIFORNIA WATER SERVICE GRP,
CAMBRICON TECHNOLOGIES-A,
CAMDEN PROPERTY TRUST,CPT
CAMDEN PROPERTY TRUST CO,CPT
CAMDEN PROPERTY TRUST COMPANY,CPT
CAMDEN PROPERTY TRUST CORP,CPT
CAMDEN PROPERTY TRUST CORPORATION,CPT
CAMDEN PROPERTY TRUST INC,CPT
CAMDEN PROPERTY TRUST INC.,CPT
CAMDEN PROPERTY TRUST LTD,CPT
CAMDEN PROPERTY TRUST PLC,CPT
CAMDEN PROPERTY TST,
CAMECO CORP,CCJ
CAMPBELL'S COMPANY (THE),CPB
CAMPBELL'S COMPANY (THE) CO,CPB
CAMPBELL'S COMPANY (THE) COMPANY,CPB
CAMPBELL'S COMPANY (THE) CORP,CPB
CAMPBELL'S COMPANY (THE) CORPORATION,CPB
CAMPBELL'S COMPANY (THE) INC,CPB
CAMPBELL'S COMPANY (THE) INC.,CPB
CAMPBELL'S COMPANY (THE) LTD,CPB
CAMPBELL'S COMPANY (THE) PLC,CPB
CAN IMPERIAL BK OF COMMERCE,
CANADIAN NATL RAILWAY CO,
CANADIAN NATURAL RESOURCES,CNQTO
CANADIAN PACIFIC KANSAS CITY L,CP
CANADIAN TIRE CORP-CLASS A,
CANADIAN UTILITIES LTD-A,
CANMAX TECHNOLOGIES CO LTD-A,
CANON INC,CAJPY
CAPCOM,CCOEY
CAPGEMINI,CAPPA
CAPITAL CITY BANK GROUP INC,CCBG
CAPITAL ONE,COF
CAPITAL ONE CO,COF
CAPITAL ONE COMPANY,COF
CAPITAL ONE CORP,COF
CAPITAL ONE CORPORATION,COF
CAPITAL ONE FINANCIAL CORP,COF
CAPITAL ONE INC,COF
CAPITAL ONE INC.,COF
CAPITAL ONE LTD,COF
CAPITAL ONE PLC,COF
CAPITAL SECURITIES CO LTD-A,
CAPITALAND ASCENDAS REIT,17USI
CAPITALAND INVESTMENT LTD,5NUF
CAR Group Ltd,CG
CARDINAL HEALTH,CAH
CARDINAL HEALTH CO,CAH
CARDINAL HEALTH COMPANY,CAH
CARDINAL HEALTH CORP,CAH
CARDINAL HEALTH CORPORATION,CAH
CARDINAL HEALTH INC,CAH
CARDINAL HEALTH INC.,CAH
CARDINAL HEALTH LTD,CAH
CARDINAL HEALTH PLC,CAH
CARETRUST REIT INC,7XCSG
CARLISLE COS INC,CSL
CARLSBERG AS-B,
CARLYLE GROUP INC,CG
CARNIVAL,CCL
CARNIVAL CO,CCL
CARNIVAL COMPANY,CCL
CARNIVAL CORP,CCL
CARNIVAL CORPORATION,CCL
CARNIVAL INC,CCL
CARNIVAL INC.,CCL
CARNIVAL LTD,CCL
CARNIVAL PLC,CCL
CARR 2.722 02/15/30,
CARREFOUR SA,CRRFY
CARRIER GLOBAL,CARR
CARRIER GLOBAL CO,CARR
CARRIER GLOBAL COMPANY,CARR
CARRIER GLOBAL CORP,CARR
CARRIER GLOBAL CORPORATION,CARR
CARRIER GLOBAL INC,CARR
CARRIER GLOBAL INC.,CARR
CARRIER GLOBAL LTD,CARR
CARRIER GLOBAL PLC,CARR
CARVANA,CVNA
CARVANA CO,CVNA
CARVANA COMPANY,CVNA
CARVANA CORP,CVNA
CARVANA CORPORATION,CVNA
CARVANA INC,CVNA
CARVANA INC.,CVNA
CARVANA LTD,CVNA
CARVANA PLC,CVNA
CASEY'S,CASY
CASEY'S CO,CASY
CASEY'S COMPANY,CASY
CASEY'S CORP,CASY
CASEY'S CORPORATION,CASY
CASEY'S INC,CASY
CASEY'S INC.,CASY
CASEY'S LTD,CASY
CASEY'S PLC,CASY
CASEYS GENERAL STORES INC,CASY
CAT 2.6 04/09/30,
CAT 3 1/4 04/09/50,
CAT 3.803 08/15/42,
CAT 4.35 05/15/26,
CATERPILLAR,CAT
CATERPILLAR CO,CAT
CATERPILLAR COMPANY,CAT
CATERPILLAR CORP,CAT
CATERPILLAR CORPORATION,CAT
CATERPILLAR INC,CAT
CATERPILLAR INC.,CAT
CATERPILLAR LTD,CAT
CATERPILLAR PLC,CAT
CB 4.35 11/03/45,
CBL & ASSOCIATES PROPERTIES,CBL
CBOE GLOBAL MARKETS,CBOE
CBOE GLOBAL MARKETS CO,CBOE
CBOE GLOBAL MARKETS COMPANY,CBOE
CBOE GLOBAL MARKETS CORP,CBOE
CBOE GLOBAL MARKETS CORPORATION,CBOE
CBOE GLOBAL MARKETS INC,CBOE
CBOE GLOBAL MARKETS INC.,CBOE
CBOE GLOBAL MARKETS LTD,CBOE
CBOE GLOBAL MARKETS PLC,CBOE
CBOE Holdings Inc,CBOE
CBRE GROUP,CBRE
CBRE GROUP CO,CBRE
CBRE GROUP COMPANY,CBRE
CBRE GROUP CORP,CBRE
CBRE GROUP CORPORATION,CBRE
CBRE GROUP INC,CBRE
CBRE GROUP INC - A,
CBRE GROUP INC.,CBRE
CBRE GROUP LTD,CBRE
CBRE GROUP PLC,CBRE
CBRE Group,CBRE
CCB(CHINA CONSTRUCTION BANK),
CCI 3 1/4 01/15/51,
CCL INDUSTRIES INC - CL B,
CD(하나 금융기관영업팀 20250528-359-1),
CDW,CDW
CDW CO,CDW
CDW COMPANY,CDW
CDW CORP,CDW
CDW CORP/DE,1CDWMI
CDW CORPORATION,CDW
CDW Corporation,CDW
CDW INC,CDW
CDW INC.,CDW
CDW LTD,CDW
CDW PLC,CDW
CEG 5 3/4 03/15/54,
CEG 6 1/2 10/01/53,
CELLNEX TELECOM,4720F
CEMEX SAB-SPONS ADR PART CER,
CENCORA,COR
CENCORA CO,COR
CENCORA COMPANY,COR
CENCORA CORP,COR
CENCORA CORPORATION,COR
CENCORA INC,COR
CENCORA INC.,COR
CENCORA LTD,COR
CENCORA PLC,COR
CENOVUS ENERGY INC,CVETO
CENTENE,CNC
CENTENE CO,CNC
CENTENE COMPANY,CNC
CENTENE CORP,CNC
CENTENE CORPORATION,CNC
CENTENE INC,CNC
CENTENE INC.,CNC
CENTENE LTD,CNC
CENTENE PLC,CNC
CENTERPOINT ENERGY,CNP
CENTERPOINT ENERGY CO,CNP
CENTERPOINT ENERGY COMPANY,CNP
CENTERPOINT ENERGY CORP,CNP
CENTERPOINT ENERGY CORPORATION,CNP
CENTERPOINT ENERGY INC,CNP
CENTERPOINT ENERGY INC.,CNP
CENTERPOINT ENERGY LTD,CNP
CENTERPOINT ENERGY PLC,CNP
CENTERSPACE,CSR
CENTRAL JAPAN RAILWAY,JAP0F
CENTRAL JAPAN RAILWAY CO,JAP0F
CENTRAL PACIFIC FINANCIAL CO,CPF
CENTRICA PLC,CNAL
CF 5 3/8 03/15/44,
CF INDUSTRIES,CF
CF INDUSTRIES CO,CF
CF INDUSTRIES COMPANY,CF
CF INDUSTRIES CORP,CF
CF INDUSTRIES CORPORATION,CF
CF INDUSTRIES HOLDINGS INC,CF
CF INDUSTRIES INC,CF
CF INDUSTRIES INC.,CF
CF INDUSTRIES LTD,CF
CF INDUSTRIES PLC,CF
CF Industries,CF
CFG 5.718 07/23/32,
CGI INC,GIB
CGN POWER CO LTD-A,
CGN POWER CO LTD-H,
CGN Power Co Ltd,003816.SZ
CH ROBINSON,CHRW
CH ROBINSON CO,CHRW
CH ROBINSON COMPANY,CHRW
CH ROBINSON CORP,CHRW
CH ROBINSON CORPORATION,CHRW
CH ROBINSON INC,CHRW
CH ROBINSON INC.,CHRW
CH ROBINSON LTD,CHRW
CH ROBINSON PLC,CHRW
CH Robinson Worldwide Inc,CHRW
CHANGCHUN HIGH&NEW TECH,
CHANGCHUN HIGH-TECH INDUST-A,
CHAOZHOU THREE-CIRCLE GROU-A,
CHARLES RIVER LABORATORIES,CRL
CHARLES RIVER LABORATORIES CO,CRL
CHARLES RIVER LABORATORIES COMPANY,CRL
CHARLES RIVER LABORATORIES CORP,CRL
CHARLES RIVER LABORATORIES CORPORATION,CRL
CHARLES RIVER LABORATORIES INC,CRL
CHARLES RIVER LABORATORIES INC.,CRL
CHARLES RIVER LABORATORIES LTD,CRL
CHARLES RIVER LABORATORIES PLC,CRL
CHARLES SCHWAB,SCHW
CHARLES SCHWAB CO,SCHW
CHARLES SCHWAB COMPANY,SCHW
CHARLES SCHWAB CORP,SCHW
CHARLES SCHWAB CORPORATION,SCHW
CHARLES SCHWAB INC,SCHW
CHARLES SCHWAB INC.,SCHW
CHARLES SCHWAB LTD,SCHW
CHARLES SCHWAB PLC,SCHW
CHARTER COMMUNICATIONS,CHTR
CHARTER COMMUNICATIONS CO,CHTR
CHARTER COMMUNICATIONS COMPANY,CHTR
CHARTER COMMUNICATIONS CORP,CHTR
CHARTER COMMUNICATIONS CORPORATION,CHTR
CHARTER COMMUNICATIONS INC,CHTR
CHARTER COMMUNICATIONS INC-A,CHTRVI
CHARTER COMMUNICATIONS INC.,CHTR
CHARTER COMMUNICATIONS LTD,CHTR
CHARTER COMMUNICATIONS PLC,CHTR
CHECK POINT SOFTWARE TECH,CHKP
CHENGXIN LITHIUM GROUP CO-A,
CHENIERE ENERGY INC,LNG
CHEVRON,CVX
CHEVRON CO,CVX
CHEVRON COMPANY,CVX
CHEVRON CORP,CVX
CHEVRON CORPORATION,CVX
CHEVRON INC,CVX
CHEVRON INC.,CVX
CHEVRON LTD,CVX
CHEVRON PLC,CVX
CHIBA BANK LTD/THE,
CHINA AVIC AVIONICS EQUIP-A,
CHINA CITIC BANK CORP LTD-A,
CHINA CITIC BANK CORP LTD-H,
CHINA COAL ENERGY CO-A,
CHINA COAL ENERGY CO-H,
CHINA COMMUNICATIONS CONST-A,
CHINA CONSTRUCTION BANK-A,
CHINA CONSTRUCTION BANK-H,
CHINA COSCO HOLDINGS-A,
CHINA CSSC HOLDINGS LTD-A,
CHINA EASTERN AIRLINES CO-A,
CHINA ENERGY ENGINEERING C-A,
CHINA ENERGY ENGINEERING COR,601868.SS
CHINA EVERBRIGHT BANK CO-A,
CHINA FEIHE LTD,CHFLF
CHINA GALAXY SECURITIES CO-A,
CHINA GALAXY SECURITIES CO-H,
CHINA GAS HOLDINGS LTD,EBZDU
CHINA GOLD INTERNATIONAL RES,CGGTO
CHINA HONGQIAO GROUP LTD,1378.HK
CHINA INTERNATIONAL CAPITA-H,
CHINA INTERNATIONAL CAPTAL-A,
CHINA JUSHI CO LTD -A,600176.SS
CHINA LIFE,CHLSG
CHINA LIFE INSURANCE CO-A,
CHINA LIFE INSURANCE CO-H,
CHINA LITERATURE LTD,0772.HK
CHINA LONGYUAN POWER GROUP-H,
CHINA MENGNIU DAIRY CO,EZQ0F
CHINA MERCHANTS BANK-A,
CHINA MERCHANTS BANK-H,
CHINA MERCHANTS ENERGY -A,601872.SS
CHINA MERCHANTS EXPRESSWAY-A,
CHINA MERCHANTS PORT HOLDING,CMHHY
CHINA MERCHANTS SECURITIES-A,195HDU
CHINA MERCHANTS SHEKOU IND-A,
CHINA MERCHANTS SHEKOU INDUS,001979.SZ
CHINA MINSHENG BANKING COR-H,
CHINA MINSHENG BANKING-A,
CHINA MOBILE,0941.HK
CHINA MOBILE LTD-A,
CHINA MOBILE LTD-H,
CHINA MOLYBDENUM CO LTD-A,
CHINA NATIONAL BUILDING MA-H,
CHINA NATIONAL CHEMICAL-A,
CHINA NATIONAL NUCLEAR POW-A,
CHINA NATIONAL NUCLEAR POWER,601985.SS
CHINA NONFERROUS MINING CORP,1258.HK
CHINA NORTHERN RARE EARTH -A,600111.SS
CHINA OILFIELD SERVICES-A,
CHINA OVERSEAS LAND & INVEST,CPPMU
CHINA PACIFIC INSURANCE GR-A,
CHINA PACIFIC INSURANCE GR-H,
CHINA PETROLEUM & CHEMICAL-A,
CHINA PETROLEUM & CHEMICAL-H,
CHINA RAILWAY CONSTRUCTION-A,
CHINA RAILWAY GROUP LTD-A,
CHINA RAILWAY GROUP LTD-H,
CHINA RAILWAY SIGNAL & COM-A,
CHINA RESOURCES BEER HOLDING,CHK0F
CHINA RESOURCES GAS GROUP LT,CGASY
CHINA RESOURCES LAND LTD,CRBJY
CHINA RESOURCES MICROELECT-A,
CHINA RESOURCES MIXC LIFESTY,1209.HK
CHINA RESOURCES POWER HOLDIN,CRPDU
CHINA RESOURCES SANJIU MED-A,
CHINA RUYI HOLDINGS LTD,0136.HK
CHINA SATELLITE COMMUNICAT-A,
CHINA SHENHUA,IKFCF
CHINA SHENHUA ENERGY CO-A,
CHINA SHENHUA ENERGY CO-H,
CHINA SHIPBUILDING INDUSTR-A,
CHINA SOUTHERN AIRLINES CO-A,
CHINA STATE CONSTRUCTION -A,0830.HK
CHINA TAIPING INSURANCE HOLD,0966.HK
CHINA TELECOM CORP LTD-DM -A,
CHINA THREE GORGES RENEWAB-A,
CHINA THREE GORGES RENEWABLE,600905.SS
CHINA TOURISM GP DF,
CHINA TOURISM GROUP DUTY F-A,
CHINA TOWER CORP LTD-H,
CHINA UNICOM,0762.HK
CHINA UNICOM HONG KONG LTD,0762.HK
CHINA UNITED NETWORK-A,
CHINA VANKE CO LTD -A,2202.HK
CHINA YANGTZE POWER CO LTD-A,
CHINA ZHESHANG BANK CO LTD-A,
CHINAAMC CSI 300 IDX ETF-HKD,
CHIPOTLE MEXICAN GRILL,CMG
CHIPOTLE MEXICAN GRILL CO,CMG
CHIPOTLE MEXICAN GRILL COMPANY,CMG
CHIPOTLE MEXICAN GRILL CORP,CMG
CHIPOTLE MEXICAN GRILL CORPORATION,CMG
CHIPOTLE MEXICAN GRILL INC,CMG
CHIPOTLE MEXICAN GRILL INC.,CMG
CHIPOTLE MEXICAN GRILL LTD,CMG
CHIPOTLE MEXICAN GRILL PLC,CMG
CHOCOLADEFABRIKEN LINDT-PC,
CHONGQING CHANGAN AUTOMOB-A,
CHONGQING RURAL COMMERCIAL-A,
CHONGQING ZHIFEI BIOLOGICA-A,
CHOW TAI FOOK JEWELLERY GROU,CJEWY
CHTR 3.9 06/01/52,
CHTR 4.4 04/01/33,
CHTR 5 1/4 04/01/53,
CHTR 5 3/8 05/01/47,
CHTR 6.484 10/23/45,
CHUBB LIMITED,CB
CHUBB LIMITED CO,CB
CHUBB LIMITED COMPANY,CB
CHUBB LIMITED CORP,CB
CHUBB LIMITED CORPORATION,CB
CHUBB LIMITED INC,CB
CHUBB LIMITED INC.,CB
CHUBB LIMITED LTD,CB
CHUBB LIMITED PLC,CB
CHUBB LTD,CB
CHUBU ELECTRIC POWER,9502.T
CHUBU ELECTRIC POWER CO INC,9502.T
CHUGAI PHARMACEUTICAL CO LTD,CUPSG
CHURCH & DWIGHT,CHD
CHURCH & DWIGHT CO,CHD
CHURCH & DWIGHT CO INC,CHD
CHURCH & DWIGHT COMPANY,CHD
CHURCH & DWIGHT CORP,CHD
CHURCH & DWIGHT CORPORATION,CHD
CHURCH & DWIGHT INC,CHD
CHURCH & DWIGHT INC.,CHD
CHURCH & DWIGHT LTD,CHD
CHURCH & DWIGHT PLC,CHD
CI 2.4 03/15/30,
CI 3.4 03/15/51,
CI 4.8 07/15/46,
CI 4.9 12/15/48,
CIA DE MINAS BUENAVENTUR-ADR,
CIA ENERGETICA DE-SPON ADR,
CIA PARANAENSE DE ENER-ADR,
CIA SANEAMENTO BASICO DE-ADR,
CIE FINANCIERE RICHEMONT-REG,
CIENA,CIEN
CIENA CO,CIEN
CIENA COMPANY,CIEN
CIENA CORP,CIEN
CIENA CORPORATION,CIEN
CIENA INC,CIEN
CIENA INC.,CIEN
CIENA LTD,CIEN
CIENA PLC,CIEN
CIGNA,CI
CIGNA CO,CI
CIGNA COMPANY,CI
CIGNA CORP,CI
CIGNA CORPORATION,CI
CIGNA GROUP/THE,1CIMI
CIGNA INC,CI
CIGNA INC.,CI
CIGNA LTD,CI
CIGNA PLC,CI
CINCINNATI FINANCIAL,CINF
CINCINNATI FINANCIAL CO,CINF
CINCINNATI FINANCIAL COMPANY,CINF
CINCINNATI FINANCIAL CORP,CINF
CINCINNATI FINANCIAL CORPORATION,CINF
CINCINNATI FINANCIAL INC,CINF
CINCINNATI FINANCIAL INC.,CINF
CINCINNATI FINANCIAL LTD,CINF
CINCINNATI FINANCIAL PLC,CINF
CINDA SECURITIES CO LTD   -A,601059.SS
CINTAS,CTAS
CINTAS CO,CTAS
CINTAS COMPANY,CTAS
CINTAS CORP,CTAS
CINTAS CORPORATION,CTAS
CINTAS INC,CTAS
CINTAS INC.,CTAS
CINTAS LTD,CTAS
CINTAS PLC,CTAS
CIPLA LTD,CIPLANS
CIRCLE INTERNET GROUP INC,CRCL
CISCO,CSCO
CISCO CO,CSCO
CISCO COMPANY,CSCO
CISCO CORP,CSCO
CISCO CORPORATION,CSCO
CISCO INC,CSCO
CISCO INC.,CSCO
CISCO LTD,CSCO
CISCO PLC,CSCO
CISCO SYSTEMS INC,CSCO
CISCO_SYSTEMS,
CITI PACIFIC SPECIAL STEE-A,
CITIC LTD,1883.HK
CITIC SECURITIES CO LTD-H,
CITIC SECURITIES CO-A,
CITIC Securities Co Ltd,600030.SS
CITIGROUP,C
CITIGROUP CO,C
CITIGROUP COMPANY,C
CITIGROUP CORP,C
CITIGROUP CORPORATION,C
CITIGROUP INC,C
CITIGROUP INC.,C
CITIGROUP LTD,C
CITIGROUP PLC,C
CITIZENS FINANCIAL GROUP,CFG
CITIZENS FINANCIAL GROUP CO,CFG
CITIZENS FINANCIAL GROUP COMPANY,CFG
CITIZENS FINANCIAL GROUP CORP,CFG
CITIZENS FINANCIAL GROUP CORPORATION,CFG
CITIZENS FINANCIAL GROUP INC,CFG
CITIZENS FINANCIAL GROUP INC.,CFG
CITIZENS FINANCIAL GROUP LTD,CFG
CITIZENS FINANCIAL GROUP PLC,CFG
CITY HOLDING CO,CHCO
CJ,001040
CJ CGV,079160
CJ ENM,035760
CJ159,
CJ대한통운,000120
CJ대한통운104-3,
CJ씨푸드,011150
CJ제일제당,097950
CK Asset Holdings,1CKSG
CK HUTCHISON HOLDINGS LTD,CKHUY
CK INFRA HOLDINGS,1038.HK
CLEARWAY ENERGY INC-C,
CLOROX,CLX
CLOROX CO,CLX
CLOROX COMPANY,CLX
CLOROX CORP,CLX
CLOROX CORPORATION,CLX
CLOROX INC,CLX
CLOROX INC.,CLX
CLOROX LTD,CLX
CLOROX PLC,CLX
CLP Holdings Ltd,0002.HK
CM 4.58 09/08/31,
CM Bank(CHINA MERCHANTS),
CMCSA 2.45 08/15/52,
CMCSA 2.887 11/01/51,
CMCSA 2.937 11/01/56,
CMCSA 2.987 11/01/63,
CMCSA 3 3/4 04/01/40,
CMCSA 3.3 04/01/27,
CMCSA 3.969 11/01/47,
CMCSA 3.999 11/01/49,
CMCSA 5 1/2 11/15/32,
CMCSA 5.3 05/15/35,
CMCSA 5.35 05/15/53,
CMCSA 5.65 06/01/54,
CME GROUP,CME
CME GROUP CO,CME
CME GROUP COMPANY,CME
CME GROUP CORP,CME
CME GROUP CORPORATION,CME
CME GROUP INC,CME
CME GROUP INC.,CME
CME GROUP LTD,CME
CME GROUP PLC,CME
CME Group,CME
CMI 5.3 05/09/35,
CMOC GROUP LTD-A,
CMOC GROUP LTD-H,
CMOC Group Ltd,3993.HK
CMS ENERGY,CMS
CMS ENERGY CO,CMS
CMS ENERGY COMPANY,CMS
CMS ENERGY CORP,CMS
CMS ENERGY CORPORATION,CMS
CMS ENERGY INC,CMS
CMS ENERGY INC.,CMS
CMS ENERGY LTD,CMS
CMS ENERGY PLC,CMS
CMS Energy,CMS
CMS Energy Corp,CMS
CNA FINANCIAL CORP,CNA
CNA Financial Corp,CNA
CNC 2 1/2 03/01/31,
CNC 3 10/15/30,
CNGR ADVANCED MATERIAL CO -A,469F
CNH Industrial NV,CNH
CNOOC,0883.HK
CNOOC LTD-A,
CNOOC LTD-H,
CNOOC Ltd,0883.HK
CNPC CAPITAL CO LTD-A,
CNPC Capital Co Ltd,000617.SZ
COAL INDIA LTD,COALINDIANS
COCA-COLA,KO
COCA-COLA CO/THE,CCC3DXD
COCA-COLA COMPANY (THE),KO
COCA-COLA COMPANY (THE) CO,KO
COCA-COLA COMPANY (THE) COMPANY,KO
COCA-COLA COMPANY (THE) CORP,KO
COCA-COLA COMPANY (THE) CORPORATION,KO
COCA-COLA COMPANY (THE) INC,KO
COCA-COLA COMPANY (THE) INC.,KO
COCA-COLA COMPANY (THE) LTD,KO
COCA-COLA COMPANY (THE) PLC,KO
COCA-COLA EUROPACIFIC PARTNE,CCEP
COCA-COLA EUROPACIFIC PARTNERS,CCEP
COCA-COLA EUROPACIFIC PARTNERS CO,CCEP
COCA-COLA EUROPACIFIC PARTNERS COMPANY,CCEP
COCA-COLA EUROPACIFIC PARTNERS CORP,CCEP
COCA-COLA EUROPACIFIC PARTNERS CORPORATION,CCEP
COCA-COLA EUROPACIFIC PARTNERS INC,CCEP
COCA-COLA EUROPACIFIC PARTNERS INC.,CCEP
COCA-COLA EUROPACIFIC PARTNERS LTD,CCEP
COCA-COLA EUROPACIFIC PARTNERS PLC,CCEP
COCA-COLA EUROPEAN PARTNERS,CK0SG
COCA-COLA FEMSA SAB-SP ADR,
COCA-COLA HBC AG-DI,CCHVI
COCHLEAR LTD,OC5DU
COGNIZANT,CTSH
COGNIZANT CO,CTSH
COGNIZANT COMPANY,CTSH
COGNIZANT CORP,CTSH
COGNIZANT CORPORATION,CTSH
COGNIZANT INC,CTSH
COGNIZANT INC.,CTSH
COGNIZANT LTD,CTSH
COGNIZANT PLC,CTSH
COGNIZANT TECH SOLUTIONS-A,CTSHVI
COGNIZANT TECHN SOLUTIONS,CTSH
COHEN & STEERS,PTA
COHEN & STEERS INC,PTA
COHERENT,COHR
COHERENT CO,COHR
COHERENT COMPANY,COHR
COHERENT CORP,COHR
COHERENT CORP.,COHR
COHERENT CORPORATION,COHR
COHERENT INC,COHR
COHERENT INC.,COHR
COHERENT LTD,COHR
COHERENT PLC,COHR
COINBASE,COIN
COINBASE CO,COIN
COINBASE COMPANY,COIN
COINBASE CORP,COIN
COINBASE CORPORATION,COIN
COINBASE GLOBAL INC -CLASS A,
COINBASE INC,COIN
COINBASE INC.,COIN
COINBASE LTD,COIN
COINBASE PLC,COIN
COLES GROUP,COLAX
COLGATE-PALMOLIVE,CL
COLGATE-PALMOLIVE CO,CL
COLGATE-PALMOLIVE COMPANY,CL
COLGATE-PALMOLIVE CORP,CL
COLGATE-PALMOLIVE CORPORATION,CL
COLGATE-PALMOLIVE INC,CL
COLGATE-PALMOLIVE INC.,CL
COLGATE-PALMOLIVE LTD,CL
COLGATE-PALMOLIVE PLC,CL
COLOPLAST-B,0QBOIL
COLUMBIA BANKING SYSTEM INC,COLB
COMCAST,CMCSA
COMCAST CO,CMCSA
COMCAST COMPANY,CMCSA
COMCAST CORP,CMCSA
COMCAST CORP-CLASS A,CMCSVI
COMCAST CORPORATION,CMCSA
COMCAST INC,CMCSA
COMCAST INC.,CMCSA
COMCAST LTD,CMCSA
COMCAST PLC,CMCSA
COMFORT SYSTEMS USA,FIX
COMFORT SYSTEMS USA CO,FIX
COMFORT SYSTEMS USA COMPANY,FIX
COMFORT SYSTEMS USA CORP,FIX
COMFORT SYSTEMS USA CORPORATION,FIX
COMFORT SYSTEMS USA INC,FIX
COMFORT SYSTEMS USA INC.,FIX
COMFORT SYSTEMS USA LTD,FIX
COMFORT SYSTEMS USA PLC,FIX
COMMERCE BANCSHARES INC,CBSH
COMMERZBANK AG,CBKDE
COMMINS INC (CMI US),
COMMONWEALTH BANK OF AUSTRAL,CBAAX
COMPAGNIE DE SAINT GOBAIN,SGOPA
COMPASS GROUP PLC,CFICGGCPBSN
COMPUTERSHARE LTD,CPUAX
COMSYS HOLDINGS CORP,CMSYF
CONAGRA BRANDS,CAG
CONAGRA BRANDS CO,CAG
CONAGRA BRANDS COMPANY,CAG
CONAGRA BRANDS CORP,CAG
CONAGRA BRANDS CORPORATION,CAG
CONAGRA BRANDS INC,CAG
CONAGRA BRANDS INC.,CAG
CONAGRA BRANDS LTD,CAG
CONAGRA BRANDS PLC,CAG
CONAGRA FOODS INC,CAG
CONCORDIA FINANCIAL GROUP,YC3MU
CONOCOPHILLIPS,COP
CONOCOPHILLIPS CO,COP
CONOCOPHILLIPS COMPANY,COP
CONOCOPHILLIPS CORP,COP
CONOCOPHILLIPS CORPORATION,COP
CONOCOPHILLIPS INC,COP
CONOCOPHILLIPS INC.,COP
CONOCOPHILLIPS LTD,COP
CONOCOPHILLIPS PLC,COP
CONSOLIDATED EDISON,ED
CONSOLIDATED EDISON CO,ED
CONSOLIDATED EDISON COMPANY,ED
CONSOLIDATED EDISON CORP,ED
CONSOLIDATED EDISON CORPORATION,ED
CONSOLIDATED EDISON INC,ED
CONSOLIDATED EDISON INC.,ED
CONSOLIDATED EDISON LTD,ED
CONSOLIDATED EDISON PLC,ED
CONSTELLATION BRANDS,STZ
CONSTELLATION BRANDS CO,STZ
CONSTELLATION BRANDS COMPANY,STZ
CONSTELLATION BRANDS CORP,STZ
CONSTELLATION BRANDS CORPORATION,STZ
CONSTELLATION BRANDS INC,STZ
CONSTELLATION BRANDS INC-A,STZVI
CONSTELLATION BRANDS INC.,STZ
CONSTELLATION BRANDS LTD,STZ
CONSTELLATION BRANDS PLC,STZ
CONSTELLATION ENERGY,CEG
CONSTELLATION ENERGY CO,CEG
CONSTELLATION ENERGY COMPANY,CEG
CONSTELLATION ENERGY CORP,CEG
CONSTELLATION ENERGY CORPORATION,CEG
CONSTELLATION ENERGY INC,CEG
CONSTELLATION ENERGY INC.,CEG
CONSTELLATION ENERGY LTD,CEG
CONSTELLATION ENERGY PLC,CEG
CONSTELLATION SOFTWARE INC,CSUTO
CONTACT ENERGY LTD,CENNZ
CONTEMPORARY AMPEREX TECHN-A,
CONTEMPORARY AMPEREX TECHN-H,
CONTINENTAL AG,TY
COOPER COMPANIES (THE),COO
COOPER COMPANIES (THE) CO,COO
COOPER COMPANIES (THE) COMPANY,COO
COOPER COMPANIES (THE) CORP,COO
COOPER COMPANIES (THE) CORPORATION,COO
COOPER COMPANIES (THE) INC,COO
COOPER COMPANIES (THE) INC.,COO
COOPER COMPANIES (THE) LTD,COO
COOPER COMPANIES (THE) PLC,COO
COOPER COMPANIES INC,COO
COOPER COS INC/THE,
COP 3.758 03/15/42,
COP 4.025 03/15/62,
COP 5 1/2 01/15/55,
COPART,CPRT
COPART CO,CPRT
COPART COMPANY,CPRT
COPART CORP,CPRT
COPART CORPORATION,CPRT
COPART INC,CPRT
COPART INC.,CPRT
COPART LTD,CPRT
COPART PLC,CPRT
COPT DEFENSE PROPERTIES,CDP
CORNING,GLW
CORNING CO,GLW
CORNING COMPANY,GLW
CORNING CORP,GLW
CORNING CORPORATION,GLW
CORNING INC,GLW
CORNING INC.,GLW
CORNING LTD,GLW
CORNING PLC,GLW
CORP INMOBILIARIA VESTA-ADR,
CORPAY,CPAY
CORPAY CO,CPAY
CORPAY COMPANY,CPAY
CORPAY CORP,CPAY
CORPAY CORPORATION,CPAY
CORPAY INC,CPAY
CORPAY INC.,CPAY
CORPAY LTD,CPAY
CORPAY PLC,CPAY
CORTEVA,CTVA
CORTEVA CO,CTVA
CORTEVA COMPANY,CTVA
CORTEVA CORP,CTVA
CORTEVA CORPORATION,CTVA
CORTEVA INC,CTVA
CORTEVA INC.,CTVA
CORTEVA LTD,CTVA
CORTEVA PLC,CTVA
COSCO SHIPPING ENERGY TRAN-A,
COSCO SHIPPING Energy Transportation Co,CSDXF
COSCO SHIPPING HOLDINGS CO-A,
COSCO SHIPPING HOLDINGS CO-H,
COSCO SHIPPING Holdings Co Ltd,1919.HK
COSTAR GROUP,CSGP
COSTAR GROUP CO,CSGP
COSTAR GROUP COMPANY,CSGP
COSTAR GROUP CORP,CSGP
COSTAR GROUP CORPORATION,CSGP
COSTAR GROUP INC,CSGP
COSTAR GROUP INC.,CSGP
COSTAR GROUP LTD,CSGP
COSTAR GROUP PLC,CSGP
COSTCO,COST
COSTCO CO,COST
COSTCO COMPANY,COST
COSTCO CORP,COST
COSTCO CORPORATION,COST
COSTCO INC,COST
COSTCO INC.,COST
COSTCO LTD,COST
COSTCO PLC,COST
COSTCO WHOLESALE CORP,COST
COTERRA ENERGY Inc,CTRA
COUSINS PROPERTIES INC,CUZ
COVIVIO,COVPA
CQP 5.55 10/30/35,
CRBG 3.9 04/05/32,
CREDIT AGRICOLE SA,CAPA
CREDIT SAISON CO LTD,QC9DU
CREDO TECHNOLOGY GROUP HOLDI,CRDO
CRH,CRH
CRH CO,CRH
CRH COMPANY,CRH
CRH CORP,CRH
CRH CORPORATION,CRH
CRH INC,CRH
CRH INC.,CRH
CRH LTD,CRH
CRH PLC,CRH
CRH plc,CRH
CRHID 5 1/2 01/09/35,
CRM 1.95 07/15/31,
CRM 2.7 07/15/41,
CRM 2.9 07/15/51,
CRM 5.55 03/15/36,
CRM 6.4 03/15/46,
CROWDSTRIKE,CRWD
CROWDSTRIKE CO,CRWD
CROWDSTRIKE COMPANY,CRWD
CROWDSTRIKE CORP,CRWD
CROWDSTRIKE CORPORATION,CRWD
CROWDSTRIKE HOLDINGS INC - A,
CROWDSTRIKE INC,CRWD
CROWDSTRIKE INC.,CRWD
CROWDSTRIKE LTD,CRWD
CROWDSTRIKE PLC,CRWD
CROWN CASTLE,CCI
CROWN CASTLE CO,CCI
CROWN CASTLE COMPANY,CCI
CROWN CASTLE CORP,CCI
CROWN CASTLE CORPORATION,CCI
CROWN CASTLE INC,CCI
CROWN CASTLE INC.,CCI
CROWN CASTLE Inc,CCI
CROWN CASTLE LTD,CCI
CROWN CASTLE PLC,CCI
CRRC CORP LTD-A,
CRRC CORP LTD-H,
CRRC Corp Ltd,1766.HK
CR홀딩스,000480
CSC FINANCIAL CO LTD,CS0SG
CSC FINANCIAL CO LTD-A,
CSC Financial Co Ltd,CS0SG
CSCO 4.95 02/26/31,
CSCO 5.3 02/26/54,
CSCO 5.35 02/26/64,
CSI SOLAR CO LTD-A,
CSI Solar Co Ltd,688472.SS
CSI300 index futures 2026 05,
CSL,CSL
CSPC PHARMACEUTICAL GROUP,1093.HK
CSPC PHARMACEUTICAL GROUP LT,CVGUF
CSX,CSX
CSX 4 1/2 11/15/52,
CSX CO,CSX
CSX COMPANY,CSX
CSX CORP,CSX
CSX CORPORATION,CSX
CSX Corp,CSX
CSX Corporation,CSX
CSX INC,CSX
CSX INC.,CSX
CSX LTD,CSX
CSX PLC,CSX
CS홀딩스,000590
CTRA 5.9 02/15/55,
CTS Eventim AG & Co KGaA,EVDDE
CUBESMART,CUBE
CUMMINS,CMI
CUMMINS CO,CMI
CUMMINS COMPANY,CMI
CUMMINS CORP,CMI
CUMMINS CORPORATION,CMI
CUMMINS INC,CMI
CUMMINS INC.,CMI
CUMMINS LTD,CMI
CUMMINS PLC,CMI
CURBLINE PROPERTIES CORP,NR6F
CVB FINANCIAL CORP,CVBF
CVB Financial Corp,CVBF
CVS 2 1/8 09/15/31,
CVS 5.05 03/25/48,
CVS 5.45 09/15/35,
CVS 6 06/01/44,
CVS 6.2 09/15/55,
CVS HEALTH,CVS
CVS HEALTH CO,CVS
CVS HEALTH COMPANY,CVS
CVS HEALTH CORP,CVS
CVS HEALTH CORPORATION,CVS
CVS HEALTH CRP,
CVS HEALTH INC,CVS
CVS HEALTH INC.,CVS
CVS HEALTH LTD,CVS
CVS HEALTH PLC,CVS
CVS Health,CVS
CVX 4.3 10/15/30,
CVX 4.98 04/15/35,
CYBER AGENT,4751.T
CYBERAGENT INC,CL2HA
Cadence Design Systems,CDNS
Cadence Design Systems Inc,CDNS
Cambricon Technologies Corp Lt,
Cambricon Technologies Corp Ltd,688256.SS
Camden Property Trust,CPT
Campbell's Company (The),CPB
CapitaLand Integrated Commercial Trust,C38USI
Capital City Bank Group Inc,CCBG
Capital One,COF
Capital One Financial Corp,COF
Capital Securities Co Ltd,6005TW
Cardinal Health,CAH
Cardinal Health Inc,CAH
Carnival,CCL
Carrier Global,CARR
Carvana,CVNA
Carvana Co,CVNA
Casey's,CASY
Casey's General Stores Inc,CASY
Caterpillar Inc.,CAT
Cboe Global Markets,CBOE
Cboe Global Markets Inc,CBOE
Celestica Inc,CLS
Cencora,COR
Cencora Inc,COR
Centene Corp,CNC
Centene Corporation,CNC
CenterPoint Energy,CNP
CenterPoint Energy Inc,CNP
Central Pacific Financial Corp,CPF
Changchun High-Tech Industry Group Co Lt,000661.SZ
Chaozhou Three-Circle Group Co Ltd,300408.SZ
Charles River Laboratories,CRL
Charles River Laboratories Int,CRL
Charles Schwab Corp/The,
Charles Schwab Corporation,SCHW
Charter Communications,CHTR
Charter Communications Inc,CHTR
Chevron Corporation,CVX
China CITIC Bank Corp Ltd,CHBJF
China CSSC Holdings Ltd,600150.SS
China Coal Energy Co Ltd,601898.SS
China Communications Construction Co Ltd,1800.HK
China Construction Bank Corp,0939.HK
China Eastern Airlines Corp Ltd,CIAHF
China Energy Engineering Corp Ltd,601868.SS
China Everbright Bank Co Ltd,601818.SS
China Galaxy Securities Co Ltd,CGXYY
China Galaxy Securities Company,
China Hongqiao Group Ltd,1378.HK
China International Capital Co,601995.SS
China International Capital Corp Ltd,CIMF
China Jushi Co Ltd,600176.SS
China Life Insurance Co Ltd,CHLSG
China Merchants Bank Co Ltd,600036.SS
China Merchants Energy Shipping Co Ltd,601872.SS
China Merchants Expressway Network & Tec,001965.SZ
China Merchants Securities Co Ltd,195HF
China Merchants Shekou Industrial Zone H,001979.SZ
China Minsheng Banking Corp Ltd,1988.HK
China Mobile Ltd,0941.HK
China National Chemical Engineering Co L,601117.SS
China National Nuclear Power Co Ltd,601985.SS
China Northern Rare Earth Group High-Tec,600111.SS
China Oilfield Services Ltd,2883.HK
China Overseas Land & Invest,CPPMU
China Pacific Insurance Group Co Ltd,75CBF
China Petroleum & Chemical Corp,0386.HK
China Railway Construction Corp Ltd,1186.HK
China Railway Group Ltd,0390.HK
China Railway Signal & Communication Cor,688009.SS
China Resources Land Ltd,CRBJY
China Resources Microelectronics Ltd,688396.SS
China Resources Sanjiu Medical,000999.SZ
China Resources Sanjiu Medical & Pharmac,000999.SZ
China Satellite Communications Co Ltd,601698.SS
China Shenhua Energy Co Ltd,IKFCF
China Shipbuilding Industry Group Power,600482.SS
China Southern Airlines Co Ltd,ZNHHDU
China State Construction Engineering Cor,601668.SS
China Telecom Corp Ltd,0728.HK
China Three Gorges Renewables Group Co L,600905.SS
China Tourism Group Duty Free Corp Ltd,1880.HK
China United Network Communications Ltd,600050.SS
China Vanke Co Ltd,2202.HK
China Yangtze Power Co Ltd,CYZBF
China Zheshang Bank Co Ltd,6CZF
Chipotle Mexican Grill,CMG
Chipotle Mexican Grill Inc,CMG
Chongqing Changan Automobile Co Ltd,000625.SZ
Chongqing Rural Commercial Bank Co Ltd,C3BMU
Chongqing Zhifei Biological Products Co,300122.SZ
Chubb Limited,CB
Chubb Ltd,CB
Church & Dwight,CHD
Church & Dwight Co Ltd,CHD
Ciena,CIEN
Ciena Corp,CIEN
Cigna,CI
Cincinnati Financial,CINF
Cincinnati Financial Corp,CINF
Cinda Securities Co Ltd,601059.SS
Cintas,CTAS
Cintas Corp,CTAS
Cipla Ltd/India,
Cisco,CSCO
Citic Pacific Ltd,000708.SZ
Citic Pacific Special Steel Group Co Ltd,000708.SZ
Citigroup,C
Citizens Financial Group,CFG
Citizens Financial Group Inc,CFG
City Holding Co,CHCO
Clearway Energy Inc,CWEN
Clorox,CLX
Cloudflare Inc,NET
CoStar Group,CSGP
CoStar Group Inc,CSGP
Coal India Ltd,COALINDIANS
Coca-Cola Company (The),KO
Coca-Cola Europacific Partners,CCEP
Coeur Mining Inc,CDE
Cognizant,CTSH
Cohen & Steers Inc,PTA
Coherent Corp,COHR
Coherent Corp.,COHR
Coinbase,COIN
Coinbase Global Inc,COIN
Colgate-Palmolive,CL
Colgate-Palmolive Co,CL
Columbia Banking System Inc,COLB
Comcast,CMCSA
Comcast Corp,CMCSA
Comfort Systems USA,FIX
Comfort Systems USA Inc,FIX
Conagra Brands,CAG
ConocoPhillips,COP
Consolidated Edison,ED
Constellation Brands,STZ
Constellation Brands Inc,STZ
Constellation Energy,CEG
Constellation Energy Corp,CEG
Cooper Companies (The),COO
Cooper Cos Inc/The,
Copart,CPRT
Copart Inc,CPRT
CoreWeave Inc,CRWV
Corebridge Financial Inc,CRBG
Corn 2026 07,
Corning Inc.,GLW
Corpay,CPAY
Corpay Inc,CPAY
Corteva,CTVA
Corteva Inc,CTVA
Costco,COST
Credo Technology Group Holding Ltd,CRDO
CrowdStrike,CRWD
Crowdstrike Holdings Inc,CRWD
Crown Castle,CCI
Crown Castle Inc,CCI
Crude Oil 2026 06,
Cummins,CMI
Curtiss-Wright Corp,CW
D 5 04/01/33,
D 5 06/15/30,
D R HORTON,DHI
D R HORTON CO,DHI
D R HORTON COMPANY,DHI
D R HORTON CORP,DHI
D R HORTON CORPORATION,DHI
D R HORTON INC,DHI
D R HORTON INC.,DHI
D R HORTON LTD,DHI
D R HORTON PLC,DHI
D'IETEREN SA/NV,0ON7IL
D. R. HORTON,DHI
D. R. Horton,DHI
DAI NIPPON PRINTING,7912.T
DAI NIPPON PRINTING CO LTD,7912.T
DAIFUKU,891F
DAIICHI LIFE GROUP INC,DLICY
DAIICHI LIFE INSURANCE,
DAIICHI SANKYO,4568.T
DAIICHI SANKYO CO LTD,4568.T
DAIKIN INDUSTRIES,6367.T
DAIKIN INDUSTRIES LTD,6367.T
DAIMLER TRUCK HOLDING AG,DTGDE
DAIMLER TRUCK HOLDINGS AG,
DAITO TRUST CONSTRUCT,4D7HA
DAIWA HOUSE INDUSTRY,DWAHY
DAIWA HOUSE INDUSTRY CO LTD,DWAHY
DAIWA SECURITIES GROUP INC,8601.T
DAL 5 1/4 07/10/30,
DANAHER,DHR
DANAHER CO,DHR
DANAHER COMPANY,DHR
DANAHER CORP,DHR
DANAHER CORPORATION,DHR
DANAHER INC,DHR
DANAHER INC.,DHR
DANAHER LTD,DHR
DANAHER PLC,DHR
DANONE,BNPA
DANSKE BANK A/S,DANSKECO
DAQIN RAILWAY CO LTD -A,601006.SS
DARDEN RESTAURANTS,DRI
DARDEN RESTAURANTS CO,DRI
DARDEN RESTAURANTS COMPANY,DRI
DARDEN RESTAURANTS CORP,DRI
DARDEN RESTAURANTS CORPORATION,DRI
DARDEN RESTAURANTS INC,DRI
DARDEN RESTAURANTS INC.,DRI
DARDEN RESTAURANTS LTD,DRI
DARDEN RESTAURANTS PLC,DRI
DASSAULT AVAITION SA,
DASSAULT SYSTEMES SE,DSYAF
DATADOG,DDOG
DATADOG CO,DDOG
DATADOG COMPANY,DDOG
DATADOG CORP,DDOG
DATADOG CORPORATION,DDOG
DATADOG INC,DDOG
DATADOG INC - CLASS A,
DATADOG INC.,DDOG
DATADOG LTD,DDOG
DATADOG PLC,DDOG
DAVIDE CAMPARI-MILANO SPA,0ROYIL
DAVITA,DVA
DAVITA CO,DVA
DAVITA COMPANY,DVA
DAVITA CORP,DVA
DAVITA CORPORATION,DVA
DAVITA HEALTHCARE PARTNERS I,TRLSG
DAVITA INC,DVA
DAVITA INC.,DVA
DAVITA LTD,DVA
DAVITA PLC,DVA
DAWNING INFORMATION INDUST-A,
DB,012030
DB 4.469 12/10/31,
DB 4.999 09/11/30,
DBS GROUP HOLDINGS LTD,D05SI
DB손해보험,005830
DB증권,016610
DB하이텍,000990
DE 3 3/4 04/15/50,
DE 3.9 06/09/42,
DE 5.05 06/12/34,
DECKERS BRANDS,DECK
DECKERS BRANDS CO,DECK
DECKERS BRANDS COMPANY,DECK
DECKERS BRANDS CORP,DECK
DECKERS BRANDS CORPORATION,DECK
DECKERS BRANDS INC,DECK
DECKERS BRANDS INC.,DECK
DECKERS BRANDS LTD,DECK
DECKERS BRANDS PLC,DECK
DECKERS OUTDOOR CORP,DECK
DEERE &,DE
DEERE & CO,DE
DEERE & COMPANY,DE
DEERE & CORP,DE
DEERE & CORPORATION,DE
DEERE & INC,DE
DEERE & INC.,DE
DEERE & LTD,DE
DEERE & PLC,DE
DEERE AND CO,
DELL 5 04/01/30,
DELL 5 1/2 04/01/35,
DELL 5.3 10/01/29,
DELL TECH-C,
DELL TECHNOLOGIES,DELL
DELL TECHNOLOGIES - C,
DELL TECHNOLOGIES -C,DELL
DELL TECHNOLOGIES CO,DELL
DELL TECHNOLOGIES COMPANY,DELL
DELL TECHNOLOGIES CORP,DELL
DELL TECHNOLOGIES CORPORATION,DELL
DELL TECHNOLOGIES INC,DELL
DELL TECHNOLOGIES INC.,DELL
DELL TECHNOLOGIES LTD,DELL
DELL TECHNOLOGIES PLC,DELL
DELTA AIR LINES,DAL
DELTA AIR LINES CO,DAL
DELTA AIR LINES COMPANY,DAL
DELTA AIR LINES CORP,DAL
DELTA AIR LINES CORPORATION,DAL
DELTA AIR LINES INC,DAL
DELTA AIR LINES INC.,DAL
DELTA AIR LINES LTD,DAL
DELTA AIR LINES PLC,DAL
DENA CO LTD,D2NF
DENKA CO LTD,JP3549600009SG
DENSO,DNOHA
DENSO CORP,DNOHA
DENTSU GROUP INC,DEN0F
DENTSU INC,DEN0F
DEUTSCH POST AG-REG,
DEUTSCHE BANK AG-REGISTERED,
DEUTSCHE BOERSE AG,DB1DE
DEUTSCHE TELEKOM AG-REG,
DEVON ENERGY,DVN
DEVON ENERGY CO,DVN
DEVON ENERGY COMPANY,DVN
DEVON ENERGY CORP,DVN
DEVON ENERGY CORPORATION,DVN
DEVON ENERGY INC,DVN
DEVON ENERGY INC.,DVN
DEVON ENERGY LTD,DVN
DEVON ENERGY PLC,DVN
DEXCOM,DXCM
DEXCOM CO,DXCM
DEXCOM COMPANY,DXCM
DEXCOM CORP,DXCM
DEXCOM CORPORATION,DXCM
DEXCOM INC,DXCM
DEXCOM INC.,DXCM
DEXCOM LTD,DXCM
DEXCOM PLC,DXCM
DGELN 5 1/8 08/15/30,
DHL GROUP,0H3QIL
DHR 2.6 11/15/29,
DIAGEO PLC,DEO
DIAMONDBACK ENERGY,FANG
DIAMONDBACK ENERGY CO,FANG
DIAMONDBACK ENERGY COMPANY,FANG
DIAMONDBACK ENERGY CORP,FANG
DIAMONDBACK ENERGY CORPORATION,FANG
DIAMONDBACK ENERGY INC,FANG
DIAMONDBACK ENERGY INC.,FANG
DIAMONDBACK ENERGY LTD,FANG
DIAMONDBACK ENERGY PLC,FANG
DIAMONDROCK HOSPITALITY CO,DRH
DICK'S SPORTING GOODS INC,DKS
DIGITAL REALTY,DLR
DIGITAL REALTY CO,DLR
DIGITAL REALTY COMPANY,DLR
DIGITAL REALTY CORP,DLR
DIGITAL REALTY CORPORATION,DLR
DIGITAL REALTY INC,DLR
DIGITAL REALTY INC.,DLR
DIGITAL REALTY LTD,DLR
DIGITAL REALTY PLC,DLR
DIGITAL REALTY TRUST INC,DLR
DIRX DLY TSLA BUL 2X ETF-AUI,
DIS 2 3/4 09/01/49,
DIS 3 1/2 05/13/40,
DIS 3.6 01/13/51,
DISCO,WBD
DISCO CORP,WBD
DIVERSIFIED HEALTHCARE TRUST,DHC
DI동일,001530
DL,000210
DL이앤씨,375500
DNB BANK ASA,D1NCF
DN오토모티브,007340
DOLLAR GENERAL,DG
DOLLAR GENERAL CO,DG
DOLLAR GENERAL COMPANY,DG
DOLLAR GENERAL CORP,DG
DOLLAR GENERAL CORP.,DG
DOLLAR GENERAL CORPORATION,DG
DOLLAR GENERAL INC,DG
DOLLAR GENERAL INC.,DG
DOLLAR GENERAL LTD,DG
DOLLAR GENERAL PLC,DG
DOLLAR TREE,DLTR
DOLLAR TREE CO,DLTR
DOLLAR TREE COMPANY,DLTR
DOLLAR TREE CORP,DLTR
DOLLAR TREE CORPORATION,DLTR
DOLLAR TREE INC,DLTR
DOLLAR TREE INC.,DLTR
DOLLAR TREE LTD,DLTR
DOLLAR TREE PLC,DLTR
DOLLARAMA INC,DOLTO
DOMINION ENERGY,D
DOMINION ENERGY CO,D
DOMINION ENERGY COMPANY,D
DOMINION ENERGY CORP,D
DOMINION ENERGY CORPORATION,D
DOMINION ENERGY INC,D
DOMINION ENERGY INC.,D
DOMINION ENERGY LTD,D
DOMINION ENERGY PLC,D
DOMINION RESOURCES INC/VA,
DOMINO'S,DPZ
DOMINO'S CO,DPZ
DOMINO'S COMPANY,DPZ
DOMINO'S CORP,DPZ
DOMINO'S CORPORATION,DPZ
DOMINO'S INC,DPZ
DOMINO'S INC.,DPZ
DOMINO'S LTD,DPZ
DOMINO'S PIZZA INC,DPZ
DOMINO'S PLC,DPZ
DOMINOS PIZZA INC,DPZ
DONGFANG ELECTRIC CORP LTD-A,
DOORDASH,DASH
DOORDASH CO,DASH
DOORDASH COMPANY,DASH
DOORDASH CORP,DASH
DOORDASH CORPORATION,DASH
DOORDASH INC,DASH
DOORDASH INC - A,
DOORDASH INC.,DASH
DOORDASH LTD,DASH
DOORDASH PLC,DASH
DOUGLAS EMMETT INC,DEI
DOVER,DOV
DOVER CO,DOV
DOVER COMPANY,DOV
DOVER CORP,DOV
DOVER CORPORATION,DOV
DOVER INC,DOV
DOVER INC.,DOV
DOVER LTD,DOV
DOVER PLC,DOV
DOW,DOW
DOW 2.1 11/15/30,
DOW 3.6 11/15/50,
DOW 4.8 01/15/31,
DOW CO,DOW
DOW COMPANY,DOW
DOW CORP,DOW
DOW CORPORATION,DOW
DOW INC,DOW
DOW INC.,DOW
DOW Inc,DOW
DOW LTD,DOW
DOW PLC,DOW
DOWA HOLDINGS CO LTD,DMIF
DR HORTON INC,DHI
DR Horton Inc,DHI
DR. REDDYS LABORATORIES,RDY
DRAFTKINGS INC,DKNG
DRB동일,004840
DSM-Firmenich AG,DSFIRAS
DSR,155660
DSR제강,069730
DSV A/S,DSVCO
DS단석,017860
DT 8 1/4 06/15/30,
DTE 5.2 04/01/30,
DTE ENERGY,DTE
DTE ENERGY CO,DTE
DTE ENERGY COMPANY,DTE
DTE ENERGY CORP,DTE
DTE ENERGY CORPORATION,DTE
DTE ENERGY INC,DTE
DTE ENERGY INC.,DTE
DTE ENERGY LTD,DTE
DTE ENERGY PLC,DTE
DTE Energy,DTE
DTE_ENERGY,
DTRGR 5 1/8 01/19/28,
DUFRY AG-REG,
DUK 3.95 03/15/48,
DUK 4 09/30/42,
DUK 4 1/2 08/15/32,
DUK 5.8 06/15/54,
DUKE ENERGY,DUK
DUKE ENERGY CO,DUK
DUKE ENERGY COMPANY,DUK
DUKE ENERGY CORP,DUK
DUKE ENERGY CORPORATION,DUK
DUKE ENERGY INC,DUK
DUKE ENERGY INC.,DUK
DUKE ENERGY LTD,DUK
DUKE ENERGY PLC,DUK
DUPONT,DD
DUPONT CO,DD
DUPONT COMPANY,DD
DUPONT CORP,DD
DUPONT CORPORATION,DD
DUPONT DE NEMOURS,DD
DUPONT DE NEMOURS INC,DD
DUPONT INC,DD
DUPONT INC.,DD
DUPONT LTD,DD
DUPONT PLC,DD
DVN 5.2 09/15/34,
DYP,092780
DaVita,DVA
DaVita Inc,DVA
Dai Nippon Printing Co Ltd,7912.T
Daiichi Life Group Inc,DLICY
Danaher Corporation,DHR
Daqin Railway Co Ltd,601006.SS
Darden Restaurants,DRI
Datadog,DDOG
Datadog Inc,DDOG
Dawning Information Industry Co Ltd,603019.SS
Deckers Brands,DECK
Deckers Outdoor Corp,DECK
Deere & Company,DE
Dell Technologies,DELL
Dell Technologies Inc,DELL
Delta Air Lines,DAL
Delta Air Lines Inc,DAL
Descartes Systems Group Inc/Th,DSGNE
Devon Energy,DVN
Devon Energy Corp,DVN
DexCom,DXCM
Dexcom,DXCM
Dexcom Inc,DXCM
Diamondback Energy,FANG
Diamondback Energy Inc,FANG
Digital Realty,DLR
Digital Realty Trust Inc,DLR
Disco Corp,WBD
Dollar General,DG
Dollar Tree,DLTR
Dollar Tree Inc,DLTR
Dominion Energy,D
Domino's,DPZ
Domino's Pizza Inc,DPZ
Dongfang Electric Corp Ltd,600875.SS
DoorDash,DASH
DoorDash Inc,DASH
Dover Corporation,DOV
Dow Inc,DOW
Dow Inc.,DOW
Dow Jones US REAL 2026 06,
Dr Ing hc F Porsche AG,P91ASG
Dr Reddy's Laboratories Ltd,RDY
DuPont,DD
Duke Energy,DUK
E-mini Russell 2000 2026 06,
E.ON SE,EOANDE
E1,017940
EAST JAPAN RAILWAY CO,EJPRY
EAST MONEY INFORMATION CO-A,
EAST WEST BANCORP INC,EWBC
EASTERLY GOVERNMENT PROPERTI,DEA
EASTGROUP PROPERTIES INC,EGP
EASTROC BEVERAGE GROUP CO -A,605499.SS
EATON,ETN
EATON CO,ETN
EATON COMPANY,ETN
EATON CORP,ETN
EATON CORP PLC,ETN
EATON CORPORATION,ETN
EATON INC,ETN
EATON INC.,ETN
EATON LTD,ETN
EATON PLC,ETN
EBARA CORP,6361.T
EBAY,EBAY
EBAY CO,EBAY
EBAY COMPANY,EBAY
EBAY CORP,EBAY
EBAY CORPORATION,EBAY
EBAY INC,EBAY
EBAY INC.,EBAY
EBAY LTD,EBAY
EBAY PLC,EBAY
ECHOSTAR,SATS
ECHOSTAR CO,SATS
ECHOSTAR COMPANY,SATS
ECHOSTAR CORP,SATS
ECHOSTAR CORP-A,1SATSMI
ECHOSTAR CORPORATION,SATS
ECHOSTAR INC,SATS
ECHOSTAR INC.,SATS
ECHOSTAR LTD,SATS
ECHOSTAR PLC,SATS
ECOLAB,ECL
ECOLAB CO,ECL
ECOLAB COMPANY,ECL
ECOLAB CORP,ECL
ECOLAB CORPORATION,ECL
ECOLAB INC,ECL
ECOLAB INC.,ECL
ECOLAB LTD,ECL
ECOLAB PLC,ECL
ECOPETROL SA-SPONSORED ADR,
ED 5.7 05/15/54,
EDISON INTERNATIONAL,EIX
EDISON INTERNATIONAL CO,EIX
EDISON INTERNATIONAL COMPANY,EIX
EDISON INTERNATIONAL CORP,EIX
EDISON INTERNATIONAL CORPORATION,EIX
EDISON INTERNATIONAL INC,EIX
EDISON INTERNATIONAL INC.,EIX
EDISON INTERNATIONAL LTD,EIX
EDISON INTERNATIONAL PLC,EIX
EDP RENOVAVEIS SA,EDPRUXD
EDP SA,EDPUXD
EDP-ENERGIAS DE PORTUGAL SA,ELCPF
EDWARDS LIFESCIENCES,EW
EDWARDS LIFESCIENCES CO,EW
EDWARDS LIFESCIENCES COMPANY,EW
EDWARDS LIFESCIENCES CORP,EW
EDWARDS LIFESCIENCES CORPORATION,EW
EDWARDS LIFESCIENCES INC,EW
EDWARDS LIFESCIENCES INC.,EW
EDWARDS LIFESCIENCES LTD,EW
EDWARDS LIFESCIENCES PLC,EW
EIBKOR 2 5/8 05/26/26,
EIBKOR 3 1/4 08/12/26,
EIBKOR 4.25 09/15/27,
EICHER MOTORS LTD,EICHERMOTNS
EIFFAGE,FGRPA
EISAI,ESAIY
EISAI CO LTD,ESAIY
ELBIT SYSTEMS,ESLT
ELECTRONIC ARTS,EA
ELECTRONIC ARTS CO,EA
ELECTRONIC ARTS COMPANY,EA
ELECTRONIC ARTS CORP,EA
ELECTRONIC ARTS CORPORATION,EA
ELECTRONIC ARTS INC,EA
ELECTRONIC ARTS INC.,EA
ELECTRONIC ARTS LTD,EA
ELECTRONIC ARTS PLC,EA
ELEMENT FINANCIAL CORP,
ELEVANCE HEALTH,ELV
ELEVANCE HEALTH CO,ELV
ELEVANCE HEALTH COMPANY,ELV
ELEVANCE HEALTH CORP,ELV
ELEVANCE HEALTH CORPORATION,ELV
ELEVANCE HEALTH INC,ELV
ELEVANCE HEALTH INC.,ELV
ELEVANCE HEALTH LTD,ELV
ELEVANCE HEALTH PLC,ELV
ELI LILLY & CO,LLY
ELIA GROUP SA/NV,ELIBR
ELISA OYJ,ELISAHE
ELV 3.6 03/15/51,
ELV 4.6 09/15/32,
ELV 5 01/15/36,
ELV 5.7 02/15/55,
EMBRAER SA-SPON ADR,
EMCOR,EME
EMCOR CO,EME
EMCOR COMPANY,EME
EMCOR CORP,EME
EMCOR CORPORATION,EME
EMCOR GROUP INC,EME
EMCOR Group Inc,EME
EMCOR INC,EME
EMCOR INC.,EME
EMCOR LTD,EME
EMCOR PLC,EME
EMERA,EEX
EMERSON ELECTRIC,EMR
EMERSON ELECTRIC CO,EMR
EMERSON ELECTRIC COMPANY,EMR
EMERSON ELECTRIC CORP,EMR
EMERSON ELECTRIC CORPORATION,EMR
EMERSON ELECTRIC INC,EMR
EMERSON ELECTRIC INC.,EMR
EMERSON ELECTRIC LTD,EMR
EMERSON ELECTRIC PLC,EMR
EMERSON_ELECTRIC,
EMN 5 5/8 02/20/34,
EMPIRE CO LTD 'A',
EMPIRE STATE REALTY TRUST-A,
EMPYREAN TECHNOLOGY CO LTD-A,
EMS-CHEMIE HOLDING AG-REG,
ENBCN 5.55 06/20/35,
ENBCN 5.95 04/05/54,
ENBCN 6.2 11/15/30,
ENBRIDGE INC,ENB
ENDESA SA,ELEEXC
ENEL SPA,ENELMI
ENEOS HOLDINGS,5020.T
ENEOS HOLDINGS INC,5020.T
ENGIE,7TE1F
ENI SPA,E
ENN ENERGY HOLDINGS LTD,XGH0F
ENN NATURAL GAS CO LTD-A,
ENN Natural Gas Co Ltd,600803.SS
ENNIS INC,
ENTEGRIS INC,ENTG
ENTERGY,ETR
ENTERGY CO,ETR
ENTERGY COMPANY,ETR
ENTERGY CORP,ETR
ENTERGY CORPORATION,ETR
ENTERGY INC,ETR
ENTERGY INC.,ETR
ENTERGY LTD,ETR
ENTERGY PLC,ETR
EOG 5 07/15/32,
EOG 5.35 01/15/36,
EOG RESOURCES,EOG
EOG RESOURCES CO,EOG
EOG RESOURCES COMPANY,EOG
EOG RESOURCES CORP,EOG
EOG RESOURCES CORPORATION,EOG
EOG RESOURCES INC,EOG
EOG RESOURCES INC.,EOG
EOG RESOURCES LTD,EOG
EOG RESOURCES PLC,EOG
EOG Resources,EOG
EOG Resources Inc,EOG
EOPTOLINK TECHNOLOGY INC L-A,
EPAM SYSTEMS,EPAM
EPAM SYSTEMS CO,EPAM
EPAM SYSTEMS COMPANY,EPAM
EPAM SYSTEMS CORP,EPAM
EPAM SYSTEMS CORPORATION,EPAM
EPAM SYSTEMS INC,EPAM
EPAM SYSTEMS INC.,EPAM
EPAM SYSTEMS LTD,EPAM
EPAM SYSTEMS PLC,EPAM
EPAM Systems,EPAM
EPAM Systems Inc,EPAM
EPD 3.3 02/15/53,
EPD 3.95 02/15/27,
EPD 4.45 02/15/43,
EPD 4.85 03/15/44,
EPD 4.9 05/15/46,
EPD 5.1 02/15/45,
EPIROC AB-A,
EPIROC AB-B,
EPR PROPERTIES,EPR
EQH 5 04/20/48,
EQIX 3.9 04/15/32,
EQT,EQT
EQT 4 3/4 01/15/31,
EQT AB,6EQF
EQT CO,EQT
EQT COMPANY,EQT
EQT CORP,EQT
EQT CORPORATION,EQT
EQT Corp,EQT
EQT Corporation,EQT
EQT INC,EQT
EQT INC.,EQT
EQT LTD,EQT
EQT PLC,EQT
EQUIFAX,EFX
EQUIFAX CO,EFX
EQUIFAX COMPANY,EFX
EQUIFAX CORP,EFX
EQUIFAX CORPORATION,EFX
EQUIFAX INC,EFX
EQUIFAX INC.,EFX
EQUIFAX LTD,EFX
EQUIFAX PLC,EFX
EQUINIX,EQIX
EQUINIX CO,EQIX
EQUINIX COMPANY,EQIX
EQUINIX CORP,EQIX
EQUINIX CORPORATION,EQIX
EQUINIX INC,EQIX
EQUINIX INC.,EQIX
EQUINIX LTD,EQIX
EQUINIX PLC,EQIX
EQUINOR ASA,EQNR
EQUITABLE HOLDINGSDES,
EQUITY LIFESTYLE PROPERTIES,ELS
EQUITY RESIDENTIAL,EQR
EQUITY RESIDENTIAL CO,EQR
EQUITY RESIDENTIAL COMPANY,EQR
EQUITY RESIDENTIAL CORP,EQR
EQUITY RESIDENTIAL CORPORATION,EQR
EQUITY RESIDENTIAL INC,EQR
EQUITY RESIDENTIAL INC.,EQR
EQUITY RESIDENTIAL LTD,EQR
EQUITY RESIDENTIAL PLC,EQR
ERICSSON LM-B SHS,
ERIE INDEMNITY,ERIE
ERIE INDEMNITY CO,ERIE
ERIE INDEMNITY COMPANY,ERIE
ERIE INDEMNITY COMPANY-CL A,
ERIE INDEMNITY CORP,ERIE
ERIE INDEMNITY CORPORATION,ERIE
ERIE INDEMNITY INC,ERIE
ERIE INDEMNITY INC.,ERIE
ERIE INDEMNITY LTD,ERIE
ERIE INDEMNITY PLC,ERIE
ERIE INDEMNITY-A,
ERSTE GROUP BANK AG,EBSVI
ESR켄달스퀘어리츠,365550
ESSENTIAL PROPERTIES REALTY,EPRT
ESSEX PROPERTY TRUST,ESS
ESSEX PROPERTY TRUST CO,ESS
ESSEX PROPERTY TRUST COMPANY,ESS
ESSEX PROPERTY TRUST CORP,ESS
ESSEX PROPERTY TRUST CORPORATION,ESS
ESSEX PROPERTY TRUST INC,ESS
ESSEX PROPERTY TRUST INC.,ESS
ESSEX PROPERTY TRUST LTD,ESS
ESSEX PROPERTY TRUST PLC,ESS
ESSEX PROPERTY TST,
ESSILOR LUXOTTICA,
ESSILORLUXOTTICA,ELPA
ESSITY AKTIEBO-B,
ESTEE LAUDER COMPANIES-CL A,ESLAVI
ESTÉE LAUDER COMPANIES (THE),EL
ESTÉE LAUDER COMPANIES (THE) CO,EL
ESTÉE LAUDER COMPANIES (THE) COMPANY,EL
ESTÉE LAUDER COMPANIES (THE) CORP,EL
ESTÉE LAUDER COMPANIES (THE) CORPORATION,EL
ESTÉE LAUDER COMPANIES (THE) INC,EL
ESTÉE LAUDER COMPANIES (THE) INC.,EL
ESTÉE LAUDER COMPANIES (THE) LTD,EL
ESTÉE LAUDER COMPANIES (THE) PLC,EL
ET 5.6 09/01/34,
ET 6.05 09/01/54,
ET 6.2 04/01/55,
ETERNAL LTD,ETERNALBO
ETHAN ALLEN INTERIOR,ETD
ETHAN ALLEN INTERIORS INC,ETD
ETP 5 05/15/50,
ETP 5 1/4 04/15/29,
EUROFINS SCIENTIFIC,ERFPA
EURONEXT NV,QDVKMU
EVE ENERGY CO LTD-A,
EVERBRIGHT SECURITIE CO -A,0ECF
EVEREST GROUP,EG
EVEREST GROUP CO,EG
EVEREST GROUP COMPANY,EG
EVEREST GROUP CORP,EG
EVEREST GROUP CORPORATION,EG
EVEREST GROUP INC,EG
EVEREST GROUP INC.,EG
EVEREST GROUP LTD,EG
EVEREST GROUP PLC,EG
EVERGY,EVRG
EVERGY CO,EVRG
EVERGY COMPANY,EVRG
EVERGY CORP,EVRG
EVERGY CORPORATION,EVRG
EVERGY INC,EVRG
EVERGY INC.,EVRG
EVERGY LTD,EVRG
EVERGY PLC,EVRG
EVERPURE INC,P
EVERSOURCE ENERGY,ES
EVERSOURCE ENERGY CO,ES
EVERSOURCE ENERGY COMPANY,ES
EVERSOURCE ENERGY CORP,ES
EVERSOURCE ENERGY CORPORATION,ES
EVERSOURCE ENERGY INC,ES
EVERSOURCE ENERGY INC.,ES
EVERSOURCE ENERGY LTD,ES
EVERSOURCE ENERGY PLC,ES
EVOLUTION GAMING GROUP,E3G1SG
EVOLUTION MINING LTD,EVMNY
EVONIK INDUSTRIES AG,EVKDE
EXC 4.45 04/15/46,
EXC 4.95 03/15/36,
EXELON,EXC
EXELON CO,EXC
EXELON COMPANY,EXC
EXELON CORP,EXC
EXELON CORPORATION,EXC
EXELON INC,EXC
EXELON INC.,EXC
EXELON LTD,EXC
EXELON PLC,EXC
EXOR NV,EXOAS
EXPAND ENERGY,EXE
EXPAND ENERGY CO,EXE
EXPAND ENERGY COMPANY,EXE
EXPAND ENERGY CORP,EXE
EXPAND ENERGY CORPORATION,EXE
EXPAND ENERGY INC,EXE
EXPAND ENERGY INC.,EXE
EXPAND ENERGY LTD,EXE
EXPAND ENERGY PLC,EXE
EXPEDIA GROUP,EXPE
EXPEDIA GROUP CO,EXPE
EXPEDIA GROUP COMPANY,EXPE
EXPEDIA GROUP CORP,EXPE
EXPEDIA GROUP CORPORATION,EXPE
EXPEDIA GROUP INC,EXPE
EXPEDIA GROUP INC.,EXPE
EXPEDIA GROUP LTD,EXPE
EXPEDIA GROUP PLC,EXPE
EXPEDIA INC,EXPE
EXPEDITORS INTERNATIONAL,EXPD
EXPEDITORS INTERNATIONAL CO,EXPD
EXPEDITORS INTERNATIONAL COMPANY,EXPD
EXPEDITORS INTERNATIONAL CORP,EXPD
EXPEDITORS INTERNATIONAL CORPORATION,EXPD
EXPEDITORS INTERNATIONAL INC,EXPD
EXPEDITORS INTERNATIONAL INC.,EXPD
EXPEDITORS INTERNATIONAL LTD,EXPD
EXPEDITORS INTERNATIONAL PLC,EXPD
EXPEDITORS INTL WASH INC,
EXPERIAN PLC,EXPNL
EXTRA SPACE STORAGE,EXR
EXTRA SPACE STORAGE CO,EXR
EXTRA SPACE STORAGE COMPANY,EXR
EXTRA SPACE STORAGE CORP,EXR
EXTRA SPACE STORAGE CORPORATION,EXR
EXTRA SPACE STORAGE INC,EXR
EXTRA SPACE STORAGE INC.,EXR
EXTRA SPACE STORAGE LTD,EXR
EXTRA SPACE STORAGE PLC,EXR
EXXON MOBIL CORP,XOM
EXXONMOBIL,XOM
EXXONMOBIL CO,XOM
EXXONMOBIL COMPANY,XOM
EXXONMOBIL CORP,XOM
EXXONMOBIL CORPORATION,XOM
EXXONMOBIL INC,XOM
EXXONMOBIL INC.,XOM
EXXONMOBIL LTD,XOM
EXXONMOBIL PLC,XOM
EXXON_MOBIL,
East Money Information Co Ltd,300059.SZ
East West Bancorp Inc,EWBC
Eastroc Beverage Group Co Ltd,605499.SS
Eaton Corporation,ETN
Ebara Corp,6361.T
EchoStar,SATS
EchoStar Corp,SATS
Ecolab,ECL
Ecolab Inc,ECL
Edison International,EIX
Edison International Common Stock,
Edwards Lifesciences,EW
Edwards Lifesciences Corp,EW
Eicher Motors Ltd,EICHERMOTNS
Electronic Arts,EA
Electronic Arts Inc,EA
Elevance Health,ELV
Eli Lilly & Co,LLY
Emcor,EME
Emerson Electric,EMR
Emini S&P500 FUT(ES) 2026 06,
Empyrean Technology Co Ltd,301269.SZ
Endeavour Mining PLC,EDVTO
Ennis Inc,
Entergy,ETR
Eoptolink Technology Inc Ltd,300502.SZ
Equifax,EFX
Equinix,EQIX
Equinix Inc,EQIX
Equity Residential,EQR
Erie Indemnity,ERIE
Erie Indemnity Co,ERIE
Essex Property Trust,ESS
Estee Lauder Cos Inc/The,ELAADXD
Estée Lauder Companies (The),EL
Ethan Allen Interiors Inc,ETD
Everbright Securities Co Ltd,0ECF
Everest Group,EG
Everest Group Ltd.,EG
Evergy,EVRG
Evergy Inc,EVRG
Eversource Energy,ES
Exelon,EXC
Expand Energy,EXE
Expand Energy Corp,EXE
Expedia Group,EXPE
Expedia Group Inc,EXPE
Expeditors International,EXPD
Expeditors International of Washington I,EXPD
Extra Space Storage,EXR
Extra Space Storage Inc,EXR
ExxonMobil,XOM
F 4 11/13/30,
F 4 3/4 01/15/43,
F 5.303 09/06/29,
F 7.122 11/07/33,
F&F,383220
F&F홀딩스,007700
F5,FFIV
F5 CO,FFIV
F5 COMPANY,FFIV
F5 CORP,FFIV
F5 CORPORATION,FFIV
F5 INC,FFIV
F5 INC.,FFIV
F5 LTD,FFIV
F5 NETWORKS INC,FFIV
F5 PLC,FFIV
"F5, INC.",FFIV
"F5, Inc.",FFIV
FACTSET,FDS
FACTSET CO,FDS
FACTSET COMPANY,FDS
FACTSET CORP,FDS
FACTSET CORPORATION,FDS
FACTSET INC,FDS
FACTSET INC.,FDS
FACTSET LTD,FDS
FACTSET PLC,FDS
FACTSET RESEARCH SYSTEMS,FDS
FACTSET RESEARCH SYSTEMS INC,FDS
FAIR ISAAC,FICO
FAIR ISAAC CO,FICO
FAIR ISAAC COMPANY,FICO
FAIR ISAAC CORP,FICO
FAIR ISAAC CORPORATION,FICO
FAIR ISAAC INC,FICO
FAIR ISAAC INC.,FICO
FAIR ISAAC LTD,FICO
FAIR ISAAC PLC,FICO
FAIRFAX FINANCIAL HLDGS LTD,FRFFF
FANG 5 3/4 04/18/54,
FANG 5.55 04/01/35,
FANUC,6954.T
FANUC CORP,6954.T
FAR EAST HORIZON LTD,FEZHF
FAST RETAILING,9983.T
FAST RETAILING CO LTD,9983.T
FASTENAL,FAST
FASTENAL CO,FAST
FASTENAL COMPANY,FAST
FASTENAL CORP,FAST
FASTENAL CORPORATION,FAST
FASTENAL INC,FAST
FASTENAL INC.,FAST
FASTENAL LTD,FAST
FASTENAL PLC,FAST
FASTIGHETS AB BALDER-B SHRS,
FCX 5.45 03/15/43,
FDX 4.65 03/15/31,
FEDERAL AGRIC MTG CORP-CL C,
FEDERAL REALTY INVESTMENT TRUST,FRT
FEDERAL REALTY INVESTMENT TRUST CO,FRT
FEDERAL REALTY INVESTMENT TRUST COMPANY,FRT
FEDERAL REALTY INVESTMENT TRUST CORP,FRT
FEDERAL REALTY INVESTMENT TRUST CORPORATION,FRT
FEDERAL REALTY INVESTMENT TRUST INC,FRT
FEDERAL REALTY INVESTMENT TRUST INC.,FRT
FEDERAL REALTY INVESTMENT TRUST LTD,FRT
FEDERAL REALTY INVESTMENT TRUST PLC,FRT
FEDERAL REALTY INVS TRUST,
FEDERATED HERMES INC,FHI
FEDEX,FDX
FEDEX CO,FDX
FEDEX COMPANY,FDX
FEDEX CORP,FDX
FEDEX CORPORATION,FDX
FEDEX INC,FDX
FEDEX INC.,FDX
FEDEX LTD,FDX
FEDEX PLC,FDX
FERRARI NV,RACE
FERROVIAL,FER
FERROVIAL CO,FER
FERROVIAL COMPANY,FER
FERROVIAL CORP,FER
FERROVIAL CORPORATION,FER
FERROVIAL INC,FER
FERROVIAL INC.,FER
FERROVIAL LTD,FER
FERROVIAL NV,FER
FERROVIAL PLC,FER
FI 4 3/4 03/15/30,
FI 4.4 07/01/49,
FI 4.55 02/15/31,
FIDELITY NATIONAL FINANCIAL,FNF
FIDELITY NATIONAL INFO SERV,FIS
FIDELITY NATIONAL INFORMATION SERVICES,FIS
FIDELITY NATIONAL INFORMATION SERVICES CO,FIS
FIDELITY NATIONAL INFORMATION SERVICES COMPANY,FIS
FIDELITY NATIONAL INFORMATION SERVICES CORP,FIS
FIDELITY NATIONAL INFORMATION SERVICES CORPORATION,FIS
FIDELITY NATIONAL INFORMATION SERVICES I,FIS
FIDELITY NATIONAL INFORMATION SERVICES INC,FIS
FIDELITY NATIONAL INFORMATION SERVICES INC.,FIS
FIDELITY NATIONAL INFORMATION SERVICES LTD,FIS
FIDELITY NATIONAL INFORMATION SERVICES PLC,FIS
FIFTH THIRD BANCORP,FITB
FIFTH THIRD BANCORP CO,FITB
FIFTH THIRD BANCORP COMPANY,FITB
FIFTH THIRD BANCORP CORP,FITB
FIFTH THIRD BANCORP CORPORATION,FITB
FIFTH THIRD BANCORP INC,FITB
FIFTH THIRD BANCORP INC.,FITB
FIFTH THIRD BANCORP LTD,FITB
FIFTH THIRD BANCORP PLC,FITB
FINECO BANK,
FIRST CITIZENS BCSHS  -CL A,
FIRST FINANCIAL CORP,FFIN
FIRST INDUSTRIAL REALTY TR,FR
FIRST QUANTUM MINERALS LTD,FMTO
FIRST SOLAR,FSLR
FIRST SOLAR CO,FSLR
FIRST SOLAR COMPANY,FSLR
FIRST SOLAR CORP,FSLR
FIRST SOLAR CORPORATION,FSLR
FIRST SOLAR INC,FSLR
FIRST SOLAR INC.,FSLR
FIRST SOLAR LTD,FSLR
FIRST SOLAR PLC,FSLR
FIRSTENERGY,FE
FIRSTENERGY CO,FE
FIRSTENERGY COMPANY,FE
FIRSTENERGY CORP,FE
FIRSTENERGY CORPORATION,FE
FIRSTENERGY INC,FE
FIRSTENERGY INC.,FE
FIRSTENERGY LTD,FE
FIRSTENERGY PLC,FE
FIRST_SOLAR,
FISERV,FISV
FISERV CO,FISV
FISERV COMPANY,FISV
FISERV CORP,FISV
FISERV CORPORATION,FISV
FISERV INC,FISV
FISERV INC.,FISV
FISERV LTD,FISV
FISERV PLC,FISV
FISHER&PAYKEL HEALTHCARE,FPHNZ
FLOWERS FOODS INC,FLO
FLUTTER ENTERTAINMENT PLC,FLUT
FNF GROUP,
FNF Group,
FOCUS MEDIA INFO TECH,002027.SZ
FOCUS MEDIA INFORMATION TE-A,
FOMENTO ECONOMICO MEX-SP ADR,
FORD MOTOR,F
FORD MOTOR CO,F
FORD MOTOR COMPANY,F
FORD MOTOR CORP,F
FORD MOTOR CORPORATION,F
FORD MOTOR INC,F
FORD MOTOR INC.,F
FORD MOTOR LTD,F
FORD MOTOR PLC,F
FORTESCUE METALS GROUP LTD,FVJMU
FORTINET,FTNT
FORTINET CO,FTNT
FORTINET COMPANY,FTNT
FORTINET CORP,FTNT
FORTINET CORPORATION,FTNT
FORTINET INC,FTNT
FORTINET INC.,FTNT
FORTINET LTD,FTNT
FORTINET PLC,FTNT
FORTIS INC,FTSTO
FORTIVE,FTV
FORTIVE CO,FTV
FORTIVE COMPANY,FTV
FORTIVE CORP,FTV
FORTIVE CORPORATION,FTV
FORTIVE INC,FTV
FORTIVE INC.,FTV
FORTIVE LTD,FTV
FORTIVE PLC,FTV
FORTUM OYJ,FORTUMHE
FOSHAN HAITIAN FLAVOURING -A,603288.SS
FOUNDER SECURITIES CO LTD-A,
FOUR CORNERS PROPERTY TRUST,4Z1MU
FOX CORP - CLASS A,
FOX CORP - CLASS B,
FOX CORPORATION (CLASS A),FOXA
FOX CORPORATION (CLASS A) CO,FOXA
FOX CORPORATION (CLASS A) COMPANY,FOXA
FOX CORPORATION (CLASS A) CORP,FOXA
FOX CORPORATION (CLASS A) CORPORATION,FOXA
FOX CORPORATION (CLASS A) INC,FOXA
FOX CORPORATION (CLASS A) INC.,FOXA
FOX CORPORATION (CLASS A) LTD,FOXA
FOX CORPORATION (CLASS A) PLC,FOXA
FOX CORPORATION (CLASS B),FOX
FOX CORPORATION (CLASS B) CO,FOX
FOX CORPORATION (CLASS B) COMPANY,FOX
FOX CORPORATION (CLASS B) CORP,FOX
FOX CORPORATION (CLASS B) CORPORATION,FOX
FOX CORPORATION (CLASS B) INC,FOX
FOX CORPORATION (CLASS B) INC.,FOX
FOX CORPORATION (CLASS B) LTD,FOX
FOX CORPORATION (CLASS B) PLC,FOX
FOX Corp Class A,
FOX Corp Class B,
FOXA 5.476 01/25/39,
FOXCONN INDUSTRIAL INTERNE-A,
FOXCONN INDUSTRY,
FRANCO-NEVADA CORP,FNV
FRANKLIN RESOURCES,BEN
FRANKLIN RESOURCES CO,BEN
FRANKLIN RESOURCES COMPANY,BEN
FRANKLIN RESOURCES CORP,BEN
FRANKLIN RESOURCES CORPORATION,BEN
FRANKLIN RESOURCES INC,BEN
FRANKLIN RESOURCES INC.,BEN
FRANKLIN RESOURCES LTD,BEN
FRANKLIN RESOURCES PLC,BEN
FRANKLIN_RESOURCES,
FREEPORT-MCMORAN,FCX
FREEPORT-MCMORAN CO,FCX
FREEPORT-MCMORAN COMPANY,FCX
FREEPORT-MCMORAN CORP,FCX
FREEPORT-MCMORAN CORPORATION,FCX
FREEPORT-MCMORAN INC,FCX
FREEPORT-MCMORAN INC.,FCX
FREEPORT-MCMORAN LTD,FCX
FREEPORT-MCMORAN PLC,FCX
FRESENIUS MEDICAL CARE AG,4FMETI
FRESENIUS MEDICAL CARE AG &,FMEHA
FRESENIUS SE & CO KGAA,FREDE
FRESNILLO PLC,FRESL
FTAI Aviation Ltd,FTAI
FUJI ELECTRIC CO LTD,FJEDU
FUJI PHOTO Ltd,
FUJIFILM HOLDINGS CORP,FJIMU
FUJIKURA LTD,FJKSG
FUJITSU,6702.T
FUJITSU LIMITED,6702.T
FUKUOKA FINANCIAL GROUP INC,FKKFF
FURUKAWA ELECTRIC CO LTD,5801.T
FUYAO GLASS INDUSTRY GROUP-A,
FUYAO GLASS INDUSTRY GROUP-H,
FUYAO GROUP GLASS INDUSTR-A,
FX스왑 USD 260324-50,
FX스왑 USD 260416-20,
FX스왑 USD 260423-92,
FX스왑 USD 260423-93,
FX스왑 USD 260428-35,
FX스왑 USD 260429-97,
FX스왑 USD 260504-02,
FX스왑 USD 260504-03,
FX스왑 USD 260507-07,
FX스왑 USD 260507-28,
FactSet,FDS
Fair Isaac,FICO
Fair Isaac Corp,FICO
Fastenal,FAST
Fastenal Co,FAST
FedEx,FDX
FedEx Corp,FDX
Federal Agricultural Mortgage,353F
Federal Realty Investment Trust,FRT
Federated Hermes Inc,FHI
Ferguson PLC,FERG
Ferrovial,FER
Ferrovial NV,FER
Fidelity National Information Services,FIS
Fifth Third Bancorp,FITB
Financiere de Tubize SA,TUBBXC
First Financial Corp,FFIN
First Solar,FSLR
FirstEnergy,FE
FirstService Corp,FSV
Fiserv,FISV
Fiserv Inc,FISV
Flextronics International Ltd,FLEX
Flowers Foods Inc,FLO
Focus Media Information Technology Co Lt,002027.SZ
Ford Motor Co,F
Ford Motor Company,F
Fortinet,FTNT
Fortinet Inc,FTNT
Fortive,FTV
Fortive Corp,FTV
Foshan Haitian Flavouring & Food Co Ltd,
Founder Securities Co Ltd,601901.SS
Fox Corp,FOX
Fox Corporation (Class A),FOXA
Fox Corporation (Class B),FOX
Foxconn Industrial Internet Co Ltd,601138.SS
Franklin Resources,BEN
Freeport-McMoRan,FCX
Freeport-McMoRan Inc,FCX
Fujikura Ltd,FJKSG
Futu Holdings Ltd,FUTU
Fuyao Glass Industry Group Co Ltd,3606.HK
GALAXY ENTERTAINMENT GROUP L,GXYYY
GALP ENERGIA SGPS SA,GZ5DU
GAMING AND LEISURE PROPERTIE,GLPI
GANFENG LITHIUM GROUP CO L-A,
GANFENG LITHIUM GROUP CO L-H,
GANFENG LITHIUM GROUP CO LTD,GNENF
GARMIN,GRMN
GARMIN CO,GRMN
GARMIN COMPANY,GRMN
GARMIN CORP,GRMN
GARMIN CORPORATION,GRMN
GARMIN INC,GRMN
GARMIN INC.,GRMN
GARMIN LTD,GRMN
GARMIN PLC,GRMN
GARTNER,IT
GARTNER CO,IT
GARTNER COMPANY,IT
GARTNER CORP,IT
GARTNER CORPORATION,IT
GARTNER INC,IT
GARTNER INC.,IT
GARTNER LTD,IT
GARTNER PLC,IT
GAS NATURAL SDG SA,
GCL TECHNOLOGY HOLDINGS LTD,3800.HK
GD 4.95 08/15/35,
GD POWER DEVELOPMENT CO -A,600795.SS
GD Power Development Co Ltd,600795.SS
GDS HOLDINGS LTD-CL A,
GE 4.418 11/15/35,
GE 4.9 01/29/36,
GE AEROSPACE,GE
GE AEROSPACE CO,GE
GE AEROSPACE COMPANY,GE
GE AEROSPACE CORP,GE
GE AEROSPACE CORPORATION,GE
GE AEROSPACE INC,GE
GE AEROSPACE INC.,GE
GE AEROSPACE LTD,GE
GE AEROSPACE PLC,GE
GE Aerospace,GE
GE HEALTHCARE,GEHC
GE HEALTHCARE CO,GEHC
GE HEALTHCARE COMPANY,GEHC
GE HEALTHCARE CORP,GEHC
GE HEALTHCARE CORPORATION,GEHC
GE HEALTHCARE INC,GEHC
GE HEALTHCARE INC.,GEHC
GE HEALTHCARE LTD,GEHC
GE HEALTHCARE PLC,GEHC
GE HEALTHCARE TECHNOLOGY,
GE HealthCare,GEHC
GE HealthCare Technologies Inc,GEHC
GE VERNOVA,GEV
GE VERNOVA CO,GEV
GE VERNOVA COMPANY,GEV
GE VERNOVA CORP,GEV
GE VERNOVA CORPORATION,GEV
GE VERNOVA INC,GEV
GE VERNOVA INC.,GEV
GE VERNOVA LTD,GEV
GE VERNOVA PLC,GEV
GE Vernova,GEV
GE Vernova Inc,GEV
GE Vernova LLC,Y5CSG
GEA GROUP AG,G1ADXC
GEBERIT AG-REG,
GECINA SA,GFCPA
GEELY AUTOMOBILE HOLDINGS LT,GELYF
GEHC 4.8 08/14/29,
GEHC 5.857 03/15/30,
GEHC 6.377 11/22/52,
GEM CO LTD-A,
GEN DIGITAL,GEN
GEN DIGITAL CO,GEN
GEN DIGITAL COMPANY,GEN
GEN DIGITAL CORP,GEN
GEN DIGITAL CORPORATION,GEN
GEN DIGITAL INC,GEN
GEN DIGITAL INC.,GEN
GEN DIGITAL LTD,GEN
GEN DIGITAL PLC,GEN
GENERAC,GNRC
GENERAC CO,GNRC
GENERAC COMPANY,GNRC
GENERAC CORP,GNRC
GENERAC CORPORATION,GNRC
GENERAC HOLDINGS INC,GNRC
GENERAC INC,GNRC
GENERAC INC.,GNRC
GENERAC LTD,GNRC
GENERAC PLC,GNRC
GENERAL AEROSPACE CO,
GENERAL DYNAMICS,GD
GENERAL DYNAMICS CO,GD
GENERAL DYNAMICS COMPANY,GD
GENERAL DYNAMICS CORP,GD
GENERAL DYNAMICS CORPORATION,GD
GENERAL DYNAMICS INC,GD
GENERAL DYNAMICS INC.,GD
GENERAL DYNAMICS LTD,GD
GENERAL DYNAMICS PLC,GD
GENERAL ELECTRIC,GE
GENERAL MILLS,GIS
GENERAL MILLS CO,GIS
GENERAL MILLS COMPANY,GIS
GENERAL MILLS CORP,GIS
GENERAL MILLS CORPORATION,GIS
GENERAL MILLS INC,GIS
GENERAL MILLS INC.,GIS
GENERAL MILLS LTD,GIS
GENERAL MILLS PLC,GIS
GENERAL MOTORS,GM
GENERAL MOTORS CO,GM
GENERAL MOTORS COMPANY,GM
GENERAL MOTORS CORP,GM
GENERAL MOTORS CORPORATION,GM
GENERAL MOTORS INC,GM
GENERAL MOTORS INC.,GM
GENERAL MOTORS LTD,GM
GENERAL MOTORS PLC,GM
GENERALI,BGNMXC
GENMAB A/S,GMABCO
GENSCRIPT BIOTECH CORP,G51MU
GENUINE PARTS,GPC
GENUINE PARTS CO,GPC
GENUINE PARTS COMPANY,GPC
GENUINE PARTS CORP,GPC
GENUINE PARTS CORPORATION,GPC
GENUINE PARTS INC,GPC
GENUINE PARTS INC.,GPC
GENUINE PARTS LTD,GPC
GENUINE PARTS PLC,GPC
GERDAU SA -SPON ADR,
GERMAN AMERICAN BANCORP,GABC
GETLINK,GETPA
GETTY REALTY CORP,GTY
GF SECURITIES CO LTD-A,
GF SECURITIES CO LTD-H,
GF Securities Co Ltd,000776.SZ
GIGADEVICE SEMICONDU,603986.SS
GIGADEVICE SEMICONDUCTO-CL A,
GILD 2.6 10/01/40,
GILD 2.8 10/01/50,
GILD 5.55 10/15/53,
GILDAN ACTIVEWEAR INC,GIL
GILEAD SCIENCES,GILD
GILEAD SCIENCES CO,GILD
GILEAD SCIENCES COMPANY,GILD
GILEAD SCIENCES CORP,GILD
GILEAD SCIENCES CORPORATION,GILD
GILEAD SCIENCES INC,GILD
GILEAD SCIENCES INC.,GILD
GILEAD SCIENCES LTD,GILD
GILEAD SCIENCES PLC,GILD
GILEAD_SCIENCES,
GIS 4 7/8 01/30/30,
GIVAUDAN-REG,
GJENSIDIGE FORSIKRING ASA,XGJ0SG
GKL,GKLTA
GLADSTONE COMMERCIAL CORP,GOOD
GLAXOSMITHKLINE PLC,GLAXONS
GLENCORE PLC,GLENL
GLOBAL NET LEASE INC,2N81F
GLOBAL PAYMENTS,GPN
GLOBAL PAYMENTS CO,GPN
GLOBAL PAYMENTS COMPANY,GPN
GLOBAL PAYMENTS CORP,GPN
GLOBAL PAYMENTS CORPORATION,GPN
GLOBAL PAYMENTS INC,GPN
GLOBAL PAYMENTS INC.,GPN
GLOBAL PAYMENTS LTD,GPN
GLOBAL PAYMENTS PLC,GPN
GLOBAL X CHINA ELECTRIC -HKD,
GLOBALFOUNDRIES INC,GFS
GLOBE LIFE,GL
GLOBE LIFE CO,GL
GLOBE LIFE COMPANY,GL
GLOBE LIFE CORP,GL
GLOBE LIFE CORPORATION,GL
GLOBE LIFE INC,GL
GLOBE LIFE INC.,GL
GLOBE LIFE LTD,GL
GLOBE LIFE PLC,GL
GLPI 5 5/8 09/15/34,
GM 2.7 06/10/31,
GM 4.3 04/06/29,
GM 5 5/8 04/15/30,
GM 5.2 04/01/45,
GM 5.9 01/07/35,
GM 6.15 07/15/35,
GODADDY,GDDY
GODADDY CO,GDDY
GODADDY COMPANY,GDDY
GODADDY CORP,GDDY
GODADDY CORPORATION,GDDY
GODADDY INC,GDDY
GODADDY INC - CLASS A,
GODADDY INC.,GDDY
GODADDY LTD,GDDY
GODADDY PLC,GDDY
GODADDY-A,
GOERTEK INC -A,002241.SZ
GOLD 2026 06,
GOLDMAN SACHS,GS
GOLDMAN SACHS CO,GS
GOLDMAN SACHS COMPANY,GS
GOLDMAN SACHS CORP,GS
GOLDMAN SACHS CORPORATION,GS
GOLDMAN SACHS GP Equity,
GOLDMAN SACHS GROUP INC,GS
GOLDMAN SACHS INC,GS
GOLDMAN SACHS INC.,GS
GOLDMAN SACHS LTD,GS
GOLDMAN SACHS PLC,GS
GOLDMAN_SACHS_GROUP,
GONEO GROUP CO LTD-A,
GOODMAN GROUP,MY4F
GOOGL 1.9 08/15/40,
GOOGL 4.1 02/15/31,
GOOGL 4.1 11/15/30,
GOOGL 4.7 11/15/35,
GOOGL 4.8 02/15/36,
GOOGL 5 1/2 02/15/46,
GOOGL 5 1/4 05/15/55,
GOOGL 5 3/4 02/15/66,
GOOGL 5.65 02/15/56,
GOOGL 5.7 11/15/2075,
GOTION HIGH-TECH CO LTD-A,
GPN 5.55 11/15/35,
GRAB HOLDINGS LTD-CL A,
GRAINGER_(W.W.),
GRASIM INDUSTRIES LTD,GRASIMNS
GREAT WALL MOTOR CO LTD-A,
GREAT WALL MOTOR CO LTD-H,
GREAT-WEST LIFECO INC,GWOTO
GREE ELECTRIC APPLIANCES I-A,
GRIFOLS SA,GRFMC
GROUPE BRUXELLES LAMBERT SA,GBLBY
GRUPO AEROPORTUARIO CEN-ADR,
GRUPO AEROPORTUARIO PAC-ADR,
GRUPO AEROPORTUARIO SUR-ADR,
GRUPO CIBEST SA-ADR,
GRUPO FINANCIERO GALICIA-ADR,
GS,GS
GS 1.992 01/27/32,
GS 2.383 07/21/32,
GS 2.615 04/22/32,
GS 2.65 10/21/32,
GS 3.436 02/24/43,
GS 3.85 01/26/27,
GS 4.411 04/23/39,
GS 5.016 10/23/35,
GS 5.049 07/23/30,
GS 5.218 04/23/31,
GS 5.33 07/23/35,
GS 5.541 01/21/47,
GS 5.561 11/19/45,
GS(CP),
GS(CP)_10,
GS(CP)_2,
GS(CP)_3,
GS(CP)_4,
GS(CP)_5,
GS(CP)_6,
GS(CP)_7,
GS(CP)_8,
GS(CP)_9,
GSK 4 1/2 04/15/30,
GSK 4 7/8 04/15/35,
GS건설,006360
GS글로벌,001250
GS리테일,007070
GS피앤엘,499790
GUANGDONG HAID GROUP,002311.SZ
GUANGDONG HAID GROUP CO-A,
GUANGDONG INVESTMENT LTD,GUGSG
GUANGDONG SHENGYI SCIENCE -A,
GUANGZHOU AUTOMOBILE GROUP-A,
GUANGZHOU TINCI MATERIALS -A,002709.SZ
GUOLIAN MINSHENG SECURITIE-A,
GUOSEN SECURITIES CO LTD-A,
GUOTAI HAITONG SECURITIES CO,GUOSF
GUOTAI HAITONG SECURITIES CO LTD,GUOSF
GUOTAI HAITONG SECURITIES-H,
Galderma Group AG,GALDSW
Garmin,GRMN
Garmin Ltd,GRMN
Gartner,IT
Gartner Inc,IT
Geely Automobile Holdings Limited,GELYF
Gen Digital,GEN
Gen Digital Inc,GEN
Generac,GNRC
Generac Holdings Inc,GNRC
General Aerospace Co,
General Dynamics,GD
General Dynamics Corp,GD
General Mills,GIS
General Motors,GM
Genuine Parts Co,GPC
Genuine Parts Company,GPC
German American Bancorp Inc,GABC
GigaDevice Semiconductor Inc,603986.SS
Gilead Sciences,GILD
Global Payments,GPN
Global Payments Inc,GPN
Globe Life,GL
Globe Life Inc,GL
GoDaddy,GDDY
GoDaddy Inc,GDDY
GoerTek Inc,002241.SZ
Goldman Sachs,GS
Goneo Group Co Ltd,603195.SS
Gongniu Group Co Ltd,
Graco Inc,GGG
Grasim Industries Ltd,GRASIMNS
Gree Electric Appliances Inc of Zhuhai,000651.SZ
Guangdong Haid Group Co Ltd,002311.SZ
Guangzhou Automobile Group Co Ltd,02GMU
Guolian Minsheng Securities Co Ltd,34VF
Guosen Securities Co Ltd,002736.SZ
Guotai Haitong Securities Co Ltd,GUOSF
H WORLD GROUP LTD-ADR,
H.B. FULLER CO.,FUL
HAIDILAO INTERNATIONAL HOLDI,6862.HK
HAIER SMART HOME CO LTD-A,HAI0SG
HAIER SMART HOME CO LTD-H,
HAINAN AIRPORT INFRASTRUCT-A,
HAL 2.92 03/01/30,
HAL 4 3/4 08/01/43,
HALEON PLC,HLN
HALLIBURTON,HAL
HALLIBURTON CO,HAL
HALLIBURTON COMPANY,HAL
HALLIBURTON CORP,HAL
HALLIBURTON CORPORATION,HAL
HALLIBURTON INC,HAL
HALLIBURTON INC.,HAL
HALLIBURTON LTD,HAL
HALLIBURTON PLC,HAL
HALMA,HLMALXC
HANGZHOU HIKVISION DIGITAL-A,
HANGZHOU SILAN MICROELECTR-A,
HANGZHOU TIGERMED CONSULTI-A,
HANKYU HANSHIN HOLDINGS INC,HYUHF
HANMI FINANCIAL CORPORATION,HF7NF
HANNOVER RUECK SE,HNR1DE
HANSOH PHARMACEUTICAL GROUP,3KYF
HARTFORD (THE),HIG
HARTFORD (THE) CO,HIG
HARTFORD (THE) COMPANY,HIG
HARTFORD (THE) CORP,HIG
HARTFORD (THE) CORPORATION,HIG
HARTFORD (THE) INC,HIG
HARTFORD (THE) INC.,HIG
HARTFORD (THE) LTD,HIG
HARTFORD (THE) PLC,HIG
HARTFORD INSURANCE GROUP INC,HIG
HASBRO,HAS
HASBRO CO,HAS
HASBRO COMPANY,HAS
HASBRO CORP,HAS
HASBRO CORPORATION,HAS
HASBRO INC,HAS
HASBRO INC.,HAS
HASBRO LTD,HAS
HASBRO PLC,HAS
HASEKO CORP,JP3768600003SG
HCA 3 1/2 07/15/51,
HCA 3 5/8 03/15/32,
HCA 5 1/4 03/01/30,
HCA 5 1/4 06/15/49,
HCA 5.6 04/01/34,
HCA HEALTHCARE,HCA
HCA HEALTHCARE CO,HCA
HCA HEALTHCARE COMPANY,HCA
HCA HEALTHCARE CORP,HCA
HCA HEALTHCARE CORPORATION,HCA
HCA HEALTHCARE INC,HCA
HCA HEALTHCARE INC.,HCA
HCA HEALTHCARE LTD,HCA
HCA HEALTHCARE PLC,HCA
HCA HOLDINGS INC,HCA
HCA Healthcare,HCA
HCA Holdings Inc,HCA
HCL TECHNOLOGIES LTD,HCLTECHNS
HCL Technologies Ltd,HCLTECHNS
HD 4 1/2 09/15/32,
HD 4.2 04/01/43,
HD 4.65 09/15/35,
HD 4.95 06/25/34,
HD 4.95 09/15/52,
HD 5.3 06/25/54,
HDC,HDCHSW
HDC랩스,039570
HDC현대EP,089470
HDFC BANK LIMITED,HDB
HDFC Bank Ltd,HDB
HDFC LIFE INSURANCE CO LTD,HDFCLIFEBO
HDFC Life Insurance Co Ltd,HDFCLIFEBO
HD건설기계,267270
HD한국조선해양,009540
HD현대,267250
HD현대마린솔루션,443060
HD현대마린엔진,071970
HD현대에너지솔루션,322000
HD현대일렉트릭,267260
HD현대일렉트릭8-2,
HD현대중공업,329180
HEALTHCARE REALTY TRUST INC,HR
HEALTHPEAK PROPERTIES,DOC
HEALTHPEAK PROPERTIES CO,DOC
HEALTHPEAK PROPERTIES COMPANY,DOC
HEALTHPEAK PROPERTIES CORP,DOC
HEALTHPEAK PROPERTIES CORPORATION,DOC
HEALTHPEAK PROPERTIES INC,DOC
HEALTHPEAK PROPERTIES INC.,DOC
HEALTHPEAK PROPERTIES LTD,DOC
HEALTHPEAK PROPERTIES PLC,DOC
HEICO CORP,HEI
HEICO-A,
HEIDELBERG MATERIALS AG,4HEITI
HEIDELBERGCEMENT AG,HEIHA
HEINEKEN HOLDING NV,HKHHY
HEINEKEN NV,HEIANE
HENAN SHUANGHUI INVESTMENT-A,
HENGAN INTL GROUP CO LTD,
HENGLI PETROCHEMICAL CO L-A,
HENKEL AG & CO KGAA,HEN3DE
HENKEL AG & CO KGAA VOR-PREF,
HENKEL AG & CO KGAA VORZUG,
HENNES & MAURITZ AB-B SHS,
HENRY SCHEIN,HSIC
HENRY SCHEIN CO,HSIC
HENRY SCHEIN COMPANY,HSIC
HENRY SCHEIN CORP,HSIC
HENRY SCHEIN CORPORATION,HSIC
HENRY SCHEIN INC,HSIC
HENRY SCHEIN INC.,HSIC
HENRY SCHEIN LTD,HSIC
HENRY SCHEIN PLC,HSIC
HERMES INTERNATIONAL,HMIASG
HERSHEY CO/THE,HSYVI
HERSHEY COMPANY (THE),HSY
HERSHEY COMPANY (THE) CO,HSY
HERSHEY COMPANY (THE) COMPANY,HSY
HERSHEY COMPANY (THE) CORP,HSY
HERSHEY COMPANY (THE) CORPORATION,HSY
HERSHEY COMPANY (THE) INC,HSY
HERSHEY COMPANY (THE) INC.,HSY
HERSHEY COMPANY (THE) LTD,HSY
HERSHEY COMPANY (THE) PLC,HSY
HES 5.6 02/15/41,
HEWLETT PACKARD ENTERPRIS,HPE
HEWLETT PACKARD ENTERPRISE,HPE
HEWLETT PACKARD ENTERPRISE CO,HPE
HEWLETT PACKARD ENTERPRISE COMPANY,HPE
HEWLETT PACKARD ENTERPRISE CORP,HPE
HEWLETT PACKARD ENTERPRISE CORPORATION,HPE
HEWLETT PACKARD ENTERPRISE INC,HPE
HEWLETT PACKARD ENTERPRISE INC.,HPE
HEWLETT PACKARD ENTERPRISE LTD,HPE
HEWLETT PACKARD ENTERPRISE PLC,HPE
HEWLETT_PACKARD,
HEXAGON AB-B SHS,
HF SINCLAIR CORP,DINO
HF Sinclair Corp,DINO
HIGHWOODS PROPERTIES INC,HIW
HIKARI TSUSHIN INC,HKTGF
HILTON WORLDWIDE,HLT
HILTON WORLDWIDE CO,HLT
HILTON WORLDWIDE COMPANY,HLT
HILTON WORLDWIDE CORP,HLT
HILTON WORLDWIDE CORPORATION,HLT
HILTON WORLDWIDE HOLDINGS IN,HLT
HILTON WORLDWIDE INC,HLT
HILTON WORLDWIDE INC.,HLT
HILTON WORLDWIDE LTD,HLT
HILTON WORLDWIDE PLC,HLT
HINDALCO INDUSTRIES LTD,HINDALCOBO
HINDUSTAN UNILEVER LTD,HINDUNILVRNS
HITACHI,6501.T
HITACHI CONSTRUCTION MACHINE,HCMSG
HITACHI LTD,6501.T
HITACHI ZOSEN CORP,HIZOF
HITHINK ROYALFLUSH INFORMA-A,
HJ중공업,097230
HK 26-12 회사채(AA-이상)액티브,
HKT TRUST AND HKT LTD-SS,
HK이노엔,195940
HL D&I,
HLB,5819KL
HLB글로벌,003580
HLB제약,047920
HLB테라퓨틱스,115450
HL만도,204320
HL홀딩스,060980
HMM,HMMR
HNDA 4.688 07/08/30,
HNDA 5.15 07/09/32,
HOCHTIEF AG,HOTDE
HOLMEN AB-B SHARES,
HOME DEPOT (THE),HD
HOME DEPOT (THE) CO,HD
HOME DEPOT (THE) COMPANY,HD
HOME DEPOT (THE) CORP,HD
HOME DEPOT (THE) CORPORATION,HD
HOME DEPOT (THE) INC,HD
HOME DEPOT (THE) INC.,HD
HOME DEPOT (THE) LTD,HD
HOME DEPOT (THE) PLC,HD
HOME DEPOT INC,HD
HOME_DEPOT,
HONA 5.732 03/16/56,
HONDA MOTOR,HMC
HONDA MOTOR CO LTD,HMC
HONEYWELL,HON
HONEYWELL CO,HON
HONEYWELL COMPANY,HON
HONEYWELL CORP,HON
HONEYWELL CORPORATION,HON
HONEYWELL INC,HON
HONEYWELL INC.,HON
HONEYWELL INTERNATIONAL INC,HON
HONEYWELL INTERNATIONAL INC.,HON
HONEYWELL LTD,HON
HONEYWELL PLC,HON
HONG KONG & CHINA GAS,HOKCY
HONGKONG LAND HOLDINGS LTD,H78SI
HONGTA SECURITIES CO LTD-A,
HORIZON ROBOTICS INC,9660.HK
HORMEL FOODS,HRL
HORMEL FOODS CO,HRL
HORMEL FOODS COMPANY,HRL
HORMEL FOODS CORP,HRL
HORMEL FOODS CORPORATION,HRL
HORMEL FOODS INC,HRL
HORMEL FOODS INC.,HRL
HORMEL FOODS LTD,HRL
HORMEL FOODS PLC,HRL
HOSHINE SILICON INDUSTRY C-A,
HOST HOTELS & RESORTS,HST
HOST HOTELS & RESORTS CO,HST
HOST HOTELS & RESORTS COMPANY,HST
HOST HOTELS & RESORTS CORP,HST
HOST HOTELS & RESORTS CORPORATION,HST
HOST HOTELS & RESORTS INC,HST
HOST HOTELS & RESORTS INC.,HST
HOST HOTELS & RESORTS LTD,HST
HOST HOTELS & RESORTS PLC,HST
HOST MARRIOTT CORP,
HOWMET AEROSPACE,HWM
HOWMET AEROSPACE CO,HWM
HOWMET AEROSPACE COMPANY,HWM
HOWMET AEROSPACE CORP,HWM
HOWMET AEROSPACE CORPORATION,HWM
HOWMET AEROSPACE INC,HWM
HOWMET AEROSPACE INC.,HWM
HOWMET AEROSPACE LTD,HWM
HOWMET AEROSPACE PLC,HWM
HOYA,7741NMX
HOYA CORP,7741NMX
HP,HPQ
HP CO,HPQ
HP COMPANY,HPQ
HP CORP,HPQ
HP CORPORATION,HPQ
HP INC,HPQ
HP INC.,HPQ
HP Inc.,HPQ
HP LTD,HPQ
HP PLC,HPQ
HPE 4.55 10/15/29,
HPE 5 10/15/34,
HPQ 6 09/15/41,
HPSP,
HSBC 4.583 06/19/29,
HSBC 4.95 03/31/30,
HSBC 5.402 08/11/33,
HSBC 5.45 03/03/36,
HSBC 5.79 05/13/36,
HSBC 6.332 03/09/44,
HSBC Holdings PLC,HSBAL
HSCEI Futures May26,
HSCEI Index Futures 2026 05,
HS애드,035000
HS화성,002460
HS효성,487570
HS효성첨단소재,298050
HUA HONG SEMI,1347.HK
HUA HONG SEMICONDUCTOR LTD-H,
HUADIAN NEW ENERGY GROUP C-A,
HUADIAN POWER INTL CORP-A,
HUADONG MEDICINE CO LTD-A,
HUALI INDUSTRIAL GROUP CO -A,300979.SZ
HUANENG LANCANG RIVER HYDR-A,
HUANENG POWER INTL INC-A,
HUANENG POWER INTL INC-H,
HUAQIN CO LTD-A,
HUATAI SECURITIES CO LTD-A,
HUATAI SECURITIES CO LTD-H,
HUAXIA BANK CO LTD-A,
HUAYU AUTOMOTIVE SYSTEMS -A,600741.SS
HUBBELL INC,HUBB
HUBBELL INCORPORATED,HUBB
HUBBELL INCORPORATED CO,HUBB
HUBBELL INCORPORATED COMPANY,HUBB
HUBBELL INCORPORATED CORP,HUBB
HUBBELL INCORPORATED CORPORATION,HUBB
HUBBELL INCORPORATED INC,HUBB
HUBBELL INCORPORATED INC.,HUBB
HUBBELL INCORPORATED LTD,HUBB
HUBBELL INCORPORATED PLC,HUBB
HUDSON PACIFIC PROPERTIES IN,HPP
HUIZHOU DESAY SV AUTOMOTIV-A,
HULIC CO LTD,87WF
HUM 5 3/8 04/15/31,
HUM 5.55 05/01/35,
HUMANA,HUM
HUMANA CO,HUM
HUMANA COMPANY,HUM
HUMANA CORP,HUM
HUMANA CORPORATION,HUM
HUMANA INC,HUM
HUMANA INC.,HUM
HUMANA LTD,HUM
HUMANA PLC,HUM
HUNAN YUNENG NEW ENERGY BA-A,
HUNDSUN TECHNOLOGIES INC-A,
HUNT (JB) TRANSPRT SVCS INC,JBHTVI
HUNTINGTON BANCSHARES,HBAN
HUNTINGTON BANCSHARES CO,HBAN
HUNTINGTON BANCSHARES COMPANY,HBAN
HUNTINGTON BANCSHARES CORP,HBAN
HUNTINGTON BANCSHARES CORPORATION,HBAN
HUNTINGTON BANCSHARES INC,HBAN
HUNTINGTON BANCSHARES INC.,HBAN
HUNTINGTON BANCSHARES LTD,HBAN
HUNTINGTON BANCSHARES PLC,HBAN
HUNTINGTON INGALLS INDUSTRIE,HII
HUNTINGTON INGALLS INDUSTRIES,HII
HUNTINGTON INGALLS INDUSTRIES CO,HII
HUNTINGTON INGALLS INDUSTRIES COMPANY,HII
HUNTINGTON INGALLS INDUSTRIES CORP,HII
HUNTINGTON INGALLS INDUSTRIES CORPORATION,HII
HUNTINGTON INGALLS INDUSTRIES INC,HII
HUNTINGTON INGALLS INDUSTRIES INC.,HII
HUNTINGTON INGALLS INDUSTRIES LTD,HII
HUNTINGTON INGALLS INDUSTRIES PLC,HII
HYDRO ONE LTD,HTO
HYGON INFORMATION TECHNOLO-A,
Haier Smart Home Co Ltd,HSHCY
Hainan Airport Infrastructure,600515.SS
Hainan Airport Infrastructure Co Ltd,600515.SS
Halliburton,HAL
HangSengTech Index futures 2026 05,
Hangzhou Hikvision Digital Technology Co,002415.SZ
Hangzhou Silan Microelectronics Co Ltd,600460.SS
Hangzhou Tigermed Consulting Co Ltd,HNGZY
Hanmi Financial Corp,HF7NF
Hartford (The),HIG
Hartford Financial Services Group,HIG
Hartford Insurance Group Inc/The,
Hasbro,HAS
Hasbro Inc,HAS
Healthpeak Properties,DOC
Healthpeak Properties Inc,DOC
Helvetia Baloise Holding AG,HBANSW
Henan Shuanghui Investment & Development,000895.SZ
Henderson Land Development Co,HLDDU
Hengli Petrochemical Co Ltd,600346.SS
Henry Schein,HSIC
Henry Schein Inc,HSIC
Hensoldt AG,1HENSMI
Hershey Co/The,HSYVI
Hershey Company (The),HSY
Hewlett Packard Enterprise,HPE
Hewlett Packard Enterprise Co,HPE
Hilton Worldwide,HLT
Hilton Worldwide Holdings Inc,HLT
Hindalco Industries Ltd,HINDALCOBO
Hindustan Unilever Ltd,HINDUNILVRNS
Hithink RoyalFlush Information Network C,300033.SZ
Home Depot (The),HD
Honeywell,HON
Hong Kong Exchanges and Cleari,0388.HK
Hongta Securities Co Ltd,601236.SS
Horizon Robotics Inc,9660.HK
Hormel Foods,HRL
Hormel Foods Corp,HRL
Hoshine Silicon Industry Co Ltd,603260.SS
Host Hotels & Resorts,HST
Howmet Aerospace,HWM
Hoya Corp,7741NMX
Huadian New Energy Group Co Ltd,600930.SS
Huadian Power International Corp Ltd,SHXMU
Huadong Medicine Co Ltd,000963.SZ
Huali Industrial Group Co Ltd,300979.SZ
Huaneng Lancang River Hydropower Inc,600025.SS
Huaneng Power International Inc,600011.SS
Huaqin Technology,603296.SS
Huaqin Technology Co Ltd,603296.SS
Huatai Securities Co Ltd,HUATF
Huaxia Bank Co Ltd,600015.SS
Huayu Automotive Systems Co Ltd,600741.SS
HubSpot Inc,HUBS
Hubbell Inc,HUBB
Hubbell Incorporated,HUBB
Huizhou Desay Sv Automotive Co,002920.SZ
Humana,HUM
Humana inc,HUM
Hundsun Technologies Inc,600570.SS
Huntington Bancshares,HBAN
Huntington Bancshares Inc/OH,
Huntington Ingalls Industries,HII
Hyatt Hotels Corp,H
Hygon Information Technology C,688041.SS
Hygon Information Technology Co Ltd,688041.SS
IBERDROLA SA,IBEMC
IBIDEN,4062.T
IBIDEN CO LTD,4062.T
IBM,IBM
IBM 3 1/2 05/15/29,
IBM 4 1/4 05/15/49,
IBM 5 1/4 02/05/44,
IBM CO,IBM
IBM COMPANY,IBM
IBM CORP,IBM
IBM CORPORATION,IBM
IBM INC,IBM
IBM INC.,IBM
IBM LTD,IBM
IBM PLC,IBM
ICBC(INDUST&COMM BANK OF CHINA),
ICE 3 09/15/60,
ICE 4.95 06/15/52,
ICICI BANK LTD,IBN
ICICI Bank Ltd,IBN
IDEMITSU KOSAN CO LTD,I7BMU
IDEX,IEX
IDEX CO,IEX
IDEX COMPANY,IEX
IDEX CORP,IEX
IDEX CORPORATION,IEX
IDEX Corp,IDXX
IDEX Corporation,IEX
IDEX INC,IEX
IDEX INC.,IEX
IDEX LTD,IEX
IDEX PLC,IEX
IDEXX LABORATORIES,IDXX
IDEXX LABORATORIES CO,IDXX
IDEXX LABORATORIES COMPANY,IDXX
IDEXX LABORATORIES CORP,IDXX
IDEXX LABORATORIES CORPORATION,IDXX
IDEXX LABORATORIES INC,IDXX
IDEXX LABORATORIES INC.,IDXX
IDEXX LABORATORIES LTD,IDXX
IDEXX LABORATORIES PLC,IDXX
IDEXX Laboratories Inc,IDXX
IEIT SYSTEMS CO LTD-A,
IEIT Systems Co Ltd,000977.SZ
IFLYTEK CO LTD - A,
IHI CORP,IHI
ILLINOIS TOOL WORKS,ITW
ILLINOIS TOOL WORKS CO,ITW
ILLINOIS TOOL WORKS COMPANY,ITW
ILLINOIS TOOL WORKS CORP,ITW
ILLINOIS TOOL WORKS CORPORATION,ITW
ILLINOIS TOOL WORKS INC,ITW
ILLINOIS TOOL WORKS INC.,ITW
ILLINOIS TOOL WORKS LTD,ITW
ILLINOIS TOOL WORKS PLC,ITW
ILLUMINA INC,ILMN
IMEIK TECHNOLOGY DEVELOPME-A,
IMPERIAL BRANDS,IMBL
IMPERIAL OIL LTD,IMOTO
INCYTE,INCY
INCYTE CO,INCY
INCYTE COMPANY,INCY
INCYTE CORP,INCY
INCYTE CORPORATION,INCY
INCYTE INC,INCY
INCYTE INC.,INCY
INCYTE LTD,INCY
INCYTE PLC,INCY
IND & COMM BK OF CHINA-A,
IND & COMM BK OF CHINA-H,ICKVI
INDEPENDENCE REALTY TRUST IN,5O2F
INDEPENDENT BANK CORP - MICH,
INDUSTRIA DE DISENO TEXTIL,IXD1HM
INDUSTRIAL ALLIANCE INSURANC,
INDUSTRIAL BANK CO LTD -A,601166.SS
INDUSTRIAL SECURITIES CO-A,
INDUSTRIVARDEN AB-A SHS,
INDUSTRIVARDEN AB-C SHS,
INDUTRADE AB,I1MMU
INFINEON TECHNOLOGIES AG,IFXDE
INFORMA PLC,VGT
INFOSYS LTD,INFY
ING GROEP NV,INGAAS
INGERSOLL RAND,IR
INGERSOLL RAND CO,IR
INGERSOLL RAND COMPANY,IR
INGERSOLL RAND CORP,IR
INGERSOLL RAND CORPORATION,IR
INGERSOLL RAND INC,IR
INGERSOLL RAND INC.,IR
INGERSOLL RAND LTD,IR
INGERSOLL RAND PLC,IR
INGERSOLL-RAND INC,IR
INGERSOLL-RAND Inc,IR
INNER MONGOLIA BAOTOU STE-A,
INNER MONGOLIA YILI INDUS-A,
INNER MONGOLIAN BAOTOU STE-A,
INNOVATIVE INDUSTRIAL PROPER,IIPR
INNOVENT BIOLOGICS,6IBSG
INNOVENT BIOLOGICS INC,6IBSG
INPEX CORP,1605.T
INPEX HOLDINGS,V8WF
INSMED INC,INSM
INSMED INCORPORATED,INSM
INSMED INCORPORATED CO,INSM
INSMED INCORPORATED COMPANY,INSM
INSMED INCORPORATED CORP,INSM
INSMED INCORPORATED CORPORATION,INSM
INSMED INCORPORATED INC,INSM
INSMED INCORPORATED INC.,INSM
INSMED INCORPORATED LTD,INSM
INSMED INCORPORATED PLC,INSM
INSPERITY INC,NSP
INSPUR ELECTRONIC INFORMAT-A,
INSULET,PODD
INSULET CO,PODD
INSULET COMPANY,PODD
INSULET CORP,PODD
INSULET CORPORATION,PODD
INSULET INC,PODD
INSULET INC.,PODD
INSULET LTD,PODD
INSULET PLC,PODD
INSURANCE AUSTRALIA GROUP,NRMSG
INTACT FINANCIAL CORP,IFCTO
INTC 4 08/05/29,
INTC 5 5/8 02/10/43,
INTC 5.15 02/21/34,
INTC 5.7 02/10/53,
INTC 5.9 02/10/63,
INTEL,INTC
INTEL CO,INTC
INTEL COMPANY,INTC
INTEL CORP,INTC
INTEL CORPORATION,INTC
INTEL Corp,INTC
INTEL INC,INTC
INTEL INC.,INTC
INTEL LTD,INTC
INTEL PLC,INTC
INTERACTIVE BROKERS,IBKR
INTERACTIVE BROKERS CO,IBKR
INTERACTIVE BROKERS COMPANY,IBKR
INTERACTIVE BROKERS CORP,IBKR
INTERACTIVE BROKERS CORPORATION,IBKR
INTERACTIVE BROKERS GRO-CL A,
INTERACTIVE BROKERS INC,IBKR
INTERACTIVE BROKERS INC.,IBKR
INTERACTIVE BROKERS LTD,IBKR
INTERACTIVE BROKERS PLC,IBKR
INTERBREW SA - ACT.,
INTERCONTINENTAL EXCHANGE,ICE
INTERCONTINENTAL EXCHANGE CO,ICE
INTERCONTINENTAL EXCHANGE COMPANY,ICE
INTERCONTINENTAL EXCHANGE CORP,ICE
INTERCONTINENTAL EXCHANGE CORPORATION,ICE
INTERCONTINENTAL EXCHANGE IN,ICE
INTERCONTINENTAL EXCHANGE INC,ICE
INTERCONTINENTAL EXCHANGE INC.,ICE
INTERCONTINENTAL EXCHANGE LTD,ICE
INTERCONTINENTAL EXCHANGE PLC,ICE
INTERCONTINENTAL HOTELS GROU,IC1HF
INTERGLOBE AVIATION LTD,INDIGOBO
INTERNATIONAL FLAVORS & FRAGRANCES,IFF
INTERNATIONAL FLAVORS & FRAGRANCES CO,IFF
INTERNATIONAL FLAVORS & FRAGRANCES COMPANY,IFF
INTERNATIONAL FLAVORS & FRAGRANCES CORP,IFF
INTERNATIONAL FLAVORS & FRAGRANCES CORPORATION,IFF
INTERNATIONAL FLAVORS & FRAGRANCES INC,IFF
INTERNATIONAL FLAVORS & FRAGRANCES INC.,IFF
INTERNATIONAL FLAVORS & FRAGRANCES LTD,IFF
INTERNATIONAL FLAVORS & FRAGRANCES PLC,IFF
INTERNATIONAL PAPER,IP
INTERNATIONAL PAPER CO,IP
INTERNATIONAL PAPER COMPANY,IP
INTERNATIONAL PAPER CORP,IP
INTERNATIONAL PAPER CORPORATION,IP
INTERNATIONAL PAPER INC,IP
INTERNATIONAL PAPER INC.,IP
INTERNATIONAL PAPER LTD,IP
INTERNATIONAL PAPER PLC,IP
INTERPARFUMS INC,ITPPA
INTERTEK GROUP PLC,IT1F
INTESA SANPAOLO,ISPMI
INTL BUSINESS MACHINES CORP,IBM0MU
INTL CONSOLIDATED AIRLINE-DI,
INTL FLAVORS & FRAGRANCES,IFFVI
INTNED 5.066 03/25/31,
INTNED 5.55 03/19/35,
INTUIT,INTU
INTUIT CO,INTU
INTUIT COMPANY,INTU
INTUIT CORP,INTU
INTUIT CORPORATION,INTU
INTUIT INC,INTU
INTUIT INC.,INTU
INTUIT LTD,INTU
INTUIT PLC,INTU
INTUITIVE SURGICAL,ISRG
INTUITIVE SURGICAL CO,ISRG
INTUITIVE SURGICAL COMPANY,ISRG
INTUITIVE SURGICAL CORP,ISRG
INTUITIVE SURGICAL CORPORATION,ISRG
INTUITIVE SURGICAL INC,ISRG
INTUITIVE SURGICAL INC.,ISRG
INTUITIVE SURGICAL LTD,ISRG
INTUITIVE SURGICAL PLC,ISRG
INVENI,
INVENTRUST PROPERTIES CORP,IVT
INVESCO,IVZ
INVESCO CO,IVZ
INVESCO COMPANY,IVZ
INVESCO CORP,IVZ
INVESCO CORPORATION,IVZ
INVESCO INC,IVZ
INVESCO INC.,IVZ
INVESCO LTD,IVZ
INVESCO PLC,IVZ
INVESCO QQQ TRUST,QQQ
INVESTMENT AB LATOUR-B SHS,
INVESTOR AB-B SHS,
INVITATION HOMES,INVH
INVITATION HOMES CO,INVH
INVITATION HOMES COMPANY,INVH
INVITATION HOMES CORP,INVH
INVITATION HOMES CORPORATION,INVH
INVITATION HOMES INC,INVH
INVITATION HOMES INC.,INVH
INVITATION HOMES LTD,INVH
INVITATION HOMES PLC,INVH
IPARK현대산업개발,294870
IPSEN,IPNPA
IQVIA,IQV
IQVIA CO,IQV
IQVIA COMPANY,IQV
IQVIA CORP,IQV
IQVIA CORPORATION,IQV
IQVIA HOLDINGS,IQV
IQVIA HOLDINGS INC,IQV
IQVIA Holdings Inc,IQV
IQVIA INC,IQV
IQVIA INC.,IQV
IQVIA LTD,IQV
IQVIA PLC,IQV
IR 5.45 06/15/34,
IREN Ltd,IREN
IRON MOUNTAIN,IRM
IRON MOUNTAIN CO,IRM
IRON MOUNTAIN COMPANY,IRM
IRON MOUNTAIN CORP,IRM
IRON MOUNTAIN CORPORATION,IRM
IRON MOUNTAIN INC,IRM
IRON MOUNTAIN INC.,IRM
IRON MOUNTAIN LTD,IRM
IRON MOUNTAIN PLC,IRM
ISC,ISCNF
ISETAN MITSUKOSHI HOLDINGS L,IMHDY
ISHARES 0-5 YR HY CORP BOND,
ISHARES 20+ US TR BD JPY HED,
ISHARES 20+ YEAR TREASURY BD,
ISHARES 20+ YEAR TREASURY BOND ETF,TLT
ISHARES 25+ YR TREAS STRIPS,
ISHARES BROAD USD HIGH YIELD,
ISHARES CORE EURO STOXX50 DE,
ISHARES CORE S&P 500 ETF,IVV
ISHARES FALLEN ANGELS ETF,
ISHARES IBOXX INVESTMENT GRA,LQD
ISHARES RUSSELL 2000 ETF,IWM
ISHARES S&P 500 GROWTH ETF,IVW
ISHR IBX USD HIYLD CB ETF-UI,
ISHR IBX USD INVGD CB ETF-UI,
ISOFTSTONE INFORMATION TEC-A,
ISRAEL CHEMICALS LTD,
ISRAEL DISCOUNT BANK-A,
ISUZU MOTORS,7202.T
ISUZU MOTORS LTD,7202.T
ITALGAS SPA,IGMXD
ITAU UNIBANCO H-SPON PRF ADR,
ITC LTD,ITCNS
ITC Ltd,ITCNS
ITOCHU,8001.T
ITOCHU CORP,8001.T
IVANHOE MINES LTD-CL A,
Ibiden Co Ltd,4062.T
Idexx Laboratories,IDXX
Iflytek Co Ltd,002230.SZ
Illinois Tool Works,ITW
Imeik Technology Development,300896.SZ
Imeik Technology Development Co Ltd,300896.SZ
InPost SA,LU2290522684SG
Incyte,INCY
Incyte Corp,INCY
Independent Bank Corp/MI,
Industrial & Commercial Bank of China Lt,
Industrial Bank Co Ltd,601166.SS
Industrial Securities Co Ltd,601377.SS
Infosys Ltd,INFY
Infratil Ltd,IFT340NZ
Ingersoll Rand,IR
Ingersoll-Rand ILC,
Inner Mongolia BaoTou Steel Union Co Ltd,600010.SS
Inner Mongolia Yili Industrial Group Co,600887.SS
Insmed Inc,INSM
Insmed Incorporated,INSM
Insperity Inc,NSP
Insulet Corp,PODD
Insulet Corporation,PODD
Intel,INTC
InterGlobe Aviation Ltd,INDIGOBO
Interactive Brokers,IBKR
Interactive Brokers Group Inc,IBKR
Intercontinental Exchange,ICE
Intercontinental Exchange Inc,ICE
International Flavors & Fragra,IFF
International Flavors & Fragrances,IFF
International Paper,IP
International Paper Co,IP
Interparfums Inc,ITPPA
Intuit,INTU
Intuitive Surgical,ISRG
Intuitive Surgical Inc,ISRG
Invesco,IVZ
Invitation Homes,INVH
IonQ Inc,IONQ
Iron Mountain,IRM
Iron Mountain Inc,IRM
Isoftstone Information Technology Group,301236.SZ
J FRONT RETAILING CO LTD,3086.T
J&T GLOBAL EXPRESS LTD,J92F
J.B. HUNT,JBHT
J.B. Hunt,JBHT
J.B.HUNT TRANSPORT SCES INC,
J.M. SMUCKER COMPANY (THE),SJM
J.M. Smucker Company (The),SJM
JA SOLAR TECHNOLOGY,002459.SZ
JA SOLAR TECHNOLOGY CO LTD-A,
JA Solar Technology Co Ltd,002459.SZ
JABIL,JBL
JABIL CO,JBL
JABIL COMPANY,JBL
JABIL CORP,JBL
JABIL CORPORATION,JBL
JABIL INC,JBL
JABIL INC.,JBL
JABIL LTD,JBL
JABIL PLC,JBL
JABIL inc,JBL
JACK HENRY & ASSOCIATES,JKHY
JACK HENRY & ASSOCIATES CO,JKHY
JACK HENRY & ASSOCIATES COMPANY,JKHY
JACK HENRY & ASSOCIATES CORP,JKHY
JACK HENRY & ASSOCIATES CORPORATION,JKHY
JACK HENRY & ASSOCIATES INC,JKHY
JACK HENRY & ASSOCIATES INC.,JKHY
JACK HENRY & ASSOCIATES LTD,JKHY
JACK HENRY & ASSOCIATES PLC,JKHY
JACOBS SOLUTIONS,J
JACOBS SOLUTIONS CO,J
JACOBS SOLUTIONS COMPANY,J
JACOBS SOLUTIONS CORP,J
JACOBS SOLUTIONS CORPORATION,J
JACOBS SOLUTIONS INC,J
JACOBS SOLUTIONS INC COM NPV,
JACOBS SOLUTIONS INC.,J
JACOBS SOLUTIONS LTD,J
JACOBS SOLUTIONS PLC,J
JAPAN AIRLINES CO LTD,9201.T
JAPAN EXCHANGE GROUP INC,OSKMU
JAPAN POST BANK CO LTD,5JPSG
JAPAN POST HOLDINGS CO LTD,1JPF
JAPAN POST INSURANCE CO LTD,4JPDU
JAPAN STEEL WORKS LTD,JPSWF
JAPAN TOBACCO,JAPAY
JAPAN TOBACCO INC,JAPAY
JARDINE MATHESON HLDGS LTD,
JB HUNT,JBHT
JB HUNT CO,JBHT
JB HUNT COMPANY,JBHT
JB HUNT CORP,JBHT
JB HUNT CORPORATION,JBHT
JB HUNT INC,JBHT
JB HUNT INC.,JBHT
JB HUNT LTD,JBHT
JB HUNT PLC,JBHT
JB 우리캐피탈326,
JB 우리캐피탈498-4,
JB 우리캐피탈508-2,
JB 우리캐피탈517-5,
JB 우리캐피탈523-2(지),
JB 우리캐피탈523-3(지),
JB 우리캐피탈529-4,
JB 우리캐피탈532-4,
JB 우리캐피탈532-5,
JB 우리캐피탈534-3,
JB 우리캐피탈551-1,
JB 우리캐피탈554-3,
JB 우리캐피탈555-4,
JBG SMITH PROPERTIES,JBGMU
JBS 5 1/2 01/15/36,
JBS 6 1/4 03/01/56,
JBS 6 3/8 02/25/55,
JBSSBZ 4 3/8 02/02/52,
JB금융지주,175330
JB금융지주40,JB40HM
JCET GROUP CO LTD-A,
JCET Group Co Ltd,600584.SS
JD HEALTH INT,8ZNF
JD HEALTH INTERNATIONAL INC,8ZNF
JD LOGISTICS INC,JDLGF
JD SPORTS FASHION PLC,9JDSG
JD.COM,JD
JD.COM INC-CLASS A,
JEF 6.2 04/14/34,
JERONIMO MARTINS,JEM0DU
JFE HOLDINGS INC,JFEEF
JGC HOLDINGS CORP,1963.T
JGC Holdings,1963.T
JIANGSU CHANGJIANG ELECTRO-A,
JIANGSU EASTERN SHENGHONG -A,000301.SZ
JIANGSU EXPRESSWAY CO LTD-A,
JIANGSU HENGLI HYDRAULIC C-A,
JIANGSU HENGRUI MEDICINE C-A,
JIANGSU HENGRUI PHARMACEUT-A,
JIANGSU KING'S LUCK BREWER-A,
JIANGSU KINGS LUCK BREWER-A,
JIANGSU YANGHE BREWERY -A,
JIANGSU YANGHE DISTILLERY-A,
JIANGSU ZHONGTIAN TECHNOLO-A,
JIANGXI COPPER CO LTD-A,
JIANGXI COPPER CO LTD-H,
JINKO SOLAR CO LTD-A,
JIO FINANCIAL SERVICES LTD,JIOFINBO
JM SMUCKER CO/THE,
JM SMUCKER CO/THE-NEW COMMON,
JM SMUCKER COMPANY (THE),SJM
JM SMUCKER COMPANY (THE) CO,SJM
JM SMUCKER COMPANY (THE) COMPANY,SJM
JM SMUCKER COMPANY (THE) CORP,SJM
JM SMUCKER COMPANY (THE) CORPORATION,SJM
JM SMUCKER COMPANY (THE) INC,SJM
JM SMUCKER COMPANY (THE) INC.,SJM
JM SMUCKER COMPANY (THE) LTD,SJM
JM SMUCKER COMPANY (THE) PLC,SJM
JNJ 2 1/4 09/01/50,
JNJ 4.7 03/01/30,
JOHNSON & JOHNSON,JNJ
JOHNSON & JOHNSON CO,JNJ
JOHNSON & JOHNSON COMPANY,JNJ
JOHNSON & JOHNSON CORP,JNJ
JOHNSON & JOHNSON CORPORATION,JNJ
JOHNSON & JOHNSON INC,JNJ
JOHNSON & JOHNSON INC.,JNJ
JOHNSON & JOHNSON LTD,JNJ
JOHNSON & JOHNSON PLC,JNJ
JOHNSON CONTROLS,JCI
JOHNSON CONTROLS CO,JCI
JOHNSON CONTROLS COMPANY,JCI
JOHNSON CONTROLS CORP,JCI
JOHNSON CONTROLS CORPORATION,JCI
JOHNSON CONTROLS INC,JCI
JOHNSON CONTROLS INC.,JCI
JOHNSON CONTROLS INT,JCI
JOHNSON CONTROLS INTERNATION,JCI
JOHNSON CONTROLS LTD,JCI
JOHNSON CONTROLS PLC,JCI
JONES LANG LASALLE INC,JLL
JONHON OPTRONIC TECHNOLOGY,002179.SZ
JPM 1.764 11/19/31,
JPM 1.953 02/04/32,
JPM 3.109 04/22/51,
JPM 3.157 04/22/42,
JPM 3.964 11/15/48,
JPM 4.032 07/24/48,
JPM 4.26 02/22/48,
JPM 4.912 07/25/33,
JPM 4.995 07/22/30,
JPM 5.103 04/22/31,
JPM 5.11 12/08/26,
JPM 5.534 11/29/45,
JPM 5.572 04/22/36,
JPM 5.766 04/22/35,
JPM 6.07 10/22/27,
JPMF GUANGDONG CO LTD -A,
JPMORGAN CHASE,JPM
JPMORGAN CHASE & CO,JPM
JPMORGAN CHASE CO,JPM
JPMORGAN CHASE COMPANY,JPM
JPMORGAN CHASE CORP,JPM
JPMORGAN CHASE CORPORATION,JPM
JPMORGAN CHASE INC,JPM
JPMORGAN CHASE INC.,JPM
JPMORGAN CHASE LTD,JPM
JPMORGAN CHASE PLC,JPM
JPMORGAN_CHASE,
JPMorgan Chase,JPM
JSW STEEL LTD,JSWSTEELNS
JSW Steel Ltd,JSWSTEELNS
JTEKT CORP,6473.T
JULIUS BAER GROUP LTD,BAERZXC
JW생명과학,234080
JW중외제약,001060
JW홀딩스,096760
JX Advanced Metals Corp,5016.T
JYP Ent.,
Jabil,JBL
Jabil Inc,JBL
Jack Henry & Associates,JKHY
Jack Henry & Associates Inc,JKHY
Jacobs Solutions,J
Japan Airlines Co Ltd,9201.T
Jiangsu Eastern Shenghong Co Ltd,000301.SZ
Jiangsu Expressway Co Ltd,JE2F
Jiangsu Hengli Hydraulic Co Ltd,601100.SS
Jiangsu Hengrui Pharmaceuticals Co Ltd,0BOF
Jiangsu Kings Luck Brewery JSC Ltd,603369.SS
Jiangsu Yanghe Distillery Co Ltd,002304.SZ
Jiangsu Zhongtian  Tech Co.,600522.SS
Jiangsu Zhongtian Technology Co Ltd,600522.SS
Jiangxi Copper Co Ltd,0358.HK
Jinko Solar Co Ltd,688223.SS
Jio Financial Services Ltd.,JIOFINBO
Johnson & Johnson,JNJ
Johnson Controls,JCI
Johnson Controls International,JCI
Jonhon Optronic Technology Co Ltd,002179.SZ
KAJIMA CORP,KAJDU
KANADEVIA CORP,7004.T
KANSAI ELECTRIC POWER,KPODU
KANSAI ELECTRIC POWER CO INC,KPODU
KANZHUN LTD - ADR,8JNSG
KAO,2693.HK
KAO CORP,2693.HK
KAWASAKI HEAVY INDUSTRIES,7012.T
KAWASAKI KISEN KAISHA LTD,9107.T
KBC GROEP NV,KDBDU
KBC GROUP NV,KDBDU
KBI동양철관,008970
KB국민 자금부 20250516-364-1,
KB국민 자금부 20251120-365-1,
KB국민카드(CP),
KB국민카드(CP)_10,
KB국민카드(CP)_11,
KB국민카드(CP)_12,
KB국민카드(CP)_13,
KB국민카드(CP)_14,
KB국민카드(CP)_15,
KB국민카드(CP)_16,
KB국민카드(CP)_17,
KB국민카드(CP)_18,
KB국민카드(CP)_19,
KB국민카드(CP)_2,
KB국민카드(CP)_20,
KB국민카드(CP)_21,
KB국민카드(CP)_3,
KB국민카드(CP)_4,
KB국민카드(CP)_5,
KB국민카드(CP)_6,
KB국민카드(CP)_7,
KB국민카드(CP)_8,
KB국민카드(CP)_9,
KB금융,105560
KB금융지주25-4,
KB금융지주50-1,
KB금융지주54-2,
KB금융지주59,
KB발해인프라,415640
KB스타리츠,432320
KB증권(CP),
KB증권(CP)_10,
KB증권(CP)_11,
KB증권(CP)_12,
KB증권(CP)_13,
KB증권(CP)_14,
KB증권(CP)_15,
KB증권(CP)_16,
KB증권(CP)_17,
KB증권(CP)_18,
KB증권(CP)_19,
KB증권(CP)_2,
KB증권(CP)_20,
KB증권(CP)_21,
KB증권(CP)_22,
KB증권(CP)_23,
KB증권(CP)_24,
KB증권(CP)_25,
KB증권(CP)_26,
KB증권(CP)_27,
KB증권(CP)_28,
KB증권(CP)_29,
KB증권(CP)_3,
KB증권(CP)_30,
KB증권(CP)_31,
KB증권(CP)_32,
KB증권(CP)_33,
KB증권(CP)_34,
KB증권(CP)_35,
KB증권(CP)_36,
KB증권(CP)_37,
KB증권(CP)_38,
KB증권(CP)_39,
KB증권(CP)_4,
KB증권(CP)_40,
KB증권(CP)_41,
KB증권(CP)_42,
KB증권(CP)_43,
KB증권(CP)_44,
KB증권(CP)_45,
KB증권(CP)_5,
KB증권(CP)_6,
KB증권(CP)_7,
KB증권(CP)_8,
KB증권(CP)_9,
KB증권46-1,
KB증권46-2,
KB증권47-1,
KCC,KCCOL
KCC글라스,344820
KCTC,
KC그린홀딩스,009440
KDB 0.8 07/19/26,
KDB 1 09/09/26,
KDB 2 09/12/26,
KDB 5 3/8 10/23/26,
KDDI,DIP0DU
KDDI CORP,DIP0DU
KDP 4.05 04/15/32,
KE HOLDINGS INC-CL A,
KE Holdings Inc,2423.HK
KEIO CORP,KTERF
KEISEI ELECTRIC RAILWAY CO,KEIF
KENVUE,KVUE
KENVUE CO,KVUE
KENVUE COMPANY,KVUE
KENVUE CORP,KVUE
KENVUE CORPORATION,KVUE
KENVUE INC,KVUE
KENVUE INC.,KVUE
KENVUE LTD,KVUE
KENVUE PLC,KVUE
KEPPEL CORP LTD,KEP1SG
KERING,KERPA
KERRY GROUP PLC-A,US4924601002SG
KESKO OYJ-B,
KESKO OYJ-B SHS,
KEURIG DR PEPPER,KDP
KEURIG DR PEPPER CO,KDP
KEURIG DR PEPPER COMPANY,KDP
KEURIG DR PEPPER CORP,KDP
KEURIG DR PEPPER CORPORATION,KDP
KEURIG DR PEPPER INC,KDP
KEURIG DR PEPPER INC.,KDP
KEURIG DR PEPPER LTD,KDP
KEURIG DR PEPPER PLC,KDP
KEYCORP,KEY
KEYCORP CO,KEY
KEYCORP COMPANY,KEY
KEYCORP CORP,KEY
KEYCORP CORPORATION,KEY
KEYCORP INC,KEY
KEYCORP INC.,KEY
KEYCORP LTD,KEY
KEYCORP PLC,KEY
KEYENCE CORP,6861.T
KEYERA CORP,KEYTO
KEYSIGHT TECH,KEYS
KEYSIGHT TECHNOLOGIES,KEYS
KEYSIGHT TECHNOLOGIES CO,KEYS
KEYSIGHT TECHNOLOGIES COMPANY,KEYS
KEYSIGHT TECHNOLOGIES CORP,KEYS
KEYSIGHT TECHNOLOGIES CORPORATION,KEYS
KEYSIGHT TECHNOLOGIES IN,KEYS
KEYSIGHT TECHNOLOGIES INC,KEYS
KEYSIGHT TECHNOLOGIES INC.,KEYS
KEYSIGHT TECHNOLOGIES LTD,KEYS
KEYSIGHT TECHNOLOGIES PLC,KEYS
KG모빌리티,003620
KG스틸,016380
KG케미칼,001390
KHC 4 3/8 06/01/46,
KHC 4 7/8 10/01/49,
KHFC 5.375 11/15/26 REGS,
KIKKOMAN CORP,2801.T
KILROY REALTY CORP,K2RC34SA
KIM GROWTH VN30 ETF,
KIMBERLY-CLARK,KMB
KIMBERLY-CLARK CO,KMB
KIMBERLY-CLARK COMPANY,KMB
KIMBERLY-CLARK CORP,KMB
KIMBERLY-CLARK CORPORATION,KMB
KIMBERLY-CLARK INC,KMB
KIMBERLY-CLARK INC.,KMB
KIMBERLY-CLARK LTD,KMB
KIMBERLY-CLARK PLC,KMB
KIMCO REALTY,KIM
KIMCO REALTY CO,KIM
KIMCO REALTY COMPANY,KIM
KIMCO REALTY CORP,KIM
KIMCO REALTY CORPORATION,KIM
KIMCO REALTY INC,KIM
KIMCO REALTY INC.,KIM
KIMCO REALTY LTD,KIM
KIMCO REALTY PLC,KIM
KINDER MORGAN,KMI
KINDER MORGAN CO,KMI
KINDER MORGAN COMPANY,KMI
KINDER MORGAN CORP,KMI
KINDER MORGAN CORPORATION,KMI
KINDER MORGAN INC,KMI
KINDER MORGAN INC.,KMI
KINDER MORGAN INC/DELAWARE,
KINDER MORGAN LTD,KMI
KINDER MORGAN PLC,KMI
KINGDEE INT'L,0268.HK
KINGDEE INTERNATIONAL SFTWR,
KINGFISHER PLC,9700F
KINGSOFT,KC
KINGSOFT CORP LTD,3888.HK
KINGSPAN,KRXIR
KIOXIA HOLDINGS CORP,285AT
KIRIN HOLDIGNS,
KIRIN HOLDINGS CO LTD,KIRMU
KISCO홀딩스,001940
KITE REALTY GROUP TRUST,KRG
KKR &,KKR
KKR & CO,KKR
KKR & CO INC,KKR
KKR & CO INC-A Equity,
KKR & CO.,KKR
KKR & COMPANY,KKR
KKR & CORP,KKR
KKR & CORPORATION,KKR
KKR & Co Inc,KKR
KKR & Co.,KKR
KKR & INC,KKR
KKR & INC.,KKR
KKR & LTD,KKR
KKR & PLC,KKR
KKR 3 1/4 12/15/51,
KLA,KLAC
KLA CO,KLAC
KLA COMPANY,KLAC
KLA CORP,KLAC
KLA CORPORATION,KLAC
KLA Corp,KLAC
KLA Corporation,KLAC
KLA INC,KLAC
KLA INC.,KLAC
KLA LTD,KLAC
KLA PLC,KLAC
KLA-TENCOR CORP,1KLACMI
KLAC 3.3 03/01/50,
KLAC 4.95 07/15/52,
KLEPIERRE,LIPXC
KMB 3.2 07/30/46,
KMI 3.6 02/15/51,
KMI 5.2 06/01/33,
KNORR BREMSE AG,US4991801071SG
KNOWLEDGE ATLAS TECHNOLOGY-H,
KO 2 1/2 03/15/51,
KO 2 7/8 05/05/41,
KO 2.6 06/01/50,
KO 5.4 05/13/64,
KOBE STEEL,5406.T
KOBE STEEL LTD,5406.T
KODEX 26-12 금융채(AA-이상)액티브,
KODEX 머니마켓액티브,
KODEX 콩선물(H),
KOLAHO 4 1/4 05/28/27,
KOMATSU,6301.T
KOMATSU LTD,6301.T
KONAMI GROUP CORP,KOA0MU
KONE OYJ-B,
KONGSBERG GRUPPEN ASA,KOZ1F
KONICA MINOLTA HOLD,
KONICA MINOLTA INC,KPI1HM
KONINKLIJKE AHOLD DELHAIZE N,DAS
KONINKLIJKE KPN NV,KKPNY
KONINKLIJKE PHILIPS NV,PHIAAS
KORELE 5 3/8 07/31/26,
KORGAS 1.125 07/13/26 REGS,
KORGAS 2 1/4 07/18/26,
KORN FERRY,KFYDU
KOROIL 2.5 10/24/26 REGS,
KOSOPW 5 3/8 09/21/26,
KOTAK MAHINDRA BANK LTD,KOTAKBANKBO
KPERM 4.15 05/01/47,
KPX케미칼,025000
KPX홀딩스,092230
KR 5 09/15/34,
KR 5 1/2 09/15/54,
KRAFT HEINZ,KHC
KRAFT HEINZ CO,KHC
KRAFT HEINZ CO/THE,KHNZDXD
KRAFT HEINZ COMPANY,KHC
KRAFT HEINZ CORP,KHC
KRAFT HEINZ CORPORATION,KHC
KRAFT HEINZ INC,KHC
KRAFT HEINZ INC.,KHC
KRAFT HEINZ LTD,KHC
KRAFT HEINZ PLC,KHC
KROGER,KR
KROGER CO,KR
KROGER COMPANY,KR
KROGER CORP,KR
KROGER CORPORATION,KR
KROGER INC,KR
KROGER INC.,KR
KROGER LTD,KR
KROGER PLC,KR
KR모터스,000040
KSS해운,KSS
KT,KT
KT&G,GLDBK
KT&G4-2,
KT190-3,
KT200-3,
KTcs,
KTis,KTISBK
KUAISHOU TECHNOLOGY,KUASF
KUANG-CHI TECHNOLOGIES CO-A,
KUBOTA,KUBTY
KUBOTA CORP,KUBTY
KUEHNE & NAGEL INTL AG-REG,
KUNLUN ENERGY CO LTD,0135.HK
KUNLUN TECH CO LTD-A,
KURARAY CO LTD,KUYSG
KVUE 4.85 05/22/32,
KVUE 5.1 03/22/43,
KWEICHOW MOUTAI CO LTD-A,
KYOCERA,KYRSG
KYOCERA CORP,KYRSG
KYOWA KIRIN CO,KY4F
KYOWA KIRIN CO LTD,KY4F
Kawasaki Kisen Kaisha Ltd,9107.T
Kenvue,KVUE
Kenvue Inc,KVUE
Keppel REIT,K71USI
Keurig Dr Pepper,KDP
Keurig Dr Pepper Inc,KDP
KeyCorp,KEY
Keysight Technologies,KEYS
Keysight Technologies Inc,KEYS
Kimberly-Clark,KMB
Kimberly-Clark Corp,KMB
Kimco Realty,KIM
Kinder Morgan,KMI
Kinross Gold,KGC
Kioxia Holdings Corp,285AT
Konami Group Corp,KOA0MU
Korn Ferry,KFYDU
Kotak Mahindra Bank Ltd,KOTAKBANKBO
Kraft Heinz,KHC
Kraft Heinz Co/The,KHNZDXD
Kroger,KR
Kroger Co/The,
Kuaishou Technology,KUASF
Kuang-Chi Technologies Co Ltd,002625.SZ
Kunlun Tech Co Ltd,300418.SZ
Kweichow Moutai Co Ltd,600519.SS
L'OREAL,ORPA
L3HARRIS,LHX
L3HARRIS CO,LHX
L3HARRIS COMPANY,LHX
L3HARRIS CORP,LHX
L3HARRIS CORPORATION,LHX
L3HARRIS INC,LHX
L3HARRIS INC.,LHX
L3HARRIS LTD,LHX
L3HARRIS PLC,LHX
L3HARRIS TECHNOLOGIES,LHX
L3HARRIS TECHNOLOGIES INC,LHX
L3Harris,LHX
L3Harris Technologies Inc,LHX
LABCORP,LH
LABCORP CO,LH
LABCORP COMPANY,LH
LABCORP CORP,LH
LABCORP CORPORATION,LH
LABCORP HOLDINGS INC,LH
LABCORP INC,LH
LABCORP INC.,LH
LABCORP LTD,LH
LABCORP PLC,LH
LABORATORY CRP OF AMER HLDGS,
LAFARGEHOLCIM LTD-REG,
LAKELAND FINANCIAL CORP,LKFN
LAM RESEARCH,LRCX
LAM RESEARCH CO,LRCX
LAM RESEARCH COMPANY,LRCX
LAM RESEARCH CORP,LRCX
LAM RESEARCH CORPORATION,LRCX
LAM RESEARCH INC,LRCX
LAM RESEARCH INC.,LRCX
LAM RESEARCH LTD,LRCX
LAM RESEARCH PLC,LRCX
LAMAR ADVERTISING CO-A,
LAND SECURITIES GROUP PLC,LSU2HA
LAOPU GOLD CO L-H,
LARSEN & TOUBRO LTD,LTNS
LAS VEGAS SANDS,LVS
LAS VEGAS SANDS CO,LVS
LAS VEGAS SANDS COMPANY,LVS
LAS VEGAS SANDS CORP,LVS
LAS VEGAS SANDS CORPORATION,LVS
LAS VEGAS SANDS INC,LVS
LAS VEGAS SANDS INC.,LVS
LAS VEGAS SANDS LTD,LVS
LAS VEGAS SANDS PLC,LVS
LASERTEC CORP,6920.T
LATAM AIRLINES GROUP SA-ADR,
LATTICE SEMICONDUCTOR CORP,LSCC
LB GROUP CO LTD-A,
LB Group Co Ltd,002601.SZ
LEG IMMOBILIEN AG,1LEGMI
LEGAL & GENERAL GROUP PLC,LGENL
LEGEND BIOTECH CORP-ADR,US52490G1022SG
LEGRAND SA,LRPA
LEIDOS,LDOS
LEIDOS CO,LDOS
LEIDOS COMPANY,LDOS
LEIDOS CORP,LDOS
LEIDOS CORPORATION,LDOS
LEIDOS HOLDINGS,LDOS
LEIDOS HOLDINGS INC,LDOS
LEIDOS INC,LDOS
LEIDOS INC.,LDOS
LEIDOS LTD,LDOS
LEIDOS PLC,LDOS
LENNAR,LEN
LENNAR CO,LEN
LENNAR COMPANY,LEN
LENNAR CORP,LEN
LENNAR CORP-A,
LENNAR CORPORATION,LEN
LENNAR INC,LEN
LENNAR INC.,LEN
LENNAR LTD,LEN
LENNAR PLC,LEN
LENNOX INTERNATIONAL,LII
LENNOX INTERNATIONAL CO,LII
LENNOX INTERNATIONAL COMPANY,LII
LENNOX INTERNATIONAL CORP,LII
LENNOX INTERNATIONAL CORPORATION,LII
LENNOX INTERNATIONAL INC,LII
LENNOX INTERNATIONAL INC.,LII
LENNOX INTERNATIONAL LTD,LII
LENNOX INTERNATIONAL PLC,LII
LENNOX INTL,LII
LENOVO GROUP LTD,0992.HK
LENS TECHNOLOGY CO LTD-A,
LEONARDO-FINMECCANICA SPA,
LF,LFMD
LF11-2,
LG,LGND
LG디스플레이,LGND
LG생활건강,LGND
LG씨엔에스,LGND
LG에너지솔루션,373220
LG에너지솔루션2-3(녹),
LG에너지솔루션3-4(녹),
LG에너지솔루션4-1,
LG유플러스,032640
LG유플러스115-2,
LG유플러스116-2,
LG유플러스120-1,
LG이노텍,011070
LG이노텍45-2,
LG전자,066570
LG헬로비전,037560
LG화학,051910
LG화학51-4,
LG화학54-4,
LG화학57-2,
LG화학58-1,
LG화학58-2,
LH 4.7 02/01/45,
LHX 5.35 06/01/34,
LI AUTO,LI
LI AUTO INC-CLASS A,
LI NING CO LTD,LNLBDU
LIBERTY MEDIA CORP-LIB-NEW-C,
LIFCO AB-B SHS,
LIG디펜스앤에어로스페이스,079550
LILLY (ELI),LLY
LILLY (ELI) CO,LLY
LILLY (ELI) COMPANY,LLY
LILLY (ELI) CORP,LLY
LILLY (ELI) CORPORATION,LLY
LILLY (ELI) INC,LLY
LILLY (ELI) INC.,LLY
LILLY (ELI) LTD,LLY
LILLY (ELI) PLC,LLY
LIN 3.55 11/07/42,
LINDE,LIN
LINDE CO,LIN
LINDE COMPANY,LIN
LINDE CORP,LIN
LINDE CORPORATION,LIN
LINDE INC,LIN
LINDE INC.,LIN
LINDE LTD,LIN
LINDE PLC,LIN
LINEAGE INC,LCTX
LINGYI ITECH GUANGDONG CO -A,002600.SZ
LINK REIT,0823.HK
LIVE NATION ENTERTAINMENT,LYV
LIVE NATION ENTERTAINMENT CO,LYV
LIVE NATION ENTERTAINMENT COMPANY,LYV
LIVE NATION ENTERTAINMENT CORP,LYV
LIVE NATION ENTERTAINMENT CORPORATION,LYV
LIVE NATION ENTERTAINMENT IN,LYV
LIVE NATION ENTERTAINMENT INC,LYV
LIVE NATION ENTERTAINMENT INC.,LYV
LIVE NATION ENTERTAINMENT LTD,LYV
LIVE NATION ENTERTAINMENT PLC,LYV
LLOYDS 4 3/8 03/22/28,
LLOYDS 5.59 11/26/35,
LLOYDS 5.679 01/05/35,
LLOYDS BANKING GROUP PLC,LLOYL
LLY 4 1/4 03/15/31,
LLY 4 3/4 02/12/30,
LLY 4 7/8 02/27/53,
LLY 4.55 10/15/32,
LLY 4.9 10/15/35,
LLY 5.1 02/12/35,
LLY 5.55 10/15/55,
LLY 5.65 10/15/65,
LMT 4.15 06/15/53,
LOBLAW COMPANIES LTD,LTO
LOCKHEED MARTIN,LMT
LOCKHEED MARTIN CO,LMT
LOCKHEED MARTIN COMPANY,LMT
LOCKHEED MARTIN CORP,LMT
LOCKHEED MARTIN CORPORATION,LMT
LOCKHEED MARTIN INC,LMT
LOCKHEED MARTIN INC.,LMT
LOCKHEED MARTIN LTD,LMT
LOCKHEED MARTIN PLC,LMT
LOCKHEED_MARTIN,
LOEWS,L
LOEWS CO,L
LOEWS COMPANY,L
LOEWS CORP,L
LOEWS CORPORATION,L
LOEWS INC,L
LOEWS INC.,L
LOEWS LTD,L
LOEWS PLC,L
LOMON BILLIONS GROUP CO  -A,
LONDON STOCK EXCHANGE GROUP,LSEGL
LONGFOR GROUP HOLDINGS LTD,RLF0F
LONGI GREEN ENERGY TECHNOL-A,
LONGi Green Energy Technology Co Ltd,601012.SS
LONZA GROUP AG-REG,
LOONGSON TECHNOLOGY CORP L-A,
LOREAL,ORPA
LOTTERY CORP,TLCAX
LOW 1.7 10/15/30,
LOW 4 1/2 10/15/32,
LOW 4 1/4 03/15/31,
LOW 5 04/15/33,
LOW 5 5/8 04/15/53,
LOWE'S,LOW
LOWE'S CO,LOW
LOWE'S COMPANY,LOW
LOWE'S CORP,LOW
LOWE'S CORPORATION,LOW
LOWE'S COS INC,LOWEVI
LOWE'S INC,LOW
LOWE'S INC.,LOW
LOWE'S LTD,LOW
LOWE'S PLC,LOW
LOWES COS INC,LOWEVI
LPL FINANCIAL HOLDINGS INC,LPLA
LS,
LS ELECTRIC,
LS네트웍스,000680
LS마린솔루션,060370
LS머트리얼즈,417200
LS에코에너지,229640
LTC PROPERTIES INC,LTC
LULULEMON ATHLETICA,LULU
LULULEMON ATHLETICA CO,LULU
LULULEMON ATHLETICA COMPANY,LULU
LULULEMON ATHLETICA CORP,LULU
LULULEMON ATHLETICA CORPORATION,LULU
LULULEMON ATHLETICA INC,LULU
LULULEMON ATHLETICA INC.,LULU
LULULEMON ATHLETICA LTD,LULU
LULULEMON ATHLETICA PLC,LULU
LUMENTUM,LITE
LUMENTUM CO,LITE
LUMENTUM COMPANY,LITE
LUMENTUM CORP,LITE
LUMENTUM CORPORATION,LITE
LUMENTUM HOLDINGS INC,LITE
LUMENTUM INC,LITE
LUMENTUM INC.,LITE
LUMENTUM LTD,LITE
LUMENTUM PLC,LITE
LUNDBERGS AB,
LUNDIN MINING CORP,LUNTO
LUXSHARE PRECISION INDUSTR-A,
LUZHOU LAOJIAO CO LTD-A,
LVMH MOET HENNESSY LOUIS VUI,LVMUY
LXP INDUSTRIAL TRUST,LXP
LX세미콘,108320
LX인터내셔널,001120
LX하우시스,108670
LX하우시스13-2,
LX홀딩스,383800
LY CORP,
LYB 3 3/8 10/01/40,
LYB 4 7/8 03/15/44,
LYONDELLBASELL,LYB
LYONDELLBASELL CO,LYB
LYONDELLBASELL COMPANY,LYB
LYONDELLBASELL CORP,LYB
LYONDELLBASELL CORPORATION,LYB
LYONDELLBASELL INC,LYB
LYONDELLBASELL INC.,LYB
LYONDELLBASELL INDU-CL A,
LYONDELLBASELL LTD,LYB
LYONDELLBASELL PLC,LYB
Labcorp,LH
Laboratory Corp of America Hol,
Lakeland Financial Corp,LKFN
Lam Research,LRCX
Larsen & Toubro Ltd,LTNS
Las Vegas Sands,LVS
Lasertec Corp,6920.T
Leidos,LDOS
Leidos Holdings Inc,LDOS
Lennar,LEN
Lennar Corp,LEN
Lennox International,LII
Lennox International Inc,LII
Lenovo Group Ltd,0992.HK
Lens Technology Co Ltd,300433.SZ
Lilly (Eli),LLY
Linde PLC,LIN
Linde plc,LIN
Lineage Inc,LCTX
Lingyi iTech Guangdong Co,002600.SZ
Live Nation Entertainment,LYV
Live Nation Entertainment Inc,LYV
Lockheed Martin,LMT
Loews Corp,L
Loews Corporation,L
Loongson Technology Corp Ltd,688047.SS
Lowe's,LOW
Lululemon Athletica,LULU
Lululemon Athletica Inc,LULU
Lumentum,LITE
Lumentum Holdings Inc,LITE
Lundin Gold Inc,LUGSXD
Luxshare Precision Industry Co Ltd,002475.SZ
Luzhou Laojiao Co Ltd,000568.SZ
Lynas Rare Earths Ltd,LYCAX
LyondellBasell,LYB
LyondellBasell Industries NV,LYB
M & T BANK CORP,MTB
M&G PLC,
M&T BANK,MTB
M&T BANK CO,MTB
M&T BANK COMPANY,MTB
M&T BANK CORP,MTB
M&T BANK CORPORATION,MTB
M&T BANK INC,MTB
M&T BANK INC.,MTB
M&T BANK LTD,MTB
M&T BANK PLC,MTB
M&T Bank,MTB
M&T Bank Corp,MTB
M3 INC,2413.T
MA 2 11/18/31,
MACERICH CO/THE,
MACOM TECHNOLOGY SOLUTIONS H,MTSI
MACQUARIE GROUP LTD,MCQEF
MACY S GROUP INC,
MACYS INC,M
MAGNA INTERNATIONAL INC,MGTO
MAHINDRA & MAHINDRA LTD,MHIDLXC
MAKITA CORP,6586.T
MANGO EXCELLENT MEDIA CO L-A,
MANULIFE FINANCIAL CORP,MFC
MAPFRE SA,MAPEXC
MAR 5.1 05/01/38,
MARATHON PETROLEUM,MPC
MARATHON PETROLEUM CO,MPC
MARATHON PETROLEUM COMPANY,MPC
MARATHON PETROLEUM CORP,MPC
MARATHON PETROLEUM CORPORATION,MPC
MARATHON PETROLEUM INC,MPC
MARATHON PETROLEUM INC.,MPC
MARATHON PETROLEUM LTD,MPC
MARATHON PETROLEUM PLC,MPC
MARKEL CORP,MKL
MARKS & SPENCER GROUP PLC,MA6SG
MARRIOTT INTERNATION,MAR
MARRIOTT INTERNATIONAL,MAR
MARRIOTT INTERNATIONAL -CL A,MARVI
MARRIOTT INTERNATIONAL CO,MAR
MARRIOTT INTERNATIONAL COMPANY,MAR
MARRIOTT INTERNATIONAL CORP,MAR
MARRIOTT INTERNATIONAL CORPORATION,MAR
MARRIOTT INTERNATIONAL INC,MAR
MARRIOTT INTERNATIONAL INC.,MAR
MARRIOTT INTERNATIONAL LTD,MAR
MARRIOTT INTERNATIONAL PLC,MAR
MARSH & MCLENNAN COS,MSNDU
MARSH MCLENNAN,MRSH
MARSH MCLENNAN CO,MRSH
MARSH MCLENNAN COMPANY,MRSH
MARSH MCLENNAN CORP,MRSH
MARSH MCLENNAN CORPORATION,MRSH
MARSH MCLENNAN INC,MRSH
MARSH MCLENNAN INC.,MRSH
MARSH MCLENNAN LTD,MRSH
MARSH MCLENNAN PLC,MRSH
MARTIN MARIETTA MATERIALS,MLM
MARTIN MARIETTA MATERIALS CO,MLM
MARTIN MARIETTA MATERIALS COMPANY,MLM
MARTIN MARIETTA MATERIALS CORP,MLM
MARTIN MARIETTA MATERIALS CORPORATION,MLM
MARTIN MARIETTA MATERIALS INC,MLM
MARTIN MARIETTA MATERIALS INC.,MLM
MARTIN MARIETTA MATERIALS LTD,MLM
MARTIN MARIETTA MATERIALS PLC,MLM
MARUBENI,8002.T
MARUBENI CORP,8002.T
MARUI GROUP CO LTD,JP3870400003SG
MARUTI SUZUKI INDIA LTD,MARUTINS
MARVELL TECHNOLOGY,MRVL
MARVELL TECHNOLOGY CO,MRVL
MARVELL TECHNOLOGY COMPANY,MRVL
MARVELL TECHNOLOGY CORP,MRVL
MARVELL TECHNOLOGY CORPORATION,MRVL
MARVELL TECHNOLOGY INC,MRVL
MARVELL TECHNOLOGY INC.,MRVL
MARVELL TECHNOLOGY LTD,MRVL
MARVELL TECHNOLOGY PLC,MRVL
MARZETTI COMPANY/THE,
MASCO,MAS
MASCO CO,MAS
MASCO COMPANY,MAS
MASCO CORP,MAS
MASCO CORPORATION,MAS
MASCO INC,MAS
MASCO INC.,MAS
MASCO LTD,MAS
MASCO PLC,MAS
MASTERCARD,MA
MASTERCARD -CL A-,
MASTERCARD CO,MA
MASTERCARD COMPANY,MA
MASTERCARD CORP,MA
MASTERCARD CORPORATION,MA
MASTERCARD INC,MA
MASTERCARD INC - A,MASW
MASTERCARD INC-CLASS A,
MASTERCARD INC.,MA
MASTERCARD LTD,MA
MASTERCARD PLC,MA
MAX HEALTHCARE INSTITUTE LTD,MAXHEALTHBO
MAXSCEND MICROELECTRONICS -A,300782.SZ
MAXSCEND MICROELECTRONICS-A,
MAZDA MOTOR CORP,MZDAY
MCCORMICK &,MKC
MCCORMICK & CO,MKC
MCCORMICK & CO-NON VTG SHRS,MKCVI
MCCORMICK & COMPANY,MKC
MCCORMICK & CORP,MKC
MCCORMICK & CORPORATION,MKC
MCCORMICK & INC,MKC
MCCORMICK & INC.,MKC
MCCORMICK & LTD,MKC
MCCORMICK & PLC,MKC
MCD 2 5/8 09/01/29,
MCD 3 5/8 09/01/49,
MCD 4.6 09/09/32,
MCDONALD'S,MCD
MCDONALD'S CO,MCD
MCDONALD'S COMPANY,MCD
MCDONALD'S CORP,MCD
MCDONALD'S CORPORATION,MCD
MCDONALD'S INC,MCD
MCDONALD'S INC.,MCD
MCDONALD'S LTD,MCD
MCDONALD'S PLC,MCD
MCDONALDS,MCD
MCDONALDS CORP,MCD
MCHP 5.05 02/15/30,
MCKESSON,MCK
MCKESSON CO,MCK
MCKESSON COMPANY,MCK
MCKESSON CORP,MCK
MCKESSON CORPORATION,MCK
MCKESSON INC,MCK
MCKESSON INC.,MCK
MCKESSON LTD,MCK
MCKESSON PLC,MCK
MDT 4 5/8 03/15/45,
MEDIA GROUP,VSNT
MEDIBANK PRIVATE LTD,MPLXA
MEDICAL PROPERTIES TRUST INC,MPT
MEDTRONIC,MDT
MEDTRONIC CO,MDT
MEDTRONIC COMPANY,MDT
MEDTRONIC CORP,MDT
MEDTRONIC CORPORATION,MDT
MEDTRONIC INC,MDT
MEDTRONIC INC.,MDT
MEDTRONIC LTD,MDT
MEDTRONIC PLC,MDT
MEIJI HOLDINGS CO LTD,MEJHF
MEITU INC,3690.HK
MEITUAN DIANPING,
MEITUAN-CLASS B,
MELROSE INDUSTRIES PLC,MROL
MERCADO LIBRE,MELI
MERCADO LIBRE CO,MELI
MERCADO LIBRE COMPANY,MELI
MERCADO LIBRE CORP,MELI
MERCADO LIBRE CORPORATION,MELI
MERCADO LIBRE INC,MELI
MERCADO LIBRE INC.,MELI
MERCADO LIBRE LTD,MELI
MERCADO LIBRE PLC,MELI
MERCADOLIBRE,MELI
MERCADOLIBRE INC,MELI
MERCARI INC,MCARY
MERCEDES BENZ GR,MBGDE
MERCEDES-BENZ GROUP AG,MBGDE
MERCK &,MRK
MERCK & CO,MRK
MERCK & CO.,MRK
MERCK & CO. INC.,MRK
MERCK & COMPANY,MRK
MERCK & CORP,MRK
MERCK & CORPORATION,MRK
MERCK & INC,MRK
MERCK & INC.,MRK
MERCK & LTD,MRK
MERCK & PLC,MRK
MERCK KGAA,MRKDE
MERIDIAN ENERGY LTD,MEZXA
MET 5 07/15/52,
MET 5 1/4 01/15/54,
META 4 7/8 11/15/35,
META 4.45 08/15/52,
META 4.6 11/15/32,
META 4.8 05/15/30,
META 5 1/2 11/15/45,
META 5 3/4 05/15/63,
META 5 3/4 11/15/65,
META 5 5/8 11/15/55,
META 5.4 08/15/54,
META 5.55 08/15/64,
META PLATFORMS,META
META PLATFORMS CO,META
META PLATFORMS COMPANY,META
META PLATFORMS CORP,META
META PLATFORMS CORPORATION,META
META PLATFORMS INC,META
META PLATFORMS INC-CLASS A,
META PLATFORMS INC.,META
META PLATFORMS Inc,META
META PLATFORMS LTD,META
META PLATFORMS PLC,META
METALLURGICAL CORP OF CHIN-A,
METLIFE,MET
METLIFE CO,MET
METLIFE COMPANY,MET
METLIFE CORP,MET
METLIFE CORPORATION,MET
METLIFE INC,MET
METLIFE INC.,MET
METLIFE LTD,MET
METLIFE PLC,MET
METRO INC,MTROL
METSO CORPORATION,0MGIIL
METTLER TOLEDO,MTD
METTLER TOLEDO CO,MTD
METTLER TOLEDO COMPANY,MTD
METTLER TOLEDO CORP,MTD
METTLER TOLEDO CORPORATION,MTD
METTLER TOLEDO INC,MTD
METTLER TOLEDO INC.,MTD
METTLER TOLEDO INTERNATIONAL INC,MTD
METTLER TOLEDO LTD,MTD
METTLER TOLEDO PLC,MTD
METTLER-TOLEDO INTERNATIONAL,MTD
MGE ENERGY INC,MGEE
MGM RESORTS,MGM
MGM RESORTS CO,MGM
MGM RESORTS COMPANY,MGM
MGM RESORTS CORP,MGM
MGM RESORTS CORPORATION,MGM
MGM RESORTS INC,MGM
MGM RESORTS INC.,MGM
MGM RESORTS INTE EQUITY,
MGM RESORTS INTERNATIONAL,MGM
MGM RESORTS LTD,MGM
MGM RESORTS PLC,MGM
MGM Resorts,MGM
MGM Resorts International,MGM
MH에탄올,023150
MICHELIN (CGDE),
MICROCHIP TECHNOLOGY,MCHP
MICROCHIP TECHNOLOGY CO,MCHP
MICROCHIP TECHNOLOGY COMPANY,MCHP
MICROCHIP TECHNOLOGY CORP,MCHP
MICROCHIP TECHNOLOGY CORPORATION,MCHP
MICROCHIP TECHNOLOGY INC,MCHP
MICROCHIP TECHNOLOGY INC.,MCHP
MICROCHIP TECHNOLOGY LTD,MCHP
MICROCHIP TECHNOLOGY PLC,MCHP
MICRON TECH,MU
MICRON TECHNOLOGY,MU
MICRON TECHNOLOGY CO,MU
MICRON TECHNOLOGY COMPANY,MU
MICRON TECHNOLOGY CORP,MU
MICRON TECHNOLOGY CORPORATION,MU
MICRON TECHNOLOGY INC,MU
MICRON TECHNOLOGY INC.,MU
MICRON TECHNOLOGY LTD,MU
MICRON TECHNOLOGY PLC,MU
MICROSOFT,MSFT
MICROSOFT CO,MSFT
MICROSOFT COMPANY,MSFT
MICROSOFT CORP,MSFT
MICROSOFT CORPORATION,MSFT
MICROSOFT INC,MSFT
MICROSOFT INC.,MSFT
MICROSOFT LTD,MSFT
MICROSOFT PLC,MSFT
MICROSTRATEGY,MSTR
MICROSTRATEGY CO,MSTR
MICROSTRATEGY COMPANY,MSTR
MICROSTRATEGY CORP,MSTR
MICROSTRATEGY CORPORATION,MSTR
MICROSTRATEGY INC,MSTR
MICROSTRATEGY INC.,MSTR
MICROSTRATEGY LTD,MSTR
MICROSTRATEGY PLC,MSTR
MID AMERICA APARTMT,
MID-AMERICA APARTMENT COMM,MAA
MID-AMERICA APARTMENT COMMUNITIES,MAA
MID-AMERICA APARTMENT COMMUNITIES CO,MAA
MID-AMERICA APARTMENT COMMUNITIES COMPANY,MAA
MID-AMERICA APARTMENT COMMUNITIES CORP,MAA
MID-AMERICA APARTMENT COMMUNITIES CORPORATION,MAA
MID-AMERICA APARTMENT COMMUNITIES INC,MAA
MID-AMERICA APARTMENT COMMUNITIES INC.,MAA
MID-AMERICA APARTMENT COMMUNITIES LTD,MAA
MID-AMERICA APARTMENT COMMUNITIES PLC,MAA
MIDEA GROUP CO LTD-A,
MIDEA GROUP CO LTD-H,
MILLROSE PROPERTIES,MRP
MINEBEA MITSUMI,MEAHA
MINEBEA MITSUMI INC,MEAHA
MINISO GROUP HOLDING LTD,MNSO
MITSUBISHI,MUFG
MITSUBISHI CHEMICAL GROUP CO,4188.T
MITSUBISHI CORP,MUFG
MITSUBISHI ELECTRIC,6503.T
MITSUBISHI ELECTRIC CORP,6503.T
MITSUBISHI ESTATE,MITEF
MITSUBISHI ESTATE CO LTD,MITEY
MITSUBISHI HEAVY INDUSTRIES,7011.T
MITSUBISHI MATERIALS CORP,MUJSG
MITSUBISHI MOTORS,MMTOY
MITSUBISHI MOTORS CORP,MMTOY
MITSUBISHI UFJ FINANCIAL GRO,MUFG
MITSUBISHI UFJ LEASE & FINAN,
MITSUI,8031.T
MITSUI & CO LTD,8031.T
MITSUI CHEMICALS INC,4183.T
MITSUI FUDOSAN,MFUDU
MITSUI FUDOSAN CO LTD,MFUDU
MITSUI KINZOKU CO LTD,5706.T
MITSUI OSK LINES,
MITSUI OSK LINES LTD,
MIZRAHI TEFAHOT BANK LTD,MZTFF
MIZUHO 4.711 07/08/31,
MIZUHO 5.323 07/08/36,
MIZUHO 5.382 07/10/30,
MIZUHO FINANCIAL GROUP INC,MFG
MLM 5.15 12/01/34,
MMC 5 03/15/35,
MMC 5.4 03/15/55,
MMG LTD,MMGV
MO 3.4 02/04/41,
MODERNA,MRNA
MODERNA CO,MRNA
MODERNA COMPANY,MRNA
MODERNA CORP,MRNA
MODERNA CORPORATION,MRNA
MODERNA INC,MRNA
MODERNA INC.,MRNA
MODERNA LTD,MRNA
MODERNA PLC,MRNA
MOELIS & CO - CLASS A,
MOLSON COORS BEVERAGE,TAP
MOLSON COORS BEVERAGE CO,TAP
MOLSON COORS BEVERAGE CO - B,
MOLSON COORS BEVERAGE COMPANY,TAP
MOLSON COORS BEVERAGE CORP,TAP
MOLSON COORS BEVERAGE CORPORATION,TAP
MOLSON COORS BEVERAGE INC,TAP
MOLSON COORS BEVERAGE INC.,TAP
MOLSON COORS BEVERAGE LTD,TAP
MOLSON COORS BEVERAGE PLC,TAP
MOLSON_COORS_B,
MONCLER SPA,MONCVI
MONDELEZ INTERNATIONAL,MDLZ
MONDELEZ INTERNATIONAL CO,MDLZ
MONDELEZ INTERNATIONAL COMPANY,MDLZ
MONDELEZ INTERNATIONAL CORP,MDLZ
MONDELEZ INTERNATIONAL CORPORATION,MDLZ
MONDELEZ INTERNATIONAL INC,MDLZ
MONDELEZ INTERNATIONAL INC-A,MDLZVI
MONDELEZ INTERNATIONAL INC.,MDLZ
MONDELEZ INTERNATIONAL LTD,MDLZ
MONDELEZ INTERNATIONAL PLC,MDLZ
MONGODB INC,MDB
MONOLITHIC POWER SYSTEMS,MPWR
MONOLITHIC POWER SYSTEMS CO,MPWR
MONOLITHIC POWER SYSTEMS COMPANY,MPWR
MONOLITHIC POWER SYSTEMS CORP,MPWR
MONOLITHIC POWER SYSTEMS CORPORATION,MPWR
MONOLITHIC POWER SYSTEMS INC,MPWR
MONOLITHIC POWER SYSTEMS INC.,MPWR
MONOLITHIC POWER SYSTEMS LTD,MPWR
MONOLITHIC POWER SYSTEMS PLC,MPWR
MONOTARO,6XQF
MONSTER BEVERAGE,MNST
MONSTER BEVERAGE CO,MNST
MONSTER BEVERAGE COMPANY,MNST
MONSTER BEVERAGE CORP,MNST
MONSTER BEVERAGE CORPORATION,MNST
MONSTER BEVERAGE INC,MNST
MONSTER BEVERAGE INC.,MNST
MONSTER BEVERAGE LTD,MNST
MONSTER BEVERAGE PLC,MNST
MONTAGE TECHNOLOGY CO LTD-A,
MOODY'S,MCO
MOODY'S CO,MCO
MOODY'S COMPANY,MCO
MOODY'S CORP,MCO
MOODY'S CORPORATION,MCO
MOODY'S INC,MCO
MOODY'S INC.,MCO
MOODY'S LTD,MCO
MOODY'S PLC,MCO
MOODYS CORP,MCO
MORGAN STANLEY,MS
MORGAN STANLEY CO,MS
MORGAN STANLEY COMPANY,MS
MORGAN STANLEY CORP,MS
MORGAN STANLEY CORPORATION,MS
MORGAN STANLEY INC,MS
MORGAN STANLEY INC.,MS
MORGAN STANLEY LTD,MS
MORGAN STANLEY PLC,MS
MOSAIC CO/THE,1MOSMI
MOSAIC COMPANY (THE),MOS
MOSAIC COMPANY (THE) CO,MOS
MOSAIC COMPANY (THE) COMPANY,MOS
MOSAIC COMPANY (THE) CORP,MOS
MOSAIC COMPANY (THE) CORPORATION,MOS
MOSAIC COMPANY (THE) INC,MOS
MOSAIC COMPANY (THE) INC.,MOS
MOSAIC COMPANY (THE) LTD,MOS
MOSAIC COMPANY (THE) PLC,MOS
MOTOROLA SOLUTIONS,MSI
MOTOROLA SOLUTIONS CO,MSI
MOTOROLA SOLUTIONS COMPANY,MSI
MOTOROLA SOLUTIONS CORP,MSI
MOTOROLA SOLUTIONS CORPORATION,MSI
MOTOROLA SOLUTIONS INC,MSI
MOTOROLA SOLUTIONS INC.,MSI
MOTOROLA SOLUTIONS LTD,MSI
MOTOROLA SOLUTIONS PLC,MSI
MOWI ASA,MHGVY
MP MATERIALS CORP,MP
MPC 5.15 03/01/30,
MPC 5.7 03/01/35,
MPLX 4.95 09/01/32,
MPLX 5.4 04/01/35,
MPLX 5.4 09/15/35,
MPLX 5.95 04/01/55,
MPLX 6.2 09/15/55,
MRK 2 3/4 12/10/51,
MRK 4.15 03/15/31,
MRK 4.3 05/17/30,
MRK 4.9 05/17/44,
MRK 4.95 09/15/35,
MS 1.928 04/28/32,
MS 3.217 04/22/42,
MS 4.465 11/19/31,
MS 5.073 01/30/37,
MS 5.192 04/17/31,
MS 5.32 07/19/35,
MS 5.424 07/21/34,
MS 5.449 07/20/29,
MS 5.516 11/19/55,
MS 6.342 10/18/33,
MS&AD  INS GR HLDGS,59MDU
MS&AD INSURANCE GROUP HOLDIN,59MDU
MSA SAFETY INC,MSA
MSC INDL DIRECT,
MSC INDUSTRIAL DIRECT CO INC,MSM
MSC INDUSTRIAL DIRECT CO-A,
MSCI,MSCI
MSCI 5 1/4 09/01/35,
MSCI CO,MSCI
MSCI COMPANY,MSCI
MSCI CORP,MSCI
MSCI CORPORATION,MSCI
MSCI China Futures Jun26,
MSCI INC,MSCI
MSCI INC.,MSCI
MSCI Inc.,MSCI
MSCI LTD,MSCI
MSCI PLC,MSCI
MSCI US REIT Net Total Return USD Index,
MSCI US REIT Net Total Return USD Index_2,
MSCI US REIT Net Total Return USD Index_3,
MSCI US REIT Net Total Return USD Index_4,
MSCI World Index Futures 2026 06,
MSFT 2.921 03/17/52,
MSFT 3.7 08/08/46,
MSFT 4 1/4 02/06/47,
MSI 5.55 08/15/35,
MTB 5.179 07/08/31,
MTB 5.385 01/16/36,
MTR Corp,MTR
MTU AERO ENGINES AG,MTXDE
MUENCHENER RUECKVER AG-REG,
MUFG 5.159 04/24/31,
MUFG 5.472 09/13/33,
MUFG 5.615 04/24/36,
MURATA MANUFACTURING CO LTD,MRAAY
MURATA MFG CO,
MURPHY OIL CORP,MUR
MUYUAN FOODS CO LTD-A,
MUYUAN FOODSTUFF CO LTD,
Macy's Inc,M
Magnum Ice Cream Co NV/The,MICCAXC
Mahindra & Mahindra Ltd,MHIDLXC
Mango Excellent Media Co Ltd,300413.SZ
Marathon Petroleum,MPC
Marathon Petroleum Corp,MPC
Marriott International,MAR
Marsh & McLennan Cos Inc,MSNDU
Marsh McLennan,MRSH
Martin Marietta Materials,MLM
Martin Marietta Materials Inc,MLM
Maruti Suzuki India Ltd,MARUTINS
Marvell Technology,MRVL
Marzetti Company/The,
MasTec Inc,MTZ
Masco,MAS
Masco Corp,MAS
Mastercard,MA
MatsukiyoCocokara & Co,MSMKF
Max Healthcare Institute Ltd,MAXHEALTHBO
Maxscend Microelectronics Co Ltd,300782.SZ
McCormick & Co Inc/MD,
McCormick & Company,MKC
McDonald's,MCD
McKesson Corporation,MCK
Medtronic,MDT
Medtronic Plc,MDT
Mercado Libre,MELI
Mercari Inc,MCARY
Merck & Co,MRK
Merck & Co.,MRK
MetLife,MET
MetLife Inc,MET
Meta Platforms,META
Meta Platforms Inc-CL A,
Metallurgical Corp of China Ltd,6MTMU
Mettler Toledo,MTD
MicroStrategy,MSTR
Microchip Technology,MCHP
Micron Technology,MU
Micron Technology Inc,MU
Microsoft,MSFT
Mid-America Apartment Communities,MAA
Midea Group Co Ltd,0300.HK
Mitsubishi Chemical Group Corp,4188.T
Mitsui Kinzoku Co Ltd,5706.T
Moderna,MRNA
Moderna Inc,MRNA
Moelis & Co,MC
Molson Coors Beverage Company,TAP
Monday.com Ltd,MNDY
Mondelez International,MDLZ
Monolithic Power Systems,MPWR
Monolithic Power Systems Inc,MPWR
Monster Beverage,MNST
Montage Technology Co Ltd,688008.SS
Moody's Corp,MCO
Moody's Corporation,MCO
Morgan Stanley,MS
Mosaic Co/The,1MOSMI
Mosaic Company (The),MOS
Motorola Solutions,MSI
Motorola Solutions Inc,MSI
Murphy Oil Corp,MUR
Muyuan Foods Co Ltd,002714.SZ
NARI TECHNOLOGY CO LTD-A,
NARI TECHNOLOGY DEVELOPMEN-A,
NARI Technology Co Ltd,600406.SS
NASDAQ,NDAQ
NASDAQ CO,NDAQ
NASDAQ COMPANY,NDAQ
NASDAQ CORP,NDAQ
NASDAQ CORPORATION,NDAQ
NASDAQ INC,NDAQ
NASDAQ INC.,NDAQ
NASDAQ LTD,NDAQ
NASDAQ OMX Group/The,
NASDAQ PLC,NDAQ
"NASDAQ, INC.",NDAQ
NATIONAL BANK HOLD-CL A,
NATIONAL BANK OF CANADA,NATO
NATIONAL FUEL GAS CO,NFG
NATIONAL GRID PLC,NGG
NATIONAL RETAIL PROPERTIES,NNN
NATIONAL SILICON INDUSTRY -A,688126.SS
NATIONAL STORAGE AFFILIATES,NSA
NATL AUSTRALIA BK,
NATL HEALTH INVESTORS INC,
NATWEST GROUP PLC,NWGL
NAURA TECHNOLOGY GROUP CO-A,
NAURA Technology Group Co Ltd,002371.SZ
NAVER,
NC,NC
NDAQ 6.1 06/28/63,
NEBIUS GROUP NV,NBIS
NEC,6701.T
NEC CORP,6701.T
NEE 4 1/8 02/01/42,
NEE 5 1/4 02/28/53,
NEE 5.05 03/15/30,
NEE 5.45 03/15/35,
NEE 5.8 03/15/65,
NEE 5.9 03/15/55,
NEMETSCHEK SE,NEMDE
NESTE OIL OYJ,
NESTLE INDIA LTD,NESTLEINDNS
NESTLE SA-REG,
NETAPP,NTAP
NETAPP CO,NTAP
NETAPP COMPANY,NTAP
NETAPP CORP,NTAP
NETAPP CORPORATION,NTAP
NETAPP INC,NTAP
NETAPP INC.,NTAP
NETAPP LTD,NTAP
NETAPP PLC,NTAP
NETEASE,NTES
NETEASE CLOUD MUSIC INC,9899.HK
NETEASE INC,NTES
NETFLIX,NFLX
NETFLIX CO,NFLX
NETFLIX COMPANY,NFLX
NETFLIX CORP,NFLX
NETFLIX CORPORATION,NFLX
NETFLIX INC,NFLX
NETFLIX INC.,NFLX
NETFLIX LTD,NFLX
NETFLIX PLC,NFLX
"NETFLIX, INC.",NFLX
NETSTREIT CORP,64NSG
NEUROCRINE BIOSCIENCES INC,NBIX
NEW CHINA LIFE INSURANCE C-A,
NEW CHINA LIFE INSURANCE C-H,
NEW HOPE LIUHE CO LTD-A,
NEW ORIENTAL EDUCATION & TEC,EDU
NEWMONT,NEM
NEWMONT CO,NEM
NEWMONT COMPANY,NEM
NEWMONT CORP,NEM
NEWMONT CORPORATION,NEM
NEWMONT INC,NEM
NEWMONT INC.,NEM
NEWMONT LTD,NEM
NEWMONT PLC,NEM
NEWS CORP (CLASS A),NWSA
NEWS CORP (CLASS A) CO,NWSA
NEWS CORP (CLASS A) COMPANY,NWSA
NEWS CORP (CLASS A) CORP,NWSA
NEWS CORP (CLASS A) CORPORATION,NWSA
NEWS CORP (CLASS A) INC,NWSA
NEWS CORP (CLASS A) INC.,NWSA
NEWS CORP (CLASS A) LTD,NWSA
NEWS CORP (CLASS A) PLC,NWSA
NEWS CORP (CLASS B),NWS
NEWS CORP (CLASS B) CO,NWS
NEWS CORP (CLASS B) COMPANY,NWS
NEWS CORP (CLASS B) CORP,NWS
NEWS CORP (CLASS B) CORPORATION,NWS
NEWS CORP (CLASS B) INC,NWS
NEWS CORP (CLASS B) INC.,NWS
NEWS CORP (CLASS B) LTD,NWS
NEWS CORP (CLASS B) PLC,NWS
NEWS CORP - CLASS A,NC0SG
NEWS CORP - CLASS B,
NEWS CORP-CL A,NC0SG
NEXON CO LTD,NEXOY
NEXPOINT RESIDENTIAL,5O4F
NEXSTAR MEDIA GROUP INC,NXST
NEXT FUNDS Nikkei 225 Exchange Traded Fu,1321.T
NEXT FUNDS TOPIX ETF,
NEXT PLC,NEXT
NEXTERA ENERGY,NEE
NEXTERA ENERGY CO,NEE
NEXTERA ENERGY COMPANY,NEE
NEXTERA ENERGY CORP,NEE
NEXTERA ENERGY CORPORATION,NEE
NEXTERA ENERGY INC,NEE
NEXTERA ENERGY INC.,NEE
NEXTERA ENERGY LTD,NEE
NEXTERA ENERGY PLC,NEE
NGK CORP,NGKF
NGK INSULATORS LTD,NGIMU
NH FOODS LTD,NI6DU
NHN,NHNKY
NHN KCP,
NH농협은행 본점영업부 20250605-365-1,
NH올원리츠,400760
NH투자증권,005940
NH투자증권 20250813-364-19,
NH투자증권 20250813-364-20,
NH투자증권 20250822-364-66,
NH투자증권 20250822-364-67,
NH투자증권 20250904-364-36,
NH투자증권 20250916-311-208,
NH투자증권 20250916-311-209,
NH투자증권 20251029-351-13,
NH투자증권 20251029-351-14,
NH투자증권 20251124-364-200,
NH투자증권(CP),
NH투자증권(CP)_2,
NH투자증권(CP)_3,
NH투자증권(CP)_4,
NH투자증권(CP)_5,
NH투자증권(CP)_6,
NH투자증권(CP)_7,
NI 5.35 07/15/35,
NI 5.85 04/01/55,
NIBE INDUSTRIER AB-B SHS,
NICE,NICE
NICE LTD,NICE
NICE평가정보,030190
NICHIREI CORP,NI3F
NIDEC,NIBMU
NIDEC CORP,NIBMU
NIKE,NKE
NIKE CO,NKE
NIKE COMPANY,NKE
NIKE CORP,NKE
NIKE CORPORATION,NKE
NIKE INC,NKE
NIKE INC -CL B,NKEVI
NIKE INC CL B,NKE
NIKE INC.,NKE
NIKE LTD,NKE
NIKE PLC,NKE
"NIKE, INC.",NKE
NIKKEI225(OSE) Jun26,
NIKON CORP,NINOY
NINGBO DEYE TECHNOLOGY COR-A,
NINGBO PORT CO LTD-A,
NINGBO TUOPU GROUP CO LTD-A,
NINGBO ZHOUSHAN PORT CO LT-A,
NINGXIA BAOFENG ENERGY GRO-A,
NINTENDO CO LTD,NTDOY
NIO INC,NIO
NIO INC-CLASS A,
NIPPON BUILDING FUND INC,8951.T
NIPPON ELECTRIC GLASS CO LTD,NPGF
NIPPON EXPRESS HOLDINGS,9147.T
NIPPON EXPRESS HOLDINGS INC,9147.T
NIPPON PAINT HOLDINGS CO LTD,4612.T
NIPPON STEEL,NPSCY
NIPPON STEEL CORP,NPSCY
NIPPON YUSEN,9101.T
NIPPON YUSEN KK,
NISOURCE,NI
NISOURCE CO,NI
NISOURCE COMPANY,NI
NISOURCE CORP,NI
NISOURCE CORPORATION,NI
NISOURCE INC,NI
NISOURCE INC.,NI
NISOURCE LTD,NI
NISOURCE PLC,NI
NISSAN CHEMICAL CORP,NNCHY
NISSAN CHEMICAL INDUSTRIES,NSCSG
NISSAN MOTOR,NSANY
NISSAN MOTOR CO LTD,NSANY
NISSHIN SEIFUN GROUP INC,2002.T
NISSUI CORP,1332.T
NITORI HOLDINGS CO LTD,NCLTY
NITTO DENKO,ND5SG
NITTO DENKO CORP,ND5SG
NI스틸,008260
NKE 2.85 03/27/30,
NKE 3 3/8 03/27/50,
NKE 3 7/8 11/01/45,
NN GROUP NV,NNAS
NNN REIT INC,NNN
NOC 4.03 10/15/47,
NOC 4.7 03/15/33,
NOKIA OYJ,NOK
NOMURA 2.679 07/16/30,
NOMURA 4.904 07/01/30,
NOMURA HOLDINGS INC,NSEHM
NOMURA RESEARCH INSTITUTE LT,NURAF
NONGFU SPRING,CNE100004272SG
NONGFU SPRING CO LTD-H,
NORDEA BANK ABP,04QAF
NORDSON,NDSN
NORDSON CO,NDSN
NORDSON COMPANY,NDSN
NORDSON CORP,NDSN
NORDSON CORPORATION,NDSN
NORDSON INC,NDSN
NORDSON INC.,NDSN
NORDSON LTD,NDSN
NORDSON PLC,NDSN
NORFOLK SOUTHERN,NSC
NORFOLK SOUTHERN CO,NSC
NORFOLK SOUTHERN COMPANY,NSC
NORFOLK SOUTHERN CORP,NSC
NORFOLK SOUTHERN CORPORATION,NSC
NORFOLK SOUTHERN INC,NSC
NORFOLK SOUTHERN INC.,NSC
NORFOLK SOUTHERN LTD,NSC
NORFOLK SOUTHERN PLC,NSC
NORSK HYDRO ASA,NHYDY
NORTHERN STAR RESOURCES LTD,NSTAX
NORTHERN TRUST,NTRS
NORTHERN TRUST CO,NTRS
NORTHERN TRUST COMPANY,NTRS
NORTHERN TRUST CORP,NTRS
NORTHERN TRUST CORPORATION,NTRS
NORTHERN TRUST INC,NTRS
NORTHERN TRUST INC.,NTRS
NORTHERN TRUST LTD,NTRS
NORTHERN TRUST PLC,NTRS
NORTHROP GRUMMAN,NOC
NORTHROP GRUMMAN CO,NOC
NORTHROP GRUMMAN COMPANY,NOC
NORTHROP GRUMMAN CORP,NOC
NORTHROP GRUMMAN CORPORATION,NOC
NORTHROP GRUMMAN INC,NOC
NORTHROP GRUMMAN INC.,NOC
NORTHROP GRUMMAN LTD,NOC
NORTHROP GRUMMAN PLC,NOC
NORWEGIAN CRUISE LINE HOLDIN,NCLH
NORWEGIAN CRUISE LINE HOLDINGS,NCLH
NORWEGIAN CRUISE LINE HOLDINGS CO,NCLH
NORWEGIAN CRUISE LINE HOLDINGS COMPANY,NCLH
NORWEGIAN CRUISE LINE HOLDINGS CORP,NCLH
NORWEGIAN CRUISE LINE HOLDINGS CORPORATION,NCLH
NORWEGIAN CRUISE LINE HOLDINGS INC,NCLH
NORWEGIAN CRUISE LINE HOLDINGS INC.,NCLH
NORWEGIAN CRUISE LINE HOLDINGS LTD,NCLH
NORWEGIAN CRUISE LINE HOLDINGS PLC,NCLH
NOTHERN TRUST CORP,
NOVA LTD,NVAX
NOVARTIS AG-REG,
NOVNVX 3.8 09/18/29,
NOVNVX 4.2 09/18/34,
NOVNVX 4.7 09/18/54,
NOVO NORDISK A/S-B,NVOH
NOVONESIS B,
NPC,NPCE
NRG ENERGY,NRG
NRG ENERGY CO,NRG
NRG ENERGY COMPANY,NRG
NRG ENERGY CORP,NRG
NRG ENERGY CORPORATION,NRG
NRG ENERGY INC,NRG
NRG ENERGY INC.,NRG
NRG ENERGY LTD,NRG
NRG ENERGY PLC,NRG
NRG Energy,NRG
NRG Energy Inc,NRG
NSK LTD,NSKFF
NTN CORP,NTNX
NTPC LTD,NTPCGREENBO
NTPC Ltd,NTPCGREENBO
NTT INC,NPPXF
NTT Inc,NPPXF
NUCOR,NUE
NUCOR CO,NUE
NUCOR COMPANY,NUE
NUCOR CORP,NUE
NUCOR CORPORATION,NUE
NUCOR INC,NUE
NUCOR INC.,NUE
NUCOR LTD,NUE
NUCOR PLC,NUE
NUTRIEN,NTR
NVDA 3 1/2 04/01/50,
NVIDIA,NVDA
NVIDIA CO,NVDA
NVIDIA COMPANY,NVDA
NVIDIA CORP,NVDA
NVIDIA CORPORATION,NVDA
NVIDIA Corp,NVDA
NVIDIA INC,NVDA
NVIDIA INC.,NVDA
NVIDIA LTD,NVDA
NVIDIA PLC,NVDA
NVR,NVR
NVR CO,NVR
NVR COMPANY,NVR
NVR CORP,NVR
NVR CORPORATION,NVR
NVR INC,NVR
NVR INC.,NVR
NVR LTD,NVR
NVR PLC,NVR
"NVR, INC.",NVR
"NVR, Inc.",NVR
NWG 3.073 05/22/28,
NWG 5.115 05/23/31,
NXP SEMICONDUCTORS,NXPI
NXP SEMICONDUCTORS CO,NXPI
NXP SEMICONDUCTORS COMPANY,NXPI
NXP SEMICONDUCTORS CORP,NXPI
NXP SEMICONDUCTORS CORPORATION,NXPI
NXP SEMICONDUCTORS INC,NXPI
NXP SEMICONDUCTORS INC.,NXPI
NXP SEMICONDUCTORS LTD,NXPI
NXP SEMICONDUCTORS NV,NXPI
NXP SEMICONDUCTORS PLC,NXPI
NXP Semiconductors,NXPI
NXP Semiconductors NV,NXPI
NXPI 2 1/2 05/11/31,
NXPI 2.65 02/15/32,
NXPI 3.4 05/01/30,
NXPI 4.3 06/18/29,
"Nasdaq, Inc.",NDAQ
Nasdaq100 Emini 2026 06,
Natera Inc,NTRA
National Bank Holdings Corp,NB9F
National Silicon Industry Group Co Ltd,688126.SS
Nestle India Ltd,NESTLEINDNS
NetApp,NTAP
Netflix,NFLX
Netflix Inc,NFLX
"Netflix, Inc.",NFLX
New China Life Insurance Co Ltd,NCLMU
New Hope Liuhe Co Ltd,000876.SZ
New Linde PLC,
Newmont,NEM
Newmont Corp,NEM
News Corp,NMAX
News Corp (Class A),NWSA
News Corp (Class B),NWS
News Corp_2,
Nexstar Media Group Inc,NXST
NextEra Energy,NEE
NiSource,NI
NiSource Inc,NI
"Nike, Inc.",NKE
Nikon Corp,NINOY
Ningbo Deye Technology Corp,605117.SS
Ningbo Tuopu Group Co Ltd,601689.SS
Ningbo Zhoushan Port Co Ltd,601018.SS
Ningxia Baofeng Energy Group Co Ltd,600989.SS
Nissui Corp,1332.T
Nitori Holdings Co Ltd,9843.T
Nomura Research Institute Ltd,NURAF
Nordson Corp,NDSN
Nordson Corporation,NDSN
Norfolk Southern,NSC
Northern Trust,NTRS
Northrop Grumman,NOC
Northrop Grumman Corp,NOC
Norwegian Cruise Line Holdings,NCLH
Norwegian Cruise Line Holdings Ltd,NCLH
Nova Ltd,NVAX
NuScale Power Corp,SMR
Nucor,NUE
Nvidia,NVDA
O 5 5/8 10/13/32,
O'REILLY AUTOMOTIVE,ORLY
O'REILLY AUTOMOTIVE CO,ORLY
O'REILLY AUTOMOTIVE COMPANY,ORLY
O'REILLY AUTOMOTIVE CORP,ORLY
O'REILLY AUTOMOTIVE CORPORATION,ORLY
O'REILLY AUTOMOTIVE INC,ORLY
O'REILLY AUTOMOTIVE INC.,ORLY
O'REILLY AUTOMOTIVE LTD,ORLY
O'REILLY AUTOMOTIVE PLC,ORLY
O'Reilly Automotive,ORLY
O'Reilly Automotive Inc,ORLY
OBAYASHI CORP,OBAHA
OBIC CO LTD,OBICY
OCCIDENTAL PETROLEUM,OXY
OCCIDENTAL PETROLEUM CO,OXY
OCCIDENTAL PETROLEUM COMPANY,OXY
OCCIDENTAL PETROLEUM CORP,OXY
OCCIDENTAL PETROLEUM CORPORATION,OXY
OCCIDENTAL PETROLEUM INC,OXY
OCCIDENTAL PETROLEUM INC.,OXY
OCCIDENTAL PETROLEUM LTD,OXY
OCCIDENTAL PETROLEUM PLC,OXY
OCCIDENTAL_PETROLEUM,
OCI,0QGHIL
OCINCC 5.8 03/15/30,
OCI홀딩스,010060
ODAKYU ELECTRIC RAILWAY CO,V8HF
OFG BANCORP,OFG
OFG Bancorp,OFG
OIL & NATURAL GAS CORP LTD,
OJI HOLDINGS CORP,OJIHA
OKE 4.95 10/15/32,
OKE 5.4 10/15/35,
OKE 6 1/4 10/15/55,
OKE 6 5/8 09/01/53,
OKTA INC,OKTA
OKUMA CORP,6103.T
OLD DOMINION,ODFL
OLD DOMINION CO,ODFL
OLD DOMINION COMPANY,ODFL
OLD DOMINION CORP,ODFL
OLD DOMINION CORPORATION,ODFL
OLD DOMINION FREIGHT LINE,ODFL
OLD DOMINION FREIGHT LINE CO,ODFL
OLD DOMINION FREIGHT LINE COMPANY,ODFL
OLD DOMINION FREIGHT LINE CORP,ODFL
OLD DOMINION FREIGHT LINE CORPORATION,ODFL
OLD DOMINION FREIGHT LINE INC,ODFL
OLD DOMINION FREIGHT LINE INC.,ODFL
OLD DOMINION FREIGHT LINE LTD,ODFL
OLD DOMINION FREIGHT LINE PLC,ODFL
OLD DOMINION INC,ODFL
OLD DOMINION INC.,ODFL
OLD DOMINION LTD,ODFL
OLD DOMINION PLC,ODFL
OLD REPUBLIC INTL CORP,ORI
OLYMPUS,OCPNF
OLYMPUS CORP,OCPNF
OMEGA HEALTHCARE INVESTORS,OHI
OMNICOM GROUP,OMC
OMNICOM GROUP CO,OMC
OMNICOM GROUP COMPANY,OMC
OMNICOM GROUP CORP,OMC
OMNICOM GROUP CORPORATION,OMC
OMNICOM GROUP INC,OMC
OMNICOM GROUP INC.,OMC
OMNICOM GROUP LTD,OMC
OMNICOM GROUP PLC,OMC
OMNIVISION INTEGRATED CIRCUI,603501.SS
OMRON CORP,OMR1MU
OMV AG,XNEF
ON SEMICONDUCTOR,ON
ON SEMICONDUCTOR CO,ON
ON SEMICONDUCTOR COMPANY,ON
ON SEMICONDUCTOR CORP,ON
ON SEMICONDUCTOR CORPORATION,ON
ON SEMICONDUCTOR INC,ON
ON SEMICONDUCTOR INC.,ON
ON SEMICONDUCTOR LTD,ON
ON SEMICONDUCTOR PLC,ON
ON Semiconductor,ON
ONCRTX 3 3/4 04/01/45,
ONCRTX 5.55 06/15/54,
ONEOK,OKE
ONEOK CO,OKE
ONEOK COMPANY,OKE
ONEOK CORP,OKE
ONEOK CORPORATION,OKE
ONEOK INC,OKE
ONEOK INC.,OKE
ONEOK Inc,OKE
ONEOK LTD,OKE
ONEOK PLC,OKE
OPEN TEXT CORP,OTEX
ORACLE,ORCL
ORACLE CO,ORCL
ORACLE COMPANY,ORCL
ORACLE CORP,ORCL
ORACLE CORP JAPAN,OCJDU
ORACLE CORPORATION,ORCL
ORACLE INC,ORCL
ORACLE INC.,ORCL
ORACLE LTD,ORCL
ORACLE PLC,ORCL
ORAFP 5 1/2 02/06/44,
ORANGE,ORKT
ORCL 3.6 04/01/40,
ORCL 3.6 04/01/50,
ORCL 3.65 03/25/41,
ORCL 3.8 11/15/37,
ORCL 3.85 04/01/60,
ORCL 4 11/15/47,
ORCL 5 1/2 08/03/35,
ORCL 5 7/8 09/26/45,
ORCL 5.95 09/26/55,
ORCL 6 08/03/55,
ORCL 6 1/4 11/09/32,
ORCL 6 1/8 07/08/39,
ORCL 6.1 09/26/65,
ORCL 6.15 11/09/29,
ORCL 6.55 02/04/46,
ORCL 6.7 02/04/56,
ORCL 6.9 11/09/52,
OREILLY AUTOMOTIVE INC,ORLY
ORIENT OVERSEAS INTL LTD,ORIF
ORIENT SECURITIES CO LTD-A,
ORIENTAL LAND,OLLHA
ORIENTAL LAND CO LTD,OLLHA
ORION OYJ-CLASS B,
ORIX,O2FF
ORIX CORP,O2FF
ORKLA ASA,ORKOL
ORRSTOWN FINL SERVICES INC,
ORSTED A/S,ORSTEDCO
OSAKA GAS,OSASG
OSAKA GAS CO LTD,OSASG
OTIS WORLDWIDE,OTIS
OTIS WORLDWIDE CO,OTIS
OTIS WORLDWIDE COMPANY,OTIS
OTIS WORLDWIDE CORP,OTIS
OTIS WORLDWIDE CORPORATION,OTIS
OTIS WORLDWIDE INC,OTIS
OTIS WORLDWIDE INC.,OTIS
OTIS WORLDWIDE LTD,OTIS
OTIS WORLDWIDE PLC,OTIS
OTSUKA CORP,3570TWO
OTSUKA HOLDINGS,4578.T
OTSUKA HOLDINGS CO LTD,4578.T
OVERSEA-CHINESE BANKING CORP,O39SI
OXFORD INDUSTRIES INC,OXM
OXY 5.55 10/01/34,
OXY 6.6 03/15/46,
Occidental Petroleum,OXY
Oil & Natural Gas Corp Ltd,
Oklo Inc,OKLO
Old Dominion,ODFL
Old Dominion Freight Line,ODFL
Old Republic International Corp,ORI
OmniVision Integrated Circuits Group Inc,603501.SS
Omnicom Group,OMC
Oneok,OKE
Oracle Corporation,ORCL
Orient Securities Co Ltd/China,
Oriental Land Co Ltd/Japan,
Origin Energy,ORGAX
Orrstown Financial Services Inc,OFRF
Otis Worldwide,OTIS
Otis Worldwide Corp,OTIS
Oxford Industries Inc,OXM
O’REILLY AUTOMOTIVE,ORLY
O’REILLY AUTOMOTIVE CO,ORLY
O’REILLY AUTOMOTIVE COMPANY,ORLY
O’REILLY AUTOMOTIVE CORP,ORLY
O’REILLY AUTOMOTIVE CORPORATION,ORLY
O’REILLY AUTOMOTIVE INC,ORLY
O’REILLY AUTOMOTIVE INC.,ORLY
O’REILLY AUTOMOTIVE LTD,ORLY
O’REILLY AUTOMOTIVE PLC,ORLY
O’Reilly Automotive,ORLY
P G & E CORP,PCG
PACCAR,PCAR
PACCAR CO,PCAR
PACCAR COMPANY,PCAR
PACCAR CORP,PCAR
PACCAR CORPORATION,PCAR
PACCAR INC,PCAR
PACCAR INC.,PCAR
PACCAR Inc,PCAR
PACCAR LTD,PCAR
PACCAR PLC,PCAR
PACKAGING CORP OF AMERICA,PKG
PACKAGING CORPORATION OF AMERICA,PKG
PACKAGING CORPORATION OF AMERICA CO,PKG
PACKAGING CORPORATION OF AMERICA COMPANY,PKG
PACKAGING CORPORATION OF AMERICA CORP,PKG
PACKAGING CORPORATION OF AMERICA CORPORATION,PKG
PACKAGING CORPORATION OF AMERICA INC,PKG
PACKAGING CORPORATION OF AMERICA INC.,PKG
PACKAGING CORPORATION OF AMERICA LTD,PKG
PACKAGING CORPORATION OF AMERICA PLC,PKG
PALANTIR TECHNOLOGIES,PLTR
PALANTIR TECHNOLOGIES CO,PLTR
PALANTIR TECHNOLOGIES COMPANY,PLTR
PALANTIR TECHNOLOGIES CORP,PLTR
PALANTIR TECHNOLOGIES CORPORATION,PLTR
PALANTIR TECHNOLOGIES INC,PLTR
PALANTIR TECHNOLOGIES INC-A,PLTRVI
PALANTIR TECHNOLOGIES INC.,PLTR
PALANTIR TECHNOLOGIES LTD,PLTR
PALANTIR TECHNOLOGIES PLC,PLTR
PALO ALTO NETWORKS,PANW
PALO ALTO NETWORKS CO,PANW
PALO ALTO NETWORKS COMPANY,PANW
PALO ALTO NETWORKS CORP,PANW
PALO ALTO NETWORKS CORPORATION,PANW
PALO ALTO NETWORKS INC,PANW
PALO ALTO NETWORKS INC.,PANW
PALO ALTO NETWORKS LTD,PANW
PALO ALTO NETWORKS PLC,PANW
PAN AMERICAN SILVER CORP,PAAS
PAN PACIFIC INTERNATIONAL HO,DQJCF
PANASONIC HOLDINGS,6752.T
PANASONIC HOLDINGS CORP,6752.T
PANDORA A/S,PNDORACO
PARAMOUNT SKYDANCE,PSKY
PARAMOUNT SKYDANCE CL B,
PARAMOUNT SKYDANCE CO,PSKY
PARAMOUNT SKYDANCE COMPANY,PSKY
PARAMOUNT SKYDANCE CORP,PSKY
PARAMOUNT SKYDANCE CORPORATION,PSKY
PARAMOUNT SKYDANCE INC,PSKY
PARAMOUNT SKYDANCE INC.,PSKY
PARAMOUNT SKYDANCE LTD,PSKY
PARAMOUNT SKYDANCE PLC,PSKY
PARK HOTELS & RESORTS INC,PK
PARKER HANNIFIN,PH
PARKER HANNIFIN CO,PH
PARKER HANNIFIN COMPANY,PH
PARKER HANNIFIN CORP,PH
PARKER HANNIFIN CORPORATION,PH
PARKER HANNIFIN INC,PH
PARKER HANNIFIN INC.,PH
PARKER HANNIFIN LTD,PH
PARKER HANNIFIN PLC,PH
PARTNERS GROUP HOLDING AG,KPGAX
PAYCHEX,PAYX
PAYCHEX CO,PAYX
PAYCHEX COMPANY,PAYX
PAYCHEX CORP,PAYX
PAYCHEX CORPORATION,PAYX
PAYCHEX INC,PAYX
PAYCHEX INC.,PAYX
PAYCHEX LTD,PAYX
PAYCHEX PLC,PAYX
PAYPAL,PYPL
PAYPAL CO,PYPL
PAYPAL COMPANY,PYPL
PAYPAL CORP,PYPL
PAYPAL CORPORATION,PYPL
PAYPAL HOLDINGS INC,PYPL
PAYPAL INC,PYPL
PAYPAL INC.,PYPL
PAYPAL LTD,PYPL
PAYPAL PLC,PYPL
PAYX 5.1 04/15/30,
PCG 3 1/4 06/01/31,
PDD HOLDINGS,PDD
PDD HOLDINGS CO,PDD
PDD HOLDINGS COMPANY,PDD
PDD HOLDINGS CORP,PDD
PDD HOLDINGS CORPORATION,PDD
PDD HOLDINGS INC,PDD
PDD HOLDINGS INC.,PDD
PDD HOLDINGS LTD,PDD
PDD HOLDINGS PLC,PDD
PDD Holdings,PDD
PDD Holdings Inc,PDD
PEARSON PLC,PSO
PEBBLEBROOK HOTEL TRUST,PEB
PEMBINA PIPELINE CORP,PPLTO
PENSKE AUTOMOTIVE GROUP INC,PAG
PENTAIR,PNR
PENTAIR CO,PNR
PENTAIR COMPANY,PNR
PENTAIR CORP,PNR
PENTAIR CORPORATION,PNR
PENTAIR INC,PNR
PENTAIR INC.,PNR
PENTAIR LTD,PNR
PENTAIR PLC,PNR
PEOPLES INSURANCE CO GROU-H,
PEP 2 3/4 10/21/51,
PEP 3.45 10/06/46,
PEP 4.2 07/18/52,
PEP 4.65 07/23/32,
PEPSICO,PEP
PEPSICO CO,PEP
PEPSICO COMPANY,PEP
PEPSICO CORP,PEP
PEPSICO CORPORATION,PEP
PEPSICO INC,PEP
PEPSICO INC.,PEP
PEPSICO LTD,PEP
PEPSICO PLC,PEP
PERNOD RICARD SA,RIPA
PETROCHINA,0857.HK
PETROCHINA CO LTD-A,
PETROCHINA CO LTD-H,
PETROLEO BRASIL-SP PREF  ADR,
PETROLEO BRASILEIRO-SPON ADR,
PFE 2.55 05/28/40,
PFE 2.7 05/28/50,
PFE 5.3 05/19/53,
PFE 5.34 05/19/63,
PFIZER,PFE
PFIZER CO,PFE
PFIZER COMPANY,PFE
PFIZER CORP,PFE
PFIZER CORPORATION,PFE
PFIZER INC,PFE
PFIZER INC.,PFE
PFIZER LTD,PFE
PFIZER PLC,PFE
PG 3 03/25/30,
PG&E,PCG
PG&E CO,PCG
PG&E COMPANY,PCG
PG&E CORP,PCG
PG&E CORPORATION,PCG
PG&E Corporation,PCG
PG&E INC,PCG
PG&E INC.,PCG
PG&E LTD,PCG
PG&E PLC,PCG
PHARMARON BEIJING CO LTD-A,
PHILIP MORRIS INTERNATIONAL,PM
PHILIP MORRIS INTERNATIONAL CO,PM
PHILIP MORRIS INTERNATIONAL COMPANY,PM
PHILIP MORRIS INTERNATIONAL CORP,PM
PHILIP MORRIS INTERNATIONAL CORPORATION,PM
PHILIP MORRIS INTERNATIONAL INC,PM
PHILIP MORRIS INTERNATIONAL INC.,PM
PHILIP MORRIS INTERNATIONAL LTD,PM
PHILIP MORRIS INTERNATIONAL PLC,PM
PHILIP_MORRIS_INTERNATIONAL,
PHILLIPS 66,PSX
PHILLIPS 66 CO,PSX
PHILLIPS 66 COMPANY,PSX
PHILLIPS 66 CORP,PSX
PHILLIPS 66 CORPORATION,PSX
PHILLIPS 66 INC,PSX
PHILLIPS 66 INC.,PSX
PHILLIPS 66 LTD,PSX
PHILLIPS 66 PLC,PSX
PHILLIPS EDISON & COMPANY IN,PECO
PICC HOLDING CO-A,
PICC PROPERTY & CASUALTY-H,
PICC PROPERTY&CASUALTY,PJCDU
PIEDMONT REALTY TRUST INC,PDM
PIMCO 25+ YR ZERO CPN US TIF,
PING AN,2318.HK
PING AN BANK CO LTD-A,
PING AN INSURANCE GROUP CO-A,
PING AN INSURANCE GROUP CO-H,PZXVI
PINNACLE WEST CAPITAL,PNW
PINNACLE WEST CAPITAL CO,PNW
PINNACLE WEST CAPITAL COMPANY,PNW
PINNACLE WEST CAPITAL CORP,PNW
PINNACLE WEST CAPITAL CORPORATION,PNW
PINNACLE WEST CAPITAL INC,PNW
PINNACLE WEST CAPITAL INC.,PNW
PINNACLE WEST CAPITAL LTD,PNW
PINNACLE WEST CAPITAL PLC,PNW
PINTEREST INC- CLASS A,
PI첨단소재,PI
PKC,PKCOF
PLD 1 1/4 10/15/30,
PLD 5 1/4 05/15/35,
PLUS KOFR금리,
PLUS 국채선물3년,
PLUS 선진국MSCI(합성 H),
PLUS 신흥국MSCI(합성 H),
PM 4.9 11/01/34,
PM 5 3/4 11/17/32,
PNC 5.068 01/24/34,
PNC 5.373 07/21/36,
PNC FINANCIAL SERVICES,PNC
PNC FINANCIAL SERVICES CO,PNC
PNC FINANCIAL SERVICES COMPANY,PNC
PNC FINANCIAL SERVICES CORP,PNC
PNC FINANCIAL SERVICES CORPORATION,PNC
PNC FINANCIAL SERVICES GROUP,PNC
PNC FINANCIAL SERVICES INC,PNC
PNC FINANCIAL SERVICES INC.,PNC
PNC FINANCIAL SERVICES LTD,PNC
PNC FINANCIAL SERVICES PLC,PNC
PNC Financial Services,PNC
POLY DEVELOPMENTS AND HOLD-A,
POLY REAL ESTATE GROUP CO -A,
POOL,POOL
POOL CO,POOL
POOL COMPANY,POOL
POOL CORP,POOL
POOL CORPORATION,POOL
POOL INC,POOL
POOL INC.,POOL
POOL LTD,POOL
POOL PLC,POOL
POP MART INTERNATIONAL GROUP,POPMF
PORSCHE AUTOMOBIL HLDG-PRF,
POSCO313-3,
POSCO314-2,
POSCO홀딩스,005490
POSTAL SAVINGS BANK OF CHI-A,
POSTAL SAVINGS BANK OF CHI-H,
POSTAL SAVINGS BANK OF CHINA,PSTVY
POSTE ITALIANE SPA,PSTMXC
POWER ASSETS HOLDINGS LTD,HGKGY
POWER CONSTRUCTION,508026.SS
POWER CONSTRUCTION CORP OF-A,
POWER CORP OF CANADA,POWTO
POWER GRID CORP OF INDIA LTD,POWERGRIDNS
PPG INDUSTRIES,PPG
PPG INDUSTRIES CO,PPG
PPG INDUSTRIES COMPANY,PPG
PPG INDUSTRIES CORP,PPG
PPG INDUSTRIES CORPORATION,PPG
PPG INDUSTRIES INC,PPG
PPG INDUSTRIES INC.,PPG
PPG INDUSTRIES LTD,PPG
PPG INDUSTRIES PLC,PPG
PPG Industries,PPG
PPG Industries Inc,PPG
PPL,PPL
PPL 5 1/4 09/01/34,
PPL CO,PPL
PPL COMPANY,PPL
PPL CORP,PPL
PPL CORPORATION,PPL
PPL Corporation,PPL
PPL INC,PPL
PPL INC.,PPL
PPL LTD,PPL
PPL PLC,PPL
PREFERRED BANK/LOS ANGELES,
PRINCIPAL FINANCIAL GROUP,PFG
PRINCIPAL FINANCIAL GROUP CO,PFG
PRINCIPAL FINANCIAL GROUP COMPANY,PFG
PRINCIPAL FINANCIAL GROUP CORP,PFG
PRINCIPAL FINANCIAL GROUP CORPORATION,PFG
PRINCIPAL FINANCIAL GROUP INC,PFG
PRINCIPAL FINANCIAL GROUP INC.,PFG
PRINCIPAL FINANCIAL GROUP LTD,PFG
PRINCIPAL FINANCIAL GROUP PLC,PFG
PROCTER & GAMBLE,PG
PROCTER & GAMBLE CO,PG
PROCTER & GAMBLE CO/THE,PRGDXD
PROCTER & GAMBLE COMPANY,PG
PROCTER & GAMBLE CORP,PG
PROCTER & GAMBLE CORPORATION,PG
PROCTER & GAMBLE INC,PG
PROCTER & GAMBLE INC.,PG
PROCTER & GAMBLE LTD,PG
PROCTER & GAMBLE PLC,PG
PROGRESSIVE,PGR
PROGRESSIVE CO,PGR
PROGRESSIVE COMPANY,PGR
PROGRESSIVE CORP,PGR
PROGRESSIVE CORPORATION,PGR
PROGRESSIVE INC,PGR
PROGRESSIVE INC.,PGR
PROGRESSIVE LTD,PGR
PROGRESSIVE PLC,PGR
PROLOGIS,PLD
PROLOGIS CO,PLD
PROLOGIS COMPANY,PLD
PROLOGIS CORP,PLD
PROLOGIS CORPORATION,PLD
PROLOGIS INC,PLD
PROLOGIS INC REIT,
PROLOGIS INC.,PLD
PROLOGIS LTD,PLD
PROLOGIS PLC,PLD
PROSHARES ULTRA 20+ YEAR TSY,
PROSUS NV,PRXAS
PRU 3.7 03/13/51,
PRUDENTIAL FINANCIAL,PRU
PRUDENTIAL FINANCIAL CO,PRU
PRUDENTIAL FINANCIAL COMPANY,PRU
PRUDENTIAL FINANCIAL CORP,PRU
PRUDENTIAL FINANCIAL CORPORATION,PRU
PRUDENTIAL FINANCIAL INC,PRU
PRUDENTIAL FINANCIAL INC.,PRU
PRUDENTIAL FINANCIAL LTD,PRU
PRUDENTIAL FINANCIAL PLC,PRU
PRUDENTIAL PLC,PRU
PRYSMIAN SPA,EUHA
PSX 3.3 03/15/52,
PTC,PTC
PTC CO,PTC
PTC COMPANY,PTC
PTC CORP,PTC
PTC CORPORATION,PTC
PTC INC,PTC
PTC INC.,PTC
PTC Inc,PTC
PTC Inc.,PTC
PTC LTD,PTC
PTC PLC,PTC
PUBLIC SERVICE ENTERPRISE GP,PEGVI
PUBLIC SERVICE ENTERPRISE GROUP,PEG
PUBLIC SERVICE ENTERPRISE GROUP CO,PEG
PUBLIC SERVICE ENTERPRISE GROUP COMPANY,PEG
PUBLIC SERVICE ENTERPRISE GROUP CORP,PEG
PUBLIC SERVICE ENTERPRISE GROUP CORPORATION,PEG
PUBLIC SERVICE ENTERPRISE GROUP INC,PEG
PUBLIC SERVICE ENTERPRISE GROUP INC.,PEG
PUBLIC SERVICE ENTERPRISE GROUP LTD,PEG
PUBLIC SERVICE ENTERPRISE GROUP PLC,PEG
PUBLIC STORAGE,PSA
PUBLIC STORAGE CO,PSA
PUBLIC STORAGE COMPANY,PSA
PUBLIC STORAGE CORP,PSA
PUBLIC STORAGE CORPORATION,PSA
PUBLIC STORAGE INC,PSA
PUBLIC STORAGE INC.,PSA
PUBLIC STORAGE LTD,PSA
PUBLIC STORAGE PLC,PSA
PUBLICIS GROUPE,PUBPA
PULTEGROUP,PHM
PULTEGROUP CO,PHM
PULTEGROUP COMPANY,PHM
PULTEGROUP CORP,PHM
PULTEGROUP CORPORATION,PHM
PULTEGROUP INC,PHM
PULTEGROUP INC.,PHM
PULTEGROUP LTD,PHM
PULTEGROUP PLC,PHM
PYPL 5.15 06/01/34,
Paccar,PCAR
Packaging Corp of America,PKG
Packaging Corporation of America,PKG
Palantir Technologies,PLTR
Palantir Technologies Inc,PLTR
Palantir Technologies Inc -A,PLTR
Palo Alto Networks,PANW
Palo Alto Networks Inc,PANW
Pan Pacific International Hold,DQJCF
Pan Pacific International Holdings Corp,DQJCF
Paramount Skydance,PSKY
Paramount Skydance Corp,PSKY
Paramount Skydance Corporation,PSKY
Parker Hannifin,PH
Parker-Hannifin Corp,PH
PayPal,PYPL
PayPal Holdings Inc,PYPL
Paychex,PAYX
Penske Automotive Group Inc,PAG
Pentair,PNR
Peoples Insurance Co Group of China Ltd/,
PepsiCo,PEP
PetroChina Co Ltd,0857.HK
Pfizer,PFE
Pharmaron Beijing Co Ltd,PHBBF
Philip Morris International,PM
Phillips 66,PSX
Phoenix Financial Ltd,PHOETA
Ping An Bank Co Ltd,000001.SZ
Ping An Insurance Group Co of China Ltd,2318.HK
Pinnacle Financial Partners Inc,PNFP
Pinnacle West Capital,PNW
Pinnacle West Capital Corp,PNW
Poly Developments and Holdings Group Co,600048.SS
Pool Corp,POOL
Pool Corporation,POOL
Pop Mart International Group Ltd,POPMF
Postal Savings Bank of China Co Ltd,PSTVY
Power Construction Corp of China Ltd,601669.SS
Power Grid Corp of India Ltd,POWERGRIDNS
Preferred Bank/Los Angeles CA,
Principal Financial Group,PFG
Principal Financial Group Inc,PFG
Pro Medicus Ltd,PMCUF
Procter & Gamble,PG
Progressive Corporation,PGR
Prologis,PLD
Prudential Financial,PRU
Public Service Enterprise Group,PEG
Public Storage,PSA
PulteGroup,PHM
PulteGroup Inc,PHM
QBE INSURANCE GROUP LTD,QBE0MU
QCOM 4 1/2 05/20/52,
QCOM 4.3 05/20/47,
QCOM 6 05/20/53,
QIAGEN N.V.,QGEN
QINGDAO HAIER CO LTD-A,
QINGDAO PORT INTERNATIONAL-A,
QINGHAI SALT LAKE INDUSTRY-A,
QNITY ELECTRONICS,Q
QNITY ELECTRONICS CO,Q
QNITY ELECTRONICS COMPANY,Q
QNITY ELECTRONICS CORP,Q
QNITY ELECTRONICS CORPORATION,Q
QNITY ELECTRONICS INC,Q
QNITY ELECTRONICS INC.,Q
QNITY ELECTRONICS LTD,Q
QNITY ELECTRONICS PLC,Q
QORVO INC,QRVO
QUALCOMM,QCOM
QUALCOMM CO,QCOM
QUALCOMM COMPANY,QCOM
QUALCOMM CORP,QCOM
QUALCOMM CORPORATION,QCOM
QUALCOMM INC,QCOM
QUALCOMM INC.,QCOM
QUALCOMM Inc,QCOM
QUALCOMM LTD,QCOM
QUALCOMM PLC,QCOM
QUANTA SERVICES,PWR
QUANTA SERVICES CO,PWR
QUANTA SERVICES COMPANY,PWR
QUANTA SERVICES CORP,PWR
QUANTA SERVICES CORPORATION,PWR
QUANTA SERVICES INC,PWR
QUANTA SERVICES INC.,PWR
QUANTA SERVICES LTD,PWR
QUANTA SERVICES PLC,PWR
QUEST DIAGNOSTICS,DGX
QUEST DIAGNOSTICS CO,DGX
QUEST DIAGNOSTICS COMPANY,DGX
QUEST DIAGNOSTICS CORP,DGX
QUEST DIAGNOSTICS CORPORATION,DGX
QUEST DIAGNOSTICS INC,DGX
QUEST DIAGNOSTICS INC.,DGX
QUEST DIAGNOSTICS LTD,DGX
QUEST DIAGNOSTICS PLC,DGX
QUIMICA Y MINERA CHIL-SP ADR,
Qantas Airways,QANAX
Qingdao Port International Co Ltd,0QPF
Qinghai Salt Lake Industry Co Ltd,000792.SZ
Qnity Electronics,Q
Qnity Electronics Inc,Q
Qualcomm,QCOM
Quanta Services,PWR
Quanta Services Inc,PWR
Quest Diagnostics,DGX
RABOBK 5 1/4 05/24/41,
RAIFFEISEN BANK INTERNATIONA,RBIVI
RAKUTEN GROUP,4755.T
RAKUTEN GROUP INC,4755.T
RALPH LAUREN,RL
RALPH LAUREN CO,RL
RALPH LAUREN COMPANY,RL
RALPH LAUREN CORP,RL
RALPH LAUREN CORPORATION,RL
RALPH LAUREN INC,RL
RALPH LAUREN INC.,RL
RALPH LAUREN LTD,RL
RALPH LAUREN PLC,RL
RAMBUS INC,RMBS
RANDSTAD HOLDING NV,0NW2IL
RANDSTAD NV,RANDAS
RANGE INTELLIGENT COMPUTI-A,
RATIONAL AG,RAADXC
RAYMOND JAMES FINANCIAL,RJF
RAYMOND JAMES FINANCIAL CO,RJF
RAYMOND JAMES FINANCIAL COMPANY,RJF
RAYMOND JAMES FINANCIAL CORP,RJF
RAYMOND JAMES FINANCIAL CORPORATION,RJF
RAYMOND JAMES FINANCIAL INC,RJF
RAYMOND JAMES FINANCIAL INC.,RJF
RAYMOND JAMES FINANCIAL LTD,RJF
RAYMOND JAMES FINANCIAL PLC,RJF
RAYTHEON TECHNOLOGIES CORP,5URMU
RB Global Inc,RBA
RCICN 4.55 03/15/52,
RDSALN 3 11/26/51,
RDSALN 3 3/4 09/12/46,
REA GROUP LTD,3616.HK
REALTY INCOME,O
REALTY INCOME CO,O
REALTY INCOME COMPANY,O
REALTY INCOME CORP,O
REALTY INCOME CORPORATION,O
REALTY INCOME INC,O
REALTY INCOME INC.,O
REALTY INCOME LTD,O
REALTY INCOME PLC,O
RECKITT BENCKISER GROUP PLC,RKTL
RECORDATI SPA,RER1MU
RECRUIT HOLDINGS CO LTD,6098.T
RED ELECTRICA CORPORACION SA,RE21DU
REGENCY CENTERS,REG
REGENCY CENTERS CO,REG
REGENCY CENTERS COMPANY,REG
REGENCY CENTERS CORP,REG
REGENCY CENTERS CORPORATION,REG
REGENCY CENTERS INC,REG
REGENCY CENTERS INC.,REG
REGENCY CENTERS LTD,REG
REGENCY CENTERS PLC,REG
REGENERON PHARM,REGN
REGENERON PHARMACEUTICALS,REGN
REGENERON PHARMACEUTICALS CO,REGN
REGENERON PHARMACEUTICALS COMPANY,REGN
REGENERON PHARMACEUTICALS CORP,REGN
REGENERON PHARMACEUTICALS CORPORATION,REGN
REGENERON PHARMACEUTICALS INC,REGN
REGENERON PHARMACEUTICALS INC.,REGN
REGENERON PHARMACEUTICALS LTD,REGN
REGENERON PHARMACEUTICALS PLC,REGN
REGIONS FINANCIAL,RF
REGIONS FINANCIAL CO,RF
REGIONS FINANCIAL COMPANY,RF
REGIONS FINANCIAL CORP,RF
REGIONS FINANCIAL CORPORATION,RF
REGIONS FINANCIAL INC,RF
REGIONS FINANCIAL INC.,RF
REGIONS FINANCIAL LTD,RF
REGIONS FINANCIAL PLC,RF
RELIANCE INDUSTRIES LIMITED,RELIANCENS
RELX PLC,RELX
REMEGEN CO LTD-H,
RENAULT SA,RNOPA
RENESAS ELECTRONICS CORP,6723.T
RENTOKIL INITIAL,RTO1F
REPSOL SA,REPMC
REPUBLIC SERVICES,RSG
REPUBLIC SERVICES CO,RSG
REPUBLIC SERVICES COMPANY,RSG
REPUBLIC SERVICES CORP,RSG
REPUBLIC SERVICES CORPORATION,RSG
REPUBLIC SERVICES INC,RSG
REPUBLIC SERVICES INC.,RSG
REPUBLIC SERVICES LTD,RSG
REPUBLIC SERVICES PLC,RSG
RESMED,RMD
RESMED CO,RMD
RESMED COMPANY,RMD
RESMED CORP,RMD
RESMED CORPORATION,RMD
RESMED INC,RMD
RESMED INC.,RMD
RESMED LTD,RMD
RESMED PLC,RMD
RESONA HOLDINGS INC,RSHGY
RESONAC HOLDINGS CORP,4004.T
RESTAURANT BRANDS INTERN,QSR
REVVITY,RVTY
REVVITY CO,RVTY
REVVITY COMPANY,RVTY
REVVITY CORP,RVTY
REVVITY CORPORATION,RVTY
REVVITY INC,RVTY
REVVITY INC.,RVTY
REVVITY LTD,RVTY
REVVITY PLC,RVTY
REXEL SA,RXLPA
REXFORD INDUSTRIAL REALTY IN,3I0F
RFHIC,
RHEINMETALL AG,RHMDE
RICOH,RIC1MU
RICOH CO LTD,RIC1MU
RIO TINTO PLC,RIO
RIOLN 2 3/4 11/02/51,
RIOLN 4 7/8 03/14/30,
RIOLN 5 1/4 03/14/35,
RIOLN 5 3/4 03/14/55,
RISE 단기국공채액티브,RISE
RISE 머니마켓액티브,RISE
RITHM CAPITAL,RITM
RIVIAN AUTOMOTIVE INC-A,1RIVNMI
RJF 3 3/4 04/01/51,
RLJ LODGING TRUST,RLJ
ROBERT HALF INC,RHI
ROBERT HALF INTERNATIONAL INC,RHI
ROBINHOOD MARKETS,HOOD
ROBINHOOD MARKETS CO,HOOD
ROBINHOOD MARKETS COMPANY,HOOD
ROBINHOOD MARKETS CORP,HOOD
ROBINHOOD MARKETS CORPORATION,HOOD
ROBINHOOD MARKETS INC,HOOD
ROBINHOOD MARKETS INC - A,
ROBINHOOD MARKETS INC.,HOOD
ROBINHOOD MARKETS LTD,HOOD
ROBINHOOD MARKETS PLC,HOOD
ROCHE HOLDING,RHHBY
ROCHE HOLDING AG-BR,
ROCKCHIP ELECTRONICS CO L-A,
ROCKET LAB CORP,RKLB
ROCKWELL AUTOMATION,ROK
ROCKWELL AUTOMATION CO,ROK
ROCKWELL AUTOMATION COMPANY,ROK
ROCKWELL AUTOMATION CORP,ROK
ROCKWELL AUTOMATION CORPORATION,ROK
ROCKWELL AUTOMATION INC,ROK
ROCKWELL AUTOMATION INC.,ROK
ROCKWELL AUTOMATION LTD,ROK
ROCKWELL AUTOMATION PLC,ROK
ROCKWOOL INTL A/S-B SHS,
RODAMCO SE&WFD,
ROGERS COMMUNICATIONS INC-B,
ROHM CO LTD,ROM0F
ROLLINS,ROL
ROLLINS CO,ROL
ROLLINS COMPANY,ROL
ROLLINS CORP,ROL
ROLLINS CORPORATION,ROL
ROLLINS INC,ROL
ROLLINS INC.,ROL
ROLLINS LTD,ROL
ROLLINS PLC,ROL
"ROLLINS, INC.",ROL
ROLLS-ROYCE HOLDINGS PLC,RYCEY
RONGSHENG PETRO CHEMICAL-A,
RONGSHENG PETROCHEMICAL CO-A,
ROP 1 3/4 02/15/31,
ROPER TECHNOLOGIES,ROP
ROPER TECHNOLOGIES CO,ROP
ROPER TECHNOLOGIES COMPANY,ROP
ROPER TECHNOLOGIES CORP,ROP
ROPER TECHNOLOGIES CORPORATION,ROP
ROPER TECHNOLOGIES INC,ROP
ROPER TECHNOLOGIES INC.,ROP
ROPER TECHNOLOGIES LTD,ROP
ROPER TECHNOLOGIES PLC,ROP
ROPER_INDUSTRIES,
ROSS STORES,ROST
ROSS STORES CO,ROST
ROSS STORES COMPANY,ROST
ROSS STORES CORP,ROST
ROSS STORES CORPORATION,ROST
ROSS STORES INC,ROST
ROSS STORES INC.,ROST
ROSS STORES LTD,ROST
ROSS STORES PLC,ROST
ROYAL BANK OF CANADA,RYTO
ROYAL CARIBBEAN CRUISES LTD,RCL
ROYAL CARIBBEAN GROUP,RCL
ROYAL CARIBBEAN GROUP CO,RCL
ROYAL CARIBBEAN GROUP COMPANY,RCL
ROYAL CARIBBEAN GROUP CORP,RCL
ROYAL CARIBBEAN GROUP CORPORATION,RCL
ROYAL CARIBBEAN GROUP INC,RCL
ROYAL CARIBBEAN GROUP INC.,RCL
ROYAL CARIBBEAN GROUP LTD,RCL
ROYAL CARIBBEAN GROUP PLC,RCL
ROYALTY PHARMA PLC- CL A,
RPM INTERNATIONAL,RPM
RPM INTERNATIONAL INC,RPM
RPRX 5.2 09/25/35,
RRX 6.4 04/15/33,
RTX,RTX
RTX 2 1/4 07/01/30,
RTX 4.15 05/15/45,
RTX CO,RTX
RTX COMPANY,RTX
RTX CORP,RTX
RTX CORPORATION,RTX
RTX Corp,RTX
RTX Corporation,RTX
RTX INC,RTX
RTX INC.,RTX
RTX LTD,RTX
RTX PLC,RTX
RWE AG,RWEDE
RY 5 02/01/33,
RYMAN HOSPITALITY PROPERTIES,4RHDU
RYOHIN KEIKAKU CO LTD,3RKUMU
Ralph Lauren Corp,RL
Ralph Lauren Corporation,RL
Range Intelligent Computing Technology G,300442.SZ
Raymond James Financial,RJF
Raytheon Technologies Corp,5URMU
Realty Income,O
Realty Income Corp,O
Reddit Inc,RDDT
Regency Centers,REG
Regeneron Pharm Inc,REGN
Regeneron Pharmaceuticals,REGN
Regions Financial Corp,RF
Regions Financial Corporation,RF
Reliance Industries Ltd,RELIANCENS
Reliance Steel & Aluminum Co,RS6DU
Renesas Electornics Corporation,
Renesas Electronics Corp,6723.T
Republic Services,RSG
Republic Services Inc,RSG
ResMed,RMD
ResMed Inc,RMD
Resonac Holdings Corp,4004.T
Revolution Medicines Inc,RVMD
Revvity,RVTY
Revvity Inc,RVTY
Revvity inc,RVTY
Rio Tinto,RIO
Robert Half Inc,RHI
Robinhood Markets,HOOD
Robinhood Markets Inc,HOOD
Roblox Coperation,
Rockchip Electronics Co Ltd,603893.SS
Rocket Cos Inc,
Rocket Lab Corp,RKLB
Rockwell Automation,ROK
Rockwell Automation Inc,ROK
Rohm Co Ltd,ROM0F
Rollins Inc,ROL
"Rollins, Inc.",ROL
Rongsheng Petrochemical Co Ltd,002493.SZ
Roper Technologies,ROP
Ross Stores,ROST
Royal Caribbean Group,RCL
Ryohin Keikaku Co Ltd,3RKUMU
S & T BANCORP INC,STBA
S F HOLDING CO LTD-A,
S&P GLOBAL,SPGI
S&P GLOBAL CO,SPGI
S&P GLOBAL COMPANY,SPGI
S&P GLOBAL CORP,SPGI
S&P GLOBAL CORPORATION,SPGI
S&P GLOBAL INC,SPGI
S&P GLOBAL INC.,SPGI
S&P GLOBAL LTD,SPGI
S&P GLOBAL PLC,SPGI
S&P Global,SPGI
S&P Global Inc,SPGI
S&P500 EMINI FUT JUN 2026,
S&T Bancorp Inc,STBA
S-Oil,USO
S-Oil61-1,
S.F.Holding Co.,
SABRA HEALTH CARE REIT INC,SBRA
SAFEHOLD INC,SAFE
SAFRAN SA,SAFPA
SAGAX AB-B,
SAIC MOTOR CORP LTD-A,
SAIC MOTOR CORPORATION LTD-A,
SAILUN GROUP CO LTD-A,
SAINSBURY (J) PLC,SBRYL
SALESFORCE,CRM
SALESFORCE CO,CRM
SALESFORCE COMPANY,CRM
SALESFORCE CORP,CRM
SALESFORCE CORPORATION,CRM
SALESFORCE INC,CRM
SALESFORCE INC.,CRM
SALESFORCE LTD,CRM
SALESFORCE PLC,CRM
SALMAR ASA,SALMOOL
SAMPO OYJ,SAMPOHE
SAMPO OYJ-A SHS,
SANDISK,SNDK
SANDISK CO,SNDK
SANDISK COMPANY,SNDK
SANDISK CORP,SNDK
SANDISK CORPORATION,SNDK
SANDISK INC,SNDK
SANDISK INC.,SNDK
SANDISK LTD,SNDK
SANDISK PLC,SNDK
SANDS CHINA LTD,599ADU
SANDVIK AB,SANDSXC
SANOFI,SNY
SANTAN 5.294 08/18/27,
SANTAN 6.938 11/07/33,
SANUK 5.136 09/22/36,
SANUSA 5.741 03/20/31,
SANY HEAVY INDUSTRY CO LTD-A,
SAP SE,SAP
SAPPORO HOLDINGS LTD,SBWMU
SAPUTO INC,SAPTO
SARTORIUS AG,SRT3DE
SARTORIUS STEDIM,DIMPA
SATELLITE CHEMICAL CO LTD-A,
SAUL CENTERS INC,BFS
SBA COMM,SBAC
SBA COMMUNICATIONS,SBAC
SBA COMMUNICATIONS CO,SBAC
SBA COMMUNICATIONS COMPANY,SBAC
SBA COMMUNICATIONS CORP,SBAC
SBA COMMUNICATIONS CORPORATION,SBAC
SBA COMMUNICATIONS INC,SBAC
SBA COMMUNICATIONS INC.,SBAC
SBA COMMUNICATIONS LTD,SBAC
SBA COMMUNICATIONS PLC,SBAC
SBA Communications,SBAC
SBA Communications Corp,SBAC
SBI HOLDINGS INC,8473.T
SBI LIFE INSURANCE CO LTD,SBILIFEBO
SBI Life Insurance Co Ltd,SBILIFEBO
SBS,SBS
SBS14-2,
SBUX 2.55 11/15/30,
SBUX 4 1/2 11/15/48,
SB성보,SB
SCENTRE GROUP,SCGAX
SCHINDLER HOLDING AG-REG,
SCHINDLER HOLDING-PART CERT,
SCHLUMBERGER,SLB
SCHLUMBERGER CO,SLB
SCHLUMBERGER COMPANY,SLB
SCHLUMBERGER CORP,SLB
SCHLUMBERGER CORPORATION,SLB
SCHLUMBERGER INC,SLB
SCHLUMBERGER INC.,SLB
SCHLUMBERGER LTD,SLB
SCHLUMBERGER PLC,SLB
SCHNEIDER ELECTRIC SE,SUPA
SCHRODERS PLC,
SCHWAB (CHARLES) CORP,SCHWMX
SCHWAB HIGH YIELD BOND ETF,SCYB
SCOUT24 AG,G24DXC
SCOUT24 SE,G24DXC
SCREEN HOLDINGS CO LTD,7735.T
SCREEN Holdings Co Ltd,7735.T
SDIC CAPITAL CO LTD-A,
SDIC Capital Co Ltd,600061.SS
SDIC Essence Co. Ltd,
SDIC HUAJING POWER HOLDING-A,
SDIC POWER HOLDINGS CO LTD-A,
SDIC Power Holdings Co Ltd,600886.SS
SEA LIMITED ADS EACH REP ONE CLASS,
SEAGATE TECHNOLOGY,STX
SEAGATE TECHNOLOGY CO,STX
SEAGATE TECHNOLOGY COMPANY,STX
SEAGATE TECHNOLOGY CORP,STX
SEAGATE TECHNOLOGY CORPORATION,STX
SEAGATE TECHNOLOGY HOLDINGS,STX
SEAGATE TECHNOLOGY INC,STX
SEAGATE TECHNOLOGY INC.,STX
SEAGATE TECHNOLOGY LTD,STX
SEAGATE TECHNOLOGY PLC,STX
SECOM,9735.T
SECOM CO LTD,9735.T
SECURITAS AB-B SHS,
SEGRO PLC,S4VCF
SEIBU HOLDINGS INC,0H9HA
SEIKO EPSON CORP,SE7MU
SEKISUI CHEMICAL CO LTD,4204.T
SEKISUI HOUSE,SPH1DU
SEKISUI HOUSE LTD,SPH1DU
SEMBCORP INDUSTRIES LTD,U96SI
SEMICONDUCTOR MANUFACTURI-H,
SEMICONDUCTOR MANUFACTURIN-A,
SEMPRA,SRE
SEMPRA CO,SRE
SEMPRA COMPANY,SRE
SEMPRA CORP,SRE
SEMPRA CORPORATION,SRE
SEMPRA ENERGY,SRE
SEMPRA INC,SRE
SEMPRA INC.,SRE
SEMPRA LTD,SRE
SEMPRA PLC,SRE
SENSETIME GROUP INC-CLASS B,
SERES GROUP CO L-A,
SERVICENOW,NOW
SERVICENOW CO,NOW
SERVICENOW COMPANY,NOW
SERVICENOW CORP,NOW
SERVICENOW CORPORATION,NOW
SERVICENOW INC,NOW
SERVICENOW INC.,NOW
SERVICENOW LTD,NOW
SERVICENOW PLC,NOW
SEVEN & I HOLDINGS,S6MSG
SEVEN & I HOLDINGS CO LTD,S6MSG
SEVERN TRENT PLC,SVTL
SF Holding Co Ltd,3198.T
SFA반도체,036540
SG MICRO CORP-A,
SG Micro Corp,300661.SZ
SGC에너지,005090
SGH Ltd,SGHT
SGS,SYRMANS
SG세계물산,004060
SHAANXI COAL,601225.SS
SHAANXI COAL INDUSTRY CO L-A,
SHANDONG GOLD MINING CO LT-A,
SHANDONG GOLD MINING CO LT-H,
SHANDONG HUALU HENGSHENG-A,
SHANDONG NANSHAN ALUMINUM-A,
SHANDONG WEIGAO GP MEDICAL-H,
SHANGHAI BAOSIGHT SOFTWARE-A,
SHANGHAI FOSUN PHARMACEUTI-A,
SHANGHAI INTERNATIONAL AIR-A,
SHANGHAI INTERNATIONAL POR-A,
SHANGHAI PHARMACEUTICALS-A,
SHANGHAI PUDONG DEVEL BANK-A,
SHANGHAI RAAS BLOOD PRODUC-A,
SHANGHAI RURAL COMMERCIAL -A,601825.SS
SHANGHAI UNITED IMAGING HE-A,
SHANJIN INTERNATIONAL GOLD-A,
SHANXI COKING COAL ENERGY-A,
SHANXI XINGHUACUN FEN WINE-A,
SHANXI XISHAN COAL & ELEC-A,
SHARP,SBET
SHARP CORP,SBET
SHD,SHDMU
SHELL PLC,SHEL
SHENGYI TECHNOLOGY CO LTD -A,600183.SS
SHENNAN CIRCUITS CO LTD-A,
SHENWAN HONGYUAN GROUP CO-A,
SHENZHEN CAPCHEM TECHNOLOG-A,
SHENZHEN INOVANCE TECHNOLO-A,
SHENZHEN KEDALI INDUSTRY C-A,
SHENZHEN MINDRAY BIO-MEDIC-A,
SHENZHEN NEW INDUSTRIES BI-A,
SHENZHEN TRANSSION HOLDING-A,
SHENZHOU INT GROUP,S6LAF
SHENZHOU INTERNATIONAL GROUP,S6LAF
SHERWIN-WILLIAMS,SHW
SHERWIN-WILLIAMS CO,SHW
SHERWIN-WILLIAMS CO/THE,
SHERWIN-WILLIAMS COMPANY,SHW
SHERWIN-WILLIAMS CORP,SHW
SHERWIN-WILLIAMS CORPORATION,SHW
SHERWIN-WILLIAMS INC,SHW
SHERWIN-WILLIAMS INC.,SHW
SHERWIN-WILLIAMS LTD,SHW
SHERWIN-WILLIAMS PLC,SHW
SHIFT INC,FOUR
SHIFT Inc,FOUR
SHIMADZU CORP,7701.T
SHIMANO INC,7309.T
SHIMIZU CORP,SHMUY
SHIN-ETSU CHEMICAL,SHECY
SHIN-ETSU CHEMICAL CO LTD,SHECY
SHIONOGI & CO LTD,4507.T
SHISEIDO,SHDMU
SHISEIDO CO LTD,SHDMU
SHIZUOKA FINANCIAL GROUP,P2UHA
SHIZUOKA FINANCIAL GROUP INC,P2UHA
SHNHAN 1 3/8 10/21/26,
SHOPIFY,SHOP
SHOPIFY CO,SHOP
SHOPIFY COMPANY,SHOP
SHOPIFY CORP,SHOP
SHOPIFY CORPORATION,SHOP
SHOPIFY INC,SHOP
SHOPIFY INC - CLASS A,
SHOPIFY INC.,SHOP
SHOPIFY LTD,SHOP
SHOPIFY PLC,SHOP
SHOPIFY-A,
SHRIRAM FINANCE LTD,SHRIRAMFINNS
SICHUAN BIOKIN PHARMACEUTI-A,
SICHUAN CHUANTOU ENERGY CO-A,
SICHUAN KELUN PHARMACEUTIC-A,
SICHUAN KELUN-BIOTECH BIOP-H,
SICHUAN ROAD&BRIDGE GROUP-A,
SIEMENS AG-REG,SIESW
SIEMENS ENERGY,ENRF
SIEMENS ENERGY AG,ENRF
SIEMENS HEALTHINEERS AG,SHLDE
SIEYUAN ELECTRIC CO LTD-A,
SIGNIFY NV,G14HA
SIKA AG-REG,
SILA REALTY TRUST INC,SILA
SILICON MOTION TECHNOL-ADR,
SIMON PROPERTY GP,
SIMON PROPERTY GROUP,SPG
SIMON PROPERTY GROUP CO,SPG
SIMON PROPERTY GROUP COMPANY,SPG
SIMON PROPERTY GROUP CORP,SPG
SIMON PROPERTY GROUP CORPORATION,SPG
SIMON PROPERTY GROUP INC,SPG
SIMON PROPERTY GROUP INC.,SPG
SIMON PROPERTY GROUP LTD,SPG
SIMON PROPERTY GROUP PLC,SPG
SIMPAC,
SINGAPORE AIRLINES LTD,C6LSI
SINGAPORE EXCHANGE LTD,S68SI
SINGAPORE TECH ENGINEERING,S63SI
SINGAPORE TELECOMMUNICATIONS,Z74SI
SINO BIOPHARMACEUTICAL,SMZ1HA
SINO LAND,SNLAY
SINOMINE RESOURCE GROUP CO-A,
SINOPEC(CHINA PET&CHEM),
SINOPHARM GROUP CO-H,
SINOTRUK HONG KONG LTD,3808.HK
SITC INTERNATIONAL HOLDINGS,7S8SG
SIXSLP 6 1/8 07/15/30,
SJG세종,033530
SJM,SJM
SJM 6 1/2 11/15/53,
SJM홀딩스,025530
SK,MOBI
SK284-3,
SK285-3,
SK308-3,
SK308-4,
SK310-2,
SK311-1,
SK311-2,
SK313-2,
SK318-1,
SKANDINAVISKA ENSKILDA BAN-A,SEBCSXD
SKANSKA AB-B SHS,
SKC,SKCAX
SKF AB-B SHARES,
SKYWORKS SOLUTIONS,SWKS
SKYWORKS SOLUTIONS CO,SWKS
SKYWORKS SOLUTIONS COMPANY,SWKS
SKYWORKS SOLUTIONS CORP,SWKS
SKYWORKS SOLUTIONS CORPORATION,SWKS
SKYWORKS SOLUTIONS INC,SWKS
SKYWORKS SOLUTIONS INC.,SWKS
SKYWORKS SOLUTIONS LTD,SWKS
SKYWORKS SOLUTIONS PLC,SWKS
SK가스,018670
SK가스42-2,
SK가스43-3,
SK네트웍스,001740
SK네트웍스186-3,
SK디스커버리,006120
SK디앤디,210980
SK렌터카(CP),
SK렌터카(CP)_10,
SK렌터카(CP)_2,
SK렌터카(CP)_3,
SK렌터카(CP)_4,
SK렌터카(CP)_5,
SK렌터카(CP)_6,
SK렌터카(CP)_7,
SK렌터카(CP)_8,
SK렌터카(CP)_9,
SK리츠,395400
SK바이오사이언스,302440
SK바이오팜,326030
SK스퀘어,402340
SK실트론51-1,
SK아이이테크놀로지,361610
SK에너지44-3,
SK에너지48-4,
SK오션플랜트,100090
SK이노베이션,096770
SK이노베이션23-2,
SK이노베이션24-2,
SK이노베이션7-2,
SK이노베이션7-3,
SK이터닉스,475150
SK인천석유화학 20260316-65-61,
SK인천석유화학 20260316-65-62,
SK인천석유화학 20260316-65-63,
SK인천석유화학 20260316-65-64,
SK인천석유화학 20260316-65-65,
SK인천석유화학 20260316-65-66,
SK인천석유화학 20260316-65-67,
SK인천석유화학 20260316-65-68,
SK인천석유화학 20260316-65-69,
SK인천석유화학 20260316-65-70,
SK인천석유화학 20260401-58-21,
SK인천석유화학 20260401-58-22,
SK인천석유화학 20260401-58-39,
SK인천석유화학 20260401-58-40,
SK인천석유화학(CP),
SK인천석유화학(CP)_10,
SK인천석유화학(CP)_11,
SK인천석유화학(CP)_12,
SK인천석유화학(CP)_13,
SK인천석유화학(CP)_14,
SK인천석유화학(CP)_15,
SK인천석유화학(CP)_16,
SK인천석유화학(CP)_17,
SK인천석유화학(CP)_18,
SK인천석유화학(CP)_19,
SK인천석유화학(CP)_2,
SK인천석유화학(CP)_20,
SK인천석유화학(CP)_21,
SK인천석유화학(CP)_22,
SK인천석유화학(CP)_23,
SK인천석유화학(CP)_24,
SK인천석유화학(CP)_25,
SK인천석유화학(CP)_26,
SK인천석유화학(CP)_3,
SK인천석유화학(CP)_4,
SK인천석유화학(CP)_5,
SK인천석유화학(CP)_6,
SK인천석유화학(CP)_7,
SK인천석유화학(CP)_8,
SK인천석유화학(CP)_9,
SK증권,001510
SK지오센트릭21-1,
SK지오센트릭23-2,
SK지오센트릭24-1,
SK케미칼,285130
SK케미칼15-2,
SK텔레콤,017670
SK텔레콤71-3,
SK텔레콤73-3,
SK텔레콤89-3,
SK텔레콤90-2,
SK하이닉스,000660
SL GREEN REALTY CORP,SLG
SLB LTD,SLB
SLB Ltd,SLB
SMARTSTOP SELF STORAGE REIT,SMA
SMC,SMC
SMC CORP,SMC
SMIC Equity,
SMIND 2 1/8 08/30/26,
SMITH & NEPHEW PLC,SNN
SMITH (A.O.) CORP,
SMITHS GROUP PLC,QS2AF
SMOORE INTERNATIONAL HOLDING,6969.HK
SMURFIT WESTROCK,SW
SMURFIT WESTROCK CO,SW
SMURFIT WESTROCK COMPANY,SW
SMURFIT WESTROCK CORP,SW
SMURFIT WESTROCK CORPORATION,SW
SMURFIT WESTROCK INC,SW
SMURFIT WESTROCK INC.,SW
SMURFIT WESTROCK LTD,SW
SMURFIT WESTROCK PLC,SW
SNAM SPA,SRGMXD
SNAP INC A,
SNAP-ON,SNA
SNAP-ON CO,SNA
SNAP-ON COMPANY,SNA
SNAP-ON CORP,SNA
SNAP-ON CORPORATION,SNA
SNAP-ON INC,SNA
SNAP-ON INC.,SNA
SNAP-ON LTD,SNA
SNAP-ON PLC,SNA
SNPS 4.85 04/01/30,
SNPS 5.7 04/01/55,
SNT다이내믹스,003570
SNT모티브,064960
SNT에너지,100840
SNT홀딩스,036530
SO 3 03/15/52,
SO 4.4 07/01/46,
SO 5 1/4 03/15/34,
SO 5 7/8 03/15/41,
SOBOCN 5.584 10/01/34,
SOCIETE GENERALE SA,GLEPA
SOCIONEXT INC,6526.T
SODEXO,SJ7SG
SOFI TECHNOLOGIES ORD,
SOFINA,8FSHA
SOFTBANK CORP,SFTBY
SOFTBANK Co,SFTBY
SOFTBANK GROUP,SFTBY
SOFTBANK GROUP CORP,SFTBY
SOJITZ CORP,XEBSG
SOLV 5.9 04/30/54,
SOLVENTUM,SOLV
SOLVENTUM CO,SOLV
SOLVENTUM COMPANY,SOLV
SOLVENTUM CORP,SOLV
SOLVENTUM CORPORATION,SOLV
SOLVENTUM INC,SOLV
SOLVENTUM INC.,SOLV
SOLVENTUM LTD,SOLV
SOLVENTUM PLC,SOLV
SOMPO HOLDINGS,SMPNY
SOMPO HOLDINGS INC,8630.T
SONIC HEALTHCARE LTD,SABMU
SONOCO PRODUCTS CO,SON
SONOVA HOLDING AG-REG,
SONY FINANCIAL HOLDINGS INC,
SONY GROUP,SONY
SONY GROUP CORP,SONY
SOOP,
SOUTH32 LTD,S32AX
SOUTHERN,SO
SOUTHERN CO,SO
SOUTHERN CO/THE,
SOUTHERN COMPANY,SO
SOUTHERN CORP,SO
SOUTHERN CORPORATION,SO
SOUTHERN INC,SO
SOUTHERN INC.,SO
SOUTHERN LTD,SO
SOUTHERN PLC,SO
SOUTHWEST AIRLINES,LUV
SOUTHWEST AIRLINES CO,LUV
SOUTHWEST AIRLINES COMPANY,LUV
SOUTHWEST AIRLINES CORP,LUV
SOUTHWEST AIRLINES CORPORATION,LUV
SOUTHWEST AIRLINES INC,LUV
SOUTHWEST AIRLINES INC.,LUV
SOUTHWEST AIRLINES LTD,LUV
SOUTHWEST AIRLINES PLC,LUV
SP 0 02/15/55,
SP 0 05/15/55,
SP 0 08/15/55,
SP 0 11/15/53,
SP 0 11/15/55,
SPDR Energy Select Sector,ZXLETO
SPDR GOLD SHARES,GLD
SPG 3 1/4 09/13/49,
SPGI 5 1/4 09/15/33,
SPIRAX-SARCO ENGINEERING,1LNBHA
SPRING AIRLINES CO LTD-A,
SP삼화,000390
SS SPDR BB HIGH YIELD BOND,
SS SPDR BB ST HI YIELD ETF,
SS SPDR P HIGH YIELD ETF,
SS SPDR P S&P 500 GROWTH ETF,
SS SPDR S&P 500 ETF TRUST-US,
SS&C TECH HOLDINGS,SSNC
SSE PLC,D5LAF
STAG INDUSTRIAL INC,STAG
STANDARD CHARTERED PLC,STANL
STANDARD LIFE PLC,T3V2SG
STANLEY BLACK & DECKER,SWK
STANLEY BLACK & DECKER CO,SWK
STANLEY BLACK & DECKER COMPANY,SWK
STANLEY BLACK & DECKER CORP,SWK
STANLEY BLACK & DECKER CORPORATION,SWK
STANLEY BLACK & DECKER INC,SWK
STANLEY BLACK & DECKER INC.,SWK
STANLEY BLACK & DECKER LTD,SWK
STANLEY BLACK & DECKER PLC,SWK
STARBUCKS,SBUX
STARBUCKS CO,SBUX
STARBUCKS COMPANY,SBUX
STARBUCKS CORP,SBUX
STARBUCKS CORPORATION,SBUX
STARBUCKS INC,SBUX
STARBUCKS INC.,SBUX
STARBUCKS LTD,SBUX
STARBUCKS PLC,SBUX
STARWOOD PROPERTY TRUST INC,STWD
STATE BANK OF INDIA,SBINNS
STATE STREET,STT
STATE STREET CO,STT
STATE STREET COMPANY,STT
STATE STREET CORP,STT
STATE STREET CORPORATION,STT
STATE STREET INC,STT
STATE STREET INC.,STT
STATE STREET LTD,STT
STATE STREET PLC,STT
STATE_STREET,
STEEL DYNAMICS,STLD
STEEL DYNAMICS CO,STLD
STEEL DYNAMICS COMPANY,STLD
STEEL DYNAMICS CORP,STLD
STEEL DYNAMICS CORPORATION,STLD
STEEL DYNAMICS INC,STLD
STEEL DYNAMICS INC.,STLD
STEEL DYNAMICS LTD,STLD
STEEL DYNAMICS PLC,STLD
STELLANTIS NV,STLA
STERIS,STE
STERIS CO,STE
STERIS COMPANY,STE
STERIS CORP,STE
STERIS CORPORATION,STE
STERIS INC,STE
STERIS INC.,STE
STERIS LTD,STE
STERIS PLC,STE
STERRIS,
STMICROELECTRONICS NV,STM
STMICROELECTRONICS NV-NY SHS,
STOCKLAND,SGPAX
STORA ENSO OYJ-R SHS,
STPL Index TRS 251209-01,
STPL Index TRS 251218-18,
STPL Index TRS 260122-03,
STRATEGY INC,MSTR
STRAUMANN HOLDING AG-REG,
STRYKER,SYK
STRYKER CO,SYK
STRYKER COMPANY,SYK
STRYKER CORP,SYK
STRYKER CORPORATION,SYK
STRYKER INC,SYK
STRYKER INC.,SYK
STRYKER LTD,SYK
STRYKER PLC,SYK
STT 4.993 03/18/27,
STX,STX
STX그린로지스,465770
STX엔진,077970
STZ 2 1/4 08/01/31,
SUBARU CORP,FUJHY
SUCN 4 11/15/47,
SUMCO CORP,3436.T
SUMIBK 5.808 09/14/33,
SUMITOMO,8053.T
SUMITOMO CHEMICAL,SMMMU
SUMITOMO CHEMICAL CO LTD,SMMMU
SUMITOMO CORP,8053.T
SUMITOMO ELECTRIC INDUSTRIES,SMOSG
SUMITOMO HEAVY INDUSTRIES,SOHVF
SUMITOMO METAL MINING,S19F
SUMITOMO METAL MINING CO LTD,S19F
SUMITOMO MITSUI FINANCIAL GR,8316.T
SUMITOMO MITSUI TRUST GROUP,SUTNY
SUMITOMO MITSUI TRUST HLDG,
SUMITOMO PHARMA CO LTD,DPMMU
SUMITOMO REALTY & DEVELOPMEN,SURDF
SUMITOMO REALTY&DEV,SURDF
SUN COMMUNITIES,SUI
SUN COMMUNITIES INC,SUI
SUN HUNG KAI PROPERTIES,SUHJY
SUN LIFE FINANCIAL INC,SLFTO
SUN PHARMACEUTICAL INDUS,SUNPHARMANS
SUN&L,SUN
SUNCOR ENERGY INC,SU
SUNCORP GROUP LIMITED,SUNXA
SUNGROW POWER SUPPLY CO LT-A,
SUNNY OPTICAL TECH,2382.HK
SUNSTONE HOTEL INVESTORS INC,UF2SG
SUNTORY BEVERAGE & FOOD LTD,7SNF
SUNWODA ELECTRONIC CO LTD-A,
SUPER MICRO COMPUTER INC,SMCI
SUPERMICRO,SMCI
SUPERMICRO CO,SMCI
SUPERMICRO COMPANY,SMCI
SUPERMICRO CORP,SMCI
SUPERMICRO CORPORATION,SMCI
SUPERMICRO INC,SMCI
SUPERMICRO INC.,SMCI
SUPERMICRO LTD,SMCI
SUPERMICRO PLC,SMCI
SUZANO SA - SPON ADR,
SUZHOU DONGSHAN PRECISION-A,
SUZHOU TFC OPTICAL COMMUNI-A,
SUZUKI MOTOR,SZKMY
SUZUKI MOTOR CORP,SZKMY
SVENSKA CELLULOSA AB SCA-B,
SVENSKA HANDELSBANKEN-A SHS,
SWATCH GROUP,UHRSW
SWEDBANK AB - A SHARES,
SWEDISH ORPHAN BIOVITRUM AB,SOBIST
SWIRE PACIFIC,SWIDU
SWISS LIFE HOLDING AG-REG,
SWISS PRIME SITE-REG,
SWISS RE AG,SRENSW
SWISSCOM AG-REG,
SWK 2 3/4 11/15/50,
SYK 4 1/4 09/11/29,
SYK 4 5/8 09/11/34,
SYK 4.85 02/10/30,
SYK 5.2 02/10/35,
SYMRISE AG,SY1DU
SYNCHRONY FINANCIAL,SYF
SYNCHRONY FINANCIAL CO,SYF
SYNCHRONY FINANCIAL COMPANY,SYF
SYNCHRONY FINANCIAL CORP,SYF
SYNCHRONY FINANCIAL CORPORATION,SYF
SYNCHRONY FINANCIAL INC,SYF
SYNCHRONY FINANCIAL INC.,SYF
SYNCHRONY FINANCIAL LTD,SYF
SYNCHRONY FINANCIAL PLC,SYF
SYNOPSYS,SNPS
SYNOPSYS CO,SNPS
SYNOPSYS COMPANY,SNPS
SYNOPSYS CORP,SNPS
SYNOPSYS CORPORATION,SNPS
SYNOPSYS INC,SNPS
SYNOPSYS INC.,SNPS
SYNOPSYS LTD,SNPS
SYNOPSYS PLC,SNPS
SYSCO,SYY
SYSCO CO,SYY
SYSCO COMPANY,SYY
SYSCO CORP,SYY
SYSCO CORPORATION,SYY
SYSCO INC,SYY
SYSCO INC.,SYY
SYSCO LTD,SYY
SYSCO PLC,SYY
SYSMEX CORP,0YXMU
SYTS,
SYY 5.95 04/01/30,
Saab AB,SAABY
Sailun Group Co Ltd,601058.SS
Salesforce,CRM
Samsara Inc,IOT
Sandisk,SNDK
Sandisk Corp/DE,SNDKNE
Sandoz Group AG,D8YF
Sanrio Co Ltd,SJ8DU
Santos,SANTOSHFBO
Sany Heavy Industry Co Ltd,1741F
Satellite Chemical Co Ltd,002648.SZ
Schlumberger,SLB
Seagate Technology,STX
Seagate Technology Holdings,STX
Semiconductor Manufacturing Internationa,0981.HK
Sempra,SRE
Seres Group Co Ltd,9JB0F
ServiceNow,NOW
ServiceNow Inc,NOW
Shaanxi Coal Industry Co Ltd,601225.SS
Shandong Gold Mining Co Ltd,188HF
Shandong Hualu Hengsheng Chemical Co Ltd,600426.SS
Shandong Nanshan Aluminum Co Ltd,600219.SS
Shanghai Baosight Software Co Ltd,900926.SS
Shanghai Fosun Pharmaceutical Group Co L,08HHF
Shanghai International Airport Co Ltd,600009.SS
Shanghai International Port Group Co Ltd,600018.SS
Shanghai Pharmaceuticals Holding Co Ltd,S1RDU
Shanghai Pudong Development Bank Co Ltd,600000.SS
Shanghai RAAS Blood Products Co Ltd,002252.SZ
Shanghai Rural Commercial Bank,601825.SS
Shanghai Rural Commercial Bank Co Ltd,601825.SS
Shanghai United Imaging Health,688271.SS
Shanghai United Imaging Healthcare Co Lt,688271.SS
Shanjin International Gold Co Ltd,000975.SZ
Shanxi Coking Coal Energy Group Co Ltd,000983.SZ
Shanxi Xinghuacun Fen Wine Factory Co Lt,600809.SS
Shengyi Technology Co Ltd,600183.SS
Shennan Circuits Co Ltd,002916.SZ
Shenwan Hongyuan Group Co Ltd,2X2AF
Shenzhen Mindray Bio-Medical Electronics,300760.SZ
Shenzhen New Industries Biomedical Engin,300832.SZ
Shenzhen Transsion Holdings Co Ltd,688036.SS
Sherwin-Williams,SHW
Sherwin-Williams Co/The,
Shin-Etsu Chemical Co Ltd,SHECY
Shopify,SHOP
Shopify Inc,SHOP
Sichuan Biokin Pharmaceutical Co Ltd,688506.SS
Sichuan Chuantou Energy Co Ltd,600674.SS
Sichuan Kelun Pharmaceutical Co Ltd,002422.SZ
Sichuan Road and Bridge Group,
Sichuan Road and Bridge Group Co Ltd,
Sieyuan Electric Co Ltd,002028.SZ
Sigma Healthcare Ltd,S5YAF
Silver 2026 07,
Simon Property Group,SPG
Skyworks Solutions,SWKS
Skyworks Solutions Inc,SWKS
Smurfit WestRock PLC,SW
Smurfit Westrock,SW
Snap-on,SNA
Snap-on Inc,SNA
Snowflake Inc   - CL A,SNWFVI
Socionext Inc,6526.T
Solactive SOFR Index TRS 231130-04,
Solactive SOFR Index TRS 250310-01,
Solactive SOFR TRS 1,
Solactive SOFR TRS 2,
Solventum,SOLV
Solventum Corp,SOLV
Sony Group Corp,SONY
Southern Company,SO
Southwest Airlines,LUV
Soybeans 2026 07,
Spotify Technology SA,SPOT
Spring Airlines Co Ltd,601021.SS
Stanley Black & Decker,SWK
Stanley Black & Decker Inc,SWK
Stantec Inc,STNTO
Starbucks,SBUX
State Bank of India,SBINNS
State Street Communication Services Sect,
State Street Consumer Discretionary Sect,
State Street Consumer Staples Select Sec,XLP
State Street Corporation,STT
State Street Financial Select Sector SPD,XLF
State Street Health Care Select Sector S,XLV
State Street SPDR Portfolio Long Term Tr,SPTL
State Street SPDR S&P 500 ETF,SPY
State Street SPDR S&P Biotech,XBI
State Street Technology Select Sector SP,XLK
Steel Dynamics,STLD
Steris,STE
Sterling Infrastructure Inc,STRL
Strategy Inc,MSTR
Stryker Corporation,SYK
Sumitomo Pharma Co Ltd,DPMMU
Sun Pharmaceutical Industries,SUNPHARMANS
Sunbelt Rentals Holdings Inc,SUNB
Sungrow Power Supply Co Ltd,300274.SZ
Super Micro Computer Inc,SMCI
Supermicro,SMCI
Suzhou Dongshan Precision Manufacturing,002384.SZ
Suzhou TFC Optical Communication Co Ltd,300394.SZ
Syensqo SA,SHBBF
Synchrony Financial,SYF
Synopsys,SNPS
Synopsys Inc,SNPS
Sysco,SYY
Sysco corp,SYY
T 0 7/8 09/30/26,
T 1 1/4 12/31/26,
T 1 1/8 10/31/26,
T 1 3/8 08/15/50,
T 1 7/8 02/15/51,
T 2 11/15/26,
T 2.55 12/01/33,
T 2.875 05/15/52,
T 3 08/15/52,
T 3 1/2 09/15/53,
T 3 3/4 04/30/27,
T 3 3/4 08/31/26,
T 3 5/8 02/15/53,
T 3 5/8 05/15/53,
T 3.55 09/15/55,
T 3.65 09/15/59,
T 4 1/2 11/15/54,
T 4 1/4 02/15/54,
T 4 1/4 03/15/27,
T 4 1/4 08/15/54,
T 4 1/4 12/31/26,
T 4 1/8 08/15/53,
T 4 3/4 05/15/55,
T 4 3/4 08/15/55,
T 4 3/4 11/15/53,
T 4 3/8 08/15/26,
T 4 5/8 02/15/55,
T 4 5/8 05/15/54,
T 4 5/8 06/30/26,
T 4 5/8 11/15/55,
T 4 7/8 05/31/26,
T 4.3 12/15/42,
T 4.55 11/01/32,
T 4.7 08/15/30,
T 4.9 11/01/35,
T 5 3/8 08/15/35,
T 5.7 11/01/54,
T 6.05 08/15/56,
T ROWE PRICE,TROW
T ROWE PRICE CO,TROW
T ROWE PRICE COMPANY,TROW
T ROWE PRICE CORP,TROW
T ROWE PRICE CORPORATION,TROW
T ROWE PRICE GROUP INC,TROW
T ROWE PRICE INC,TROW
T ROWE PRICE INC.,TROW
T ROWE PRICE LTD,TROW
T ROWE PRICE PLC,TROW
T Rowe Price Group Inc,TROW
T&D HOLDINGS,TJNMU
T&D HOLDINGS INC,TJNMU
T-MOBILE US,TMUS
T-MOBILE US CO,TMUS
T-MOBILE US COMPANY,TMUS
T-MOBILE US CORP,TMUS
T-MOBILE US CORPORATION,TMUS
T-MOBILE US INC,TMUS
T-MOBILE US INC.,TMUS
T-MOBILE US LTD,TMUS
T-MOBILE US PLC,TMUS
T-Mobile US,TMUS
T. ROWE PRICE,TROW
T. Rowe Price,TROW
TACHEM 2.05 03/31/30,
TACHEM 5.2 07/07/35,
TAIHEIYO CEMENT CORP,TIEDU
TAISEI CORP,TISCF
TAIWAN SEMICONDUCTOR-SP ADR,TSFAVI
TAIYO NIPPON SANSO CORP,NPXSG
TAIYO YUDEN CO LTD,TYOYY
TAKASHIMAYA CO LTD,DC9F
TAKE-TWO INTERACTIVE,TTWO
TAKE-TWO INTERACTIVE CO,TTWO
TAKE-TWO INTERACTIVE COMPANY,TTWO
TAKE-TWO INTERACTIVE CORP,TTWO
TAKE-TWO INTERACTIVE CORPORATION,TTWO
TAKE-TWO INTERACTIVE INC,TTWO
TAKE-TWO INTERACTIVE INC.,TTWO
TAKE-TWO INTERACTIVE LTD,TTWO
TAKE-TWO INTERACTIVE PLC,TTWO
TAKE-TWO INTERACTIVE SOFTWRE,
TAKEDA PHARMACEUTICAL,TAK
TAKEDA PHARMACEUTICAL CO LTD,TAK
TAL EDUCATION GROUP- ADR,IZZSG
TANGER INC,T6OF
TAP 4.2 07/15/46,
TAP 5 05/01/42,
TAPESTRY,TPR
TAPESTRY CO,TPR
TAPESTRY COMPANY,TPR
TAPESTRY CORP,TPR
TAPESTRY CORPORATION,TPR
TAPESTRY INC,TPR
TAPESTRY INC.,TPR
TAPESTRY LTD,TPR
TAPESTRY PLC,TPR
"TAPESTRY, INC.",TPR
TARGA RESOURCES,TRGP
TARGA RESOURCES CO,TRGP
TARGA RESOURCES COMPANY,TRGP
TARGA RESOURCES CORP,TRGP
TARGA RESOURCES CORPORATION,TRGP
TARGA RESOURCES INC,TRGP
TARGA RESOURCES INC.,TRGP
TARGA RESOURCES LTD,TRGP
TARGA RESOURCES PLC,TRGP
TARGET,TGT
TARGET CO,TGT
TARGET COMPANY,TGT
TARGET CORP,TGT
TARGET CORPORATION,TGT
TARGET INC,TGT
TARGET INC.,TGT
TARGET LTD,TGT
TARGET PLC,TGT
TATA CONSULTANCY SVCS LTD,
TATA CONSUMER PRODUCTS LTD,TATACONSUMBO
TATA MOTORS PASSENGER VEHICL,TMPVNS
TATA STEEL LTD,TATASTEELNS
TBEA CO LTD-A,
TBEA Co Ltd,600089.SS
TBH글로벌,TBH
TC Energy Corp,TRPTO
TCC스틸,002710
TCL CORP-A,
TCL TECHNOLOGY GROUP CORP-A,
TCL Technology Group Corp,000100.SZ
TDK,TTDKY
TDK CORP,TTDKY
TDK Corp,TTDKY
TE CONNECTIVITY,TEL
TE CONNECTIVITY CO,TEL
TE CONNECTIVITY COMPANY,TEL
TE CONNECTIVITY CORP,TEL
TE CONNECTIVITY CORPORATION,TEL
TE CONNECTIVITY INC,TEL
TE CONNECTIVITY INC.,TEL
TE CONNECTIVITY LTD,TEL
TE CONNECTIVITY PLC,TEL
TE Connectivity,TEL
TE Connectivity Lt,T1EL34SA
TECH MAHINDRA LTD,TECHMNS
TECHTRONIC INDUSTRIES CO LTD,0669.HK
TECK RESOURCES LTD-CLS B,
TEIJIN LTD,TIJSG
TELE2 AB-B SHS,
TELECOM ITALIA SPA,TITVI
TELEDYNE TECHNOLOGIES,TDY
TELEDYNE TECHNOLOGIES CO,TDY
TELEDYNE TECHNOLOGIES COMPANY,TDY
TELEDYNE TECHNOLOGIES CORP,TDY
TELEDYNE TECHNOLOGIES CORPORATION,TDY
TELEDYNE TECHNOLOGIES INC,TDY
TELEDYNE TECHNOLOGIES INC.,TDY
TELEDYNE TECHNOLOGIES LTD,TDY
TELEDYNE TECHNOLOGIES PLC,TDY
TELEFO 4.895 03/06/48,
TELEFO 5.213 03/08/47,
TELEFO 7.045 06/20/36,
TELEFO 8 1/4 09/15/30,
TELEFONICA BRASIL-ADR,
TELEFONICA SA,TEFMC
TELENOR ASA,TELOL
TELIASONERA AB,
TELSTRA CORP LTD,5KBASG
TENARIS SA,TS
TENCENT HOLD,0700.HK
TENCENT HOLDINGS LTD,0700.HK
TENCENT MUSIC ENT - CLASS A,
TENCENT MUSIC ENTERTAINM-ADR,
TERADYNE,TER
TERADYNE CO,TER
TERADYNE COMPANY,TER
TERADYNE CORP,TER
TERADYNE CORPORATION,TER
TERADYNE INC,TER
TERADYNE INC.,TER
TERADYNE LTD,TER
TERADYNE PLC,TER
TERNA SPA,UEISG
TERRENO REALTY CORP,TRNO
TERUMO,4543.T
TERUMO CORP,4543.T
TESCO PLC,TSCOL
TESLA,TSLA
TESLA CO,TSLA
TESLA COMPANY,TSLA
TESLA CORP,TSLA
TESLA CORPORATION,TSLA
TESLA INC,TSLA
TESLA INC.,TSLA
TESLA LTD,TSLA
TESLA MOTORS,TSLA
TESLA PLC,TSLA
"TESLA, INC.",TSLA
TEUCRIUM CORN FUND,CORN
TEVA PHARMACEUTICAL IND LTD,TEVA
TEXAS INSTRUMENTS,TXN
TEXAS INSTRUMENTS CO,TXN
TEXAS INSTRUMENTS COMPANY,TXN
TEXAS INSTRUMENTS CORP,TXN
TEXAS INSTRUMENTS CORPORATION,TXN
TEXAS INSTRUMENTS INC,TXN
TEXAS INSTRUMENTS INC.,TXN
TEXAS INSTRUMENTS LTD,TXN
TEXAS INSTRUMENTS PLC,TXN
TEXAS PACIFIC LAND,TPL
TEXAS PACIFIC LAND CO,TPL
TEXAS PACIFIC LAND COMPANY,TPL
TEXAS PACIFIC LAND CORP,TPL
TEXAS PACIFIC LAND CORPORATION,TPL
TEXAS PACIFIC LAND INC,TPL
TEXAS PACIFIC LAND INC.,TPL
TEXAS PACIFIC LAND LTD,TPL
TEXAS PACIFIC LAND PLC,TPL
TEXTRON,TXT
TEXTRON CO,TXT
TEXTRON COMPANY,TXT
TEXTRON CORP,TXT
TEXTRON CORPORATION,TXT
TEXTRON INC,TXT
TEXTRON INC.,TXT
TEXTRON LTD,TXT
TEXTRON PLC,TXT
TFC 1.95 06/05/30,
TFC 5.071 05/20/31,
TFC 5.122 01/26/34,
TFC 5.153 08/05/32,
TFC 5.711 01/24/35,
TFC 5.867 06/08/34,
TFC 6.123 10/28/33,
TFI INTERNATIONAL INC,TFIITO
TGT 4 1/2 09/15/32,
TGT 5 04/15/35,
THALES SA,HOPA
THE CAMPBELLS COMPANY,CPB
THE CIGNA GROUP,CI
THE SAGE GROUP PLC,SGEL
THE WALT DISNEY CO,DIS
THERMO FISHER SCIENTIFIC,TMO
THERMO FISHER SCIENTIFIC CO,TMO
THERMO FISHER SCIENTIFIC COMPANY,TMO
THERMO FISHER SCIENTIFIC CORP,TMO
THERMO FISHER SCIENTIFIC CORPORATION,TMO
THERMO FISHER SCIENTIFIC INC,TMO
THERMO FISHER SCIENTIFIC INC.,TMO
THERMO FISHER SCIENTIFIC LTD,TMO
THERMO FISHER SCIENTIFIC PLC,TMO
THERMO_FISHER_SCIENTIFIC,
THOMSON REUTERS,TRI
THOMSON REUTERS CO,TRI
THOMSON REUTERS COMPANY,TRI
THOMSON REUTERS CORP,TRI
THOMSON REUTERS CORPORATION,TRI
THOMSON REUTERS INC,TRI
THOMSON REUTERS INC.,TRI
THOMSON REUTERS LTD,TRI
THOMSON REUTERS PLC,TRI
TIANNENG BATTERY GROUP CO -A,688819.SS
TIANQI LITHIUM CORP-A,
TIANQI LITHIUM INDUSTR IND-A,
TIGER 이머징마켓MSCI레버리지(합성 H),
TIM SA-ADR,
TIME 차이나AI테크액티브,
TINGYI (CAYMAN ISLN) HLDG CO,
TIS INC,TISI
TITAN CO LTD,NATOCN
TJX COMPANIES,TJX
TJX COMPANIES CO,TJX
TJX COMPANIES COMPANY,TJX
TJX COMPANIES CORP,TJX
TJX COMPANIES CORPORATION,TJX
TJX COMPANIES INC,TJX
TJX COMPANIES INC.,TJX
TJX COMPANIES LTD,TJX
TJX COMPANIES PLC,TJX
TJX Companies,TJX
TJX_COS,
TKG휴켐스,069260
TKO GROUP HOLDINGS,TKO
TKO GROUP HOLDINGS CO,TKO
TKO GROUP HOLDINGS COMPANY,TKO
TKO GROUP HOLDINGS CORP,TKO
TKO GROUP HOLDINGS CORPORATION,TKO
TKO GROUP HOLDINGS INC,TKO
TKO GROUP HOLDINGS INC.,TKO
TKO GROUP HOLDINGS LTD,TKO
TKO GROUP HOLDINGS PLC,TKO
TKO Group Holdings,TKO
TKO Group Holdings Inc,TKO
TMO 4.215 02/12/31,
TMO 4.977 08/10/30,
TMO 5.086 08/10/33,
TMUS 3 02/15/41,
TMUS 3 7/8 04/15/30,
TMUS 5 1/4 06/15/55,
TMUS 5.2 01/15/33,
TMUS 5.3 05/15/35,
TMUS 5.65 01/15/53,
TMUS 5.85 02/15/56,
TMX GROUP LTD,XTO
TOBU RAILWAY CO LTD,9001.T
TOHO CO LTD,TOHDU
TOKAI CARBON CO LTD,7TCF
TOKIO MARINE HOLDINGS,MH6DU
TOKIO MARINE HOLDINGS INC,MH6DU
TOKUYAMA CORP,TBTF
TOKYO ELECTRIC POWER COMPANY,TPOF
TOKYO ELECTRIC POWER HOLDINGS,
TOKYO ELECTRON,8035.T
TOKYO ELECTRON LTD,8035.T
TOKYO GAS,TOGSG
TOKYO GAS CO LTD,TOGSG
TOKYO TATEMONO CO LTD,T6RMU
TOKYU CORP,8957.T
TOKYU FUDOSAN HOLDINGS CORP,TKFOY
TONGCHENG TRAVEL HOLDINGS LT,TEMF
TONGLING NONFERROUS METALS-A,
TONGWEI CO LTD-A,
TOPIX INDX FURT 2026 06,
TOPPAN HOLDINGS INC,7911.T
TOPPAN PRINTING,TPXSG
TORAY INDUSTRIES INC,TOR1MU
TOROMONT INDUSTRIES LTD,14TF
TORONTO-DOMINION BANK,TDTO
TOSOH CORP,TOSDU
TOTAL 2.986 06/29/41,
TOTAL 3.461 07/12/49,
TOTALENERGIES SE,TTE
TOTO LTD,TOTOJK
TOURMALINE OIL CORP,TOUTO
TOWER SEMICONDUCTOR LTD,TSEM
TOYOTA INDUSTRIES CORP,JP3634600005SG
TOYOTA MOTOR,TM
TOYOTA MOTOR CORP,TM
TOYOTA TSUSHO CORP,8015.T
TP,TPL
TPR 5.1 03/11/30,
TRACTOR SUPPLY,TSCO
TRACTOR SUPPLY CO,TSCO
TRACTOR SUPPLY COMPANY,TSCO
TRACTOR SUPPLY CORP,TSCO
TRACTOR SUPPLY CORPORATION,TSCO
TRACTOR SUPPLY INC,TSCO
TRACTOR SUPPLY INC.,TSCO
TRACTOR SUPPLY LTD,TSCO
TRACTOR SUPPLY PLC,TSCO
TRADE DESK (THE),TTD
TRADE DESK (THE) CO,TTD
TRADE DESK (THE) COMPANY,TTD
TRADE DESK (THE) CORP,TTD
TRADE DESK (THE) CORPORATION,TTD
TRADE DESK (THE) INC,TTD
TRADE DESK (THE) INC.,TTD
TRADE DESK (THE) LTD,TTD
TRADE DESK (THE) PLC,TTD
TRADE DESK INC/THE -CLASS A,TTDVI
TRADEWEB MARKET,TW
TRANE TECHNOLOGIES,TT
TRANE TECHNOLOGIES CO,TT
TRANE TECHNOLOGIES COMPANY,TT
TRANE TECHNOLOGIES CORP,TT
TRANE TECHNOLOGIES CORPORATION,TT
TRANE TECHNOLOGIES INC,TT
TRANE TECHNOLOGIES INC.,TT
TRANE TECHNOLOGIES LTD,TT
TRANE TECHNOLOGIES PLC,TT
TRANSDIGM GROUP,TDG
TRANSDIGM GROUP CO,TDG
TRANSDIGM GROUP COMPANY,TDG
TRANSDIGM GROUP CORP,TDG
TRANSDIGM GROUP CORPORATION,TDG
TRANSDIGM GROUP INC,TDG
TRANSDIGM GROUP INC.,TDG
TRANSDIGM GROUP LTD,TDG
TRANSDIGM GROUP PLC,TDG
TRANSUNION,TRU
TRANSURBAN GROUP,TCLAX
TRAVELERS COMPANIES,TRV
TRAVELERS COMPANIES (THE),TRV
TRAVELERS COMPANIES (THE) CO,TRV
TRAVELERS COMPANIES (THE) COMPANY,TRV
TRAVELERS COMPANIES (THE) CORP,TRV
TRAVELERS COMPANIES (THE) CORPORATION,TRV
TRAVELERS COMPANIES (THE) INC,TRV
TRAVELERS COMPANIES (THE) INC.,TRV
TRAVELERS COMPANIES (THE) LTD,TRV
TRAVELERS COMPANIES (THE) PLC,TRV
TRAVELERS COS INC/THE,
TREND MICRO INC,TMICY
TRENT LTD,SVTL
TRGP 5.4 07/30/36,
TRGP 5.65 02/15/36,
TRGP 6 1/8 03/15/33,
TRIMBLE,TRMB
TRIMBLE CO,TRMB
TRIMBLE COMPANY,TRMB
TRIMBLE CORP,TRMB
TRIMBLE CORPORATION,TRMB
TRIMBLE INC,TRMB
TRIMBLE INC.,TRMB
TRIMBLE LTD,TRMB
TRIMBLE NAVIGATION LTD,TRMB
TRIMBLE PLC,TRMB
TRIP COM GROUP,TCOMNMX
TRIP.COM GROUP LTD,TCOM
TRPCN 4.1 04/15/30,
TRUIST FINANCIAL,TFC
TRUIST FINANCIAL CO,TFC
TRUIST FINANCIAL COMPANY,TFC
TRUIST FINANCIAL CORP,TFC
TRUIST FINANCIAL CORPORATION,TFC
TRUIST FINANCIAL INC,TFC
TRUIST FINANCIAL INC.,TFC
TRUIST FINANCIAL LTD,TFC
TRUIST FINANCIAL PLC,TFC
TRV 5.7 07/24/55,
TRYG A/S,TRYGCO
TSINGHUA UNISPLENDOUR CO-A,
TSINGTAO BREWERY CO LTD-A,
TSINGTAO BREWERY CO LTD-H,
TSN 5.7 03/15/34,
TSURUHA HOLDINGS INC,3391.T
TTEFP 5.488 04/05/54,
TWC 5 7/8 11/15/40,
TWC 6.55 05/01/37,
TWILIO,TWLO
TXN 5.05 05/18/63,
TYLER TECHNOLOGIES,TYL
TYLER TECHNOLOGIES CO,TYL
TYLER TECHNOLOGIES COMPANY,TYL
TYLER TECHNOLOGIES CORP,TYL
TYLER TECHNOLOGIES CORPORATION,TYL
TYLER TECHNOLOGIES INC,TYL
TYLER TECHNOLOGIES INC.,TYL
TYLER TECHNOLOGIES LTD,TYL
TYLER TECHNOLOGIES PLC,TYL
TYM,NTBV
TYSON FOODS,TSN
TYSON FOODS CO,TSN
TYSON FOODS COMPANY,TSN
TYSON FOODS CORP,TSN
TYSON FOODS CORPORATION,TSN
TYSON FOODS INC,TSN
TYSON FOODS INC-CL A,TSNVI
TYSON FOODS INC.,TSN
TYSON FOODS LTD,TSN
TYSON FOODS PLC,TSN
Take-Two Interactive,TTWO
Take-Two Interactive Software Inc,TTWO
Talanx AG,TLXDE
Tapestry Inc,TPR
"Tapestry, Inc.",TPR
Targa Resources,TRGP
Target Corporation,TGT
Tata Consultancy Services Ltd,TCSNS
Tata Consumer Products Ltd,TATACONSUMBO
Tata Motors Passenger Vehicles,TMPVNS
Tata Steel Ltd,TATASTEELNS
Tech Mahindra Ltd,TECHMNS
Teledyne Technologies,TDY
Teledyne Technologies Inc,TDY
Tencent Music Entertainment Group,TME
Teradyne,TER
Teradyne Inc,TER
Tesla Inc,TSLA
"Tesla, Inc.",TSLA
Texas Instruments,TXN
Texas Pacific Land Corp,TPL
Texas Pacific Land Corporation,TPL
Textron,TXT
Textron Inc,TXT
The Campbell's Company,CPB
The Campbell’s Company,CPB
Thermo Fisher Scientific,TMO
Thomson Reuters,TRI
Thomson Reuters Corp,TRITO
Tianqi Lithium Corp,9696.HK
Titan Co Ltd,NATOCN
Toast Inc,TOST
Tokyo Electron Ltd,8035.T
Tongcheng-Elong Holdings Ltd,KYG8918W1069SG
Tongling Nonferrous Metals Group Co Ltd,000630.SZ
Tongwei Co Ltd,600438.SS
TotalEnergies SE,TTE
Tower Semiconductor Ltd,TSEM
Tractor Supply,TSCO
Tractor Supply Co,TSCO
Trade Desk (The),TTD
Trade Desk Inc/The,TTDVI
Trade Desk Inc/The-CLASS A,TTDVI
Trane Technologies,TT
Trane Technologies plc,TT
TransDigm Group,TDG
TransDigm Group Inc,TDG
Travelers Companies (The),TRV
Trelleborg AB,TLLBHA
Trent Ltd,SVTL
Trimble Inc,TRMB
Trimble Inc.,TRMB
Truist Financial,TFC
Truist Financial Corp,TFC
Tsingtao Brewery Co Ltd,0168.HK
Twenty-First Century Fox Inc,
Tyler Technologies,TYL
Tyson Foods,TSN
Tyson Foods Inc,TSN
U.S. BANCORP,USB
U.S. Bancorp,USB
UBE CORP,UBER
UBE Corp,UBER
UBER,UBER
UBER 5.35 09/15/54,
UBER CO,UBER
UBER COMPANY,UBER
UBER CORP,UBER
UBER CORPORATION,UBER
UBER INC,UBER
UBER INC.,UBER
UBER LTD,UBER
UBER PLC,UBER
UBER TECHNOLOGIE,UBER
UBER TECHNOLOGIES INC,UBER
UBS GROUP AG-REG,UBS
UBTECH ROBOTICS CORP LTD-H,
UCB SA,UCB
UDR,UDR
UDR CO,UDR
UDR COMPANY,UDR
UDR CORP,UDR
UDR CORPORATION,UDR
UDR INC,UDR
UDR INC.,UDR
UDR Inc,UDR
UDR LTD,UDR
UDR PLC,UDR
"UDR, INC.",UDR
"UDR, Inc.",UDR
ULTA BEAUTY,ULTA
ULTA BEAUTY CO,ULTA
ULTA BEAUTY COMPANY,ULTA
ULTA BEAUTY CORP,ULTA
ULTA BEAUTY CORPORATION,ULTA
ULTA BEAUTY INC,ULTA
ULTA BEAUTY INC.,ULTA
ULTA BEAUTY LTD,ULTA
ULTA BEAUTY PLC,ULTA
ULTA SALON COSMETICS & FRAGR,
ULTA SALON COSMETICS & FRAGRANCE,
ULTRAPAR PARTICPAC-SPON ADR,
ULTRATECH CEMENT LTD,ULTRACEMCONS
UMH PROPERTIES INC,UMH
UNANA 4 5/8 08/12/34,
UNH 2 05/15/30,
UNH 3.7 08/15/49,
UNH 4.45 12/15/48,
UNH 4.8 01/15/30,
UNH 5 1/2 04/15/64,
UNH 5 1/2 07/15/44,
UNH 5 3/8 04/15/54,
UNH 5 7/8 02/15/53,
UNH 5.15 07/15/34,
UNH 5.3 02/15/30,
UNICHARM,UN4HA
UNICREDIT SPA,UNCRY
UNICREDIT SPA(신),UNCRY
UNIGROUP GUOXIN CO LTD-A,
UNIGROUP GUOXIN MICROELECT-A,
UNILEVER PLC,UL
UNION PACIFIC,UNP
UNION PACIFIC CO,UNP
UNION PACIFIC COMPANY,UNP
UNION PACIFIC CORP,UNP
UNION PACIFIC CORPORATION,UNP
UNION PACIFIC INC,UNP
UNION PACIFIC INC.,UNP
UNION PACIFIC LTD,UNP
UNION PACIFIC PLC,UNP
UNION_PACIFIC_ORD.,
UNISPLENDOUR CORP LTD-A,
UNITED AIRLINES HOLDINGS,UAL
UNITED AIRLINES HOLDINGS CO,UAL
UNITED AIRLINES HOLDINGS COMPANY,UAL
UNITED AIRLINES HOLDINGS CORP,UAL
UNITED AIRLINES HOLDINGS CORPORATION,UAL
UNITED AIRLINES HOLDINGS INC,UAL
UNITED AIRLINES HOLDINGS INC.,UAL
UNITED AIRLINES HOLDINGS LTD,UAL
UNITED AIRLINES HOLDINGS PLC,UAL
UNITED OVERSEAS BANK LTD,U11SI
UNITED PARCEL SERVICE,UPS
UNITED PARCEL SERVICE CO,UPS
UNITED PARCEL SERVICE COMPANY,UPS
UNITED PARCEL SERVICE CORP,UPS
UNITED PARCEL SERVICE CORPORATION,UPS
UNITED PARCEL SERVICE INC,UPS
UNITED PARCEL SERVICE INC.,UPS
UNITED PARCEL SERVICE LTD,UPS
UNITED PARCEL SERVICE PLC,UPS
UNITED PARCEL SERVICE-CL B,
UNITED RENTALS,URI
UNITED RENTALS CO,URI
UNITED RENTALS COMPANY,URI
UNITED RENTALS CORP,URI
UNITED RENTALS CORPORATION,URI
UNITED RENTALS INC,URI
UNITED RENTALS INC.,URI
UNITED RENTALS LTD,URI
UNITED RENTALS PLC,URI
UNITED THERAPEUTICS CORP,UTHR
UNITED UTILITIES GROUP PLC,UUL
UNITEDHEALTH GROUP,UNH
UNITEDHEALTH GROUP CO,UNH
UNITEDHEALTH GROUP COMPANY,UNH
UNITEDHEALTH GROUP CORP,UNH
UNITEDHEALTH GROUP CORPORATION,UNH
UNITEDHEALTH GROUP INC,UNH
UNITEDHEALTH GROUP INC.,UNH
UNITEDHEALTH GROUP LTD,UNH
UNITEDHEALTH GROUP PLC,UNH
UNITEDHEALTH_GROUP,
UNIVERSAL HEALTH SERVICES,UHS
UNIVERSAL HEALTH SERVICES CO,UHS
UNIVERSAL HEALTH SERVICES COMPANY,UHS
UNIVERSAL HEALTH SERVICES CORP,UHS
UNIVERSAL HEALTH SERVICES CORPORATION,UHS
UNIVERSAL HEALTH SERVICES INC,UHS
UNIVERSAL HEALTH SERVICES INC.,UHS
UNIVERSAL HEALTH SERVICES LTD,UHS
UNIVERSAL HEALTH SERVICES PLC,UHS
UNIVERSAL HEALTH SERVICES-B,
UNIVERSAL MUSIC GROUP NV,0VD0DU
UNP 2.15 02/05/27,
UNP 3 1/4 02/05/50,
UNP 3.2 05/20/41,
UNP 4.95 05/15/53,
UPM-KYMMENE OYJ,UPMHE
UPS 5 1/2 05/22/54,
UPS 5.15 05/22/34,
UPS 5.3 04/01/50,
URBAN EDGE PROPERTIES,3UEF
US 10YR NOTE (CBT) 2026 06,
US 10YR NOTE FUT (CBOT) JUN 2026,
US BANCORP,USB
US BANCORP CO,USB
US BANCORP COMPANY,USB
US BANCORP CORP,USB
US BANCORP CORPORATION,USB
US BANCORP INC,USB
US BANCORP INC.,USB
US BANCORP LTD,USB
US BANCORP PLC,USB
US Bancorp,USBCLSN
US LONG BOND(CBOT) JUN 2026,
USB 5.836 06/12/34,
USD현금,
Uber,UBER
Uber Technologies Inc,UBER
Ulta Beauty,ULTA
UltraTech Cement Ltd,ULTRACEMCONS
Unigroup Guoxin Microelectronics Co Ltd,002049.SZ
Union Pacific Corporation,UNP
Unipol Assicurazioni SpA,UNIMXC
Unisplendour Corp Ltd,000938.SZ
United Airlines Holdings,UAL
United Airlines Holdings Inc,UAL
United Parcel Service,UPS
United Rentals,URI
United Rentals Inc,URI
United States OIL ETF,
UnitedHealth Group,UNH
Universal Health Services,UHS
Universal Hlth Svc B,UHS
Utilities Select Sector SPDR F,
V 1.1 02/15/31,
V 2 08/15/50,
VAIL RESORTS INC,MTN
VAIL RESORTS InC,MTN
VALE SA-SP ADR,
VALERO ENERGY,VLO
VALERO ENERGY CO,VLO
VALERO ENERGY COMPANY,VLO
VALERO ENERGY CORP,VLO
VALERO ENERGY CORPORATION,VLO
VALERO ENERGY INC,VLO
VALERO ENERGY INC.,VLO
VALERO ENERGY LTD,VLO
VALERO ENERGY PLC,VLO
VANECK FALLEN ANGEL HIGH YLD,
VANGUARD EXTENDED DUR TREAS,EDV
VAT GROUP AG,VACNSW
VEEVA SYSTEM-A,
VEEVA SYSTEMS,VEEV
VEEVA SYSTEMS CO,VEEV
VEEVA SYSTEMS COMPANY,VEEV
VEEVA SYSTEMS CORP,VEEV
VEEVA SYSTEMS CORPORATION,VEEV
VEEVA SYSTEMS INC,VEEV
VEEVA SYSTEMS INC-CLASS A,1VEEVMI
VEEVA SYSTEMS INC.,VEEV
VEEVA SYSTEMS LTD,VEEV
VEEVA SYSTEMS PLC,VEEV
VENTAS,VTR
VENTAS CO,VTR
VENTAS COMPANY,VTR
VENTAS CORP,VTR
VENTAS CORPORATION,VTR
VENTAS INC,VTR
VENTAS INC.,VTR
VENTAS LTD,VTR
VENTAS PLC,VTR
VEOLIA ENVIRONNEMENT,VVDHSG
VERALTO,VLTO
VERALTO CO,VLTO
VERALTO COMPANY,VLTO
VERALTO CORP,VLTO
VERALTO CORPORATION,VLTO
VERALTO INC,VLTO
VERALTO INC.,VLTO
VERALTO LTD,VLTO
VERALTO PLC,VLTO
VERBUND,VERVI
VERIS RESIDENTIAL INC,VRE
VERISIGN,VRSN
VERISIGN CO,VRSN
VERISIGN COMPANY,VRSN
VERISIGN CORP,VRSN
VERISIGN CORPORATION,VRSN
VERISIGN INC,VRSN
VERISIGN INC.,VRSN
VERISIGN LTD,VRSN
VERISIGN PLC,VRSN
VERISK ANALYTI,VRSK
VERISK ANALYTICS,VRSK
VERISK ANALYTICS CO,VRSK
VERISK ANALYTICS COMPANY,VRSK
VERISK ANALYTICS CORP,VRSK
VERISK ANALYTICS CORPORATION,VRSK
VERISK ANALYTICS INC,VRSK
VERISK ANALYTICS INC.,VRSK
VERISK ANALYTICS LTD,VRSK
VERISK ANALYTICS PLC,VRSK
VERIZON,VZ
VERIZON CO,VZ
VERIZON COMMUNICATIONS,VZ
VERIZON COMMUNICATIONS INC,VZ
VERIZON COMPANY,VZ
VERIZON CORP,VZ
VERIZON CORPORATION,VZ
VERIZON INC,VZ
VERIZON INC.,VZ
VERIZON LTD,VZ
VERIZON PLC,VZ
VERTEX PHARMACEUTICALS,VRTX
VERTEX PHARMACEUTICALS CO,VRTX
VERTEX PHARMACEUTICALS COMPANY,VRTX
VERTEX PHARMACEUTICALS CORP,VRTX
VERTEX PHARMACEUTICALS CORPORATION,VRTX
VERTEX PHARMACEUTICALS INC,VRTX
VERTEX PHARMACEUTICALS INC.,VRTX
VERTEX PHARMACEUTICALS LTD,VRTX
VERTEX PHARMACEUTICALS PLC,VRTX
VERTIV,VRT
VERTIV CO,VRT
VERTIV COMPANY,VRT
VERTIV CORP,VRT
VERTIV CORPORATION,VRT
VERTIV HOLDINGS CL A ORD,
VERTIV HOLDINGS CO-A,1VRTMI
VERTIV INC,VRT
VERTIV INC.,VRT
VERTIV LTD,VRT
VERTIV PLC,VRT
VESTAS WIND SYSTEMS A/S,VWSCO
VIATRIS,VTRS
VIATRIS CO,VTRS
VIATRIS COMPANY,VTRS
VIATRIS CORP,VTRS
VIATRIS CORPORATION,VTRS
VIATRIS INC,VTRS
VIATRIS INC.,VTRS
VIATRIS Inc.,VTRS
VIATRIS LTD,VTRS
VIATRIS PLC,VTRS
VICI 5 1/8 05/15/32,
VICI PROPERTIES,VICI
VICI PROPERTIES CO,VICI
VICI PROPERTIES COMPANY,VICI
VICI PROPERTIES CORP,VICI
VICI PROPERTIES CORPORATION,VICI
VICI PROPERTIES INC,VICI
VICI PROPERTIES INC.,VICI
VICI PROPERTIES LTD,VICI
VICI PROPERTIES PLC,VICI
VICI Properties Inc,VICI
VICINITY CENTRES,C98MU
VICTORY GIANT TECHNOLOGY -A,300476.SZ
VINCI SA,DGPA
VIPSHOP HOLDINGS LTD - ADR,1VPASG
VIRTUS INVESTMENT PARTNERS,VRTS
VISA,V
VISA CO,V
VISA COMPANY,V
VISA CORP,V
VISA CORPORATION,V
VISA INC,V
VISA INC-CLASS A SHARES,VISAVI
VISA INC.,V
VISA LTD,V
VISA PLC,V
VISTA ENERGY SAB DE CV,1CIADU
VISTRA,VST
VISTRA CO,VST
VISTRA COMPANY,VST
VISTRA CORP,VST
VISTRA CORP.,VST
VISTRA CORPORATION,VST
VISTRA ENERGY CORP,0V6SG
VISTRA INC,VST
VISTRA INC.,VST
VISTRA LTD,VST
VISTRA PLC,VST
VMC 5.35 12/01/34,
VOD 5 3/4 06/28/54,
VOD 5 7/8 06/28/64,
VODAFONE GROUP PLC,VOD
VOLKSWAGEN AG-PREF,
VOLVO AB-B SHS,
VONOVIA SE,VNADE
VORNADO REALTY TRUST,VNO
VULCAN MATERIALS,VMC
VULCAN MATERIALS CO,VMC
VULCAN MATERIALS COMPANY,VMC
VULCAN MATERIALS CORP,VMC
VULCAN MATERIALS CORPORATION,VMC
VULCAN MATERIALS INC,VMC
VULCAN MATERIALS INC.,VMC
VULCAN MATERIALS LTD,VMC
VULCAN MATERIALS PLC,VMC
VZ 2 7/8 11/20/50,
VZ 2.355 03/15/32,
VZ 2.85 09/03/41,
VZ 2.987 10/30/56,
VZ 3.55 03/22/51,
VZ 3.7 03/22/61,
VZ 4.78 02/15/35,
VZ 5 1/2 02/23/54,
VZ 5 3/4 11/30/45,
VZ 5.05 05/09/33,
VZ 6 11/30/65,
Vail Resorts Inc,MTN
Valero Energy,VLO
Valero Energy Corp,VLO
Vanguard Extended Duration Treasury ETF,
Vanguard Long-Term Treasury ETF,VGLT
Veeva Systems,VEEV
Veeva Systems Inc,VEEV
Ventas,VTR
Ventas Inc,VTR
Veralto,VLTO
Veralto Corp,VLTO
VeriSign Inc,VRSN
Verisign,VRSN
Verisk Analytics,VRSK
Verizon,VZ
Versigent Ltd,VGNT
Vertex Pharm,VRTX
Vertex Pharmaceuticals,VRTX
Vertex Pharmaceuticals Inc,VRTX
Vertiv,VRT
Vertiv Holdings Co,VRT
Viatris,VTRS
Viatris Inc,VTRS
Vici Properties,VICI
Victory Giant Technology Huizhou Co Ltd,300476.SZ
Virtus Investment Partners Inc,VRTS
Visa Inc.,V
Vistra Corp.,VST
Vistra Energy Corp,0V6SG
Vulcan Materials Co,VMC
Vulcan Materials Company,VMC
W R BERKLEY,WRB
W R BERKLEY CO,WRB
W R BERKLEY COMPANY,WRB
W R BERKLEY CORP,WRB
W R BERKLEY CORPORATION,WRB
W R BERKLEY INC,WRB
W R BERKLEY INC.,WRB
W R BERKLEY LTD,WRB
W R BERKLEY PLC,WRB
W R Berkley Corp,WRB
W W GRAINGER,GWW
W W GRAINGER CO,GWW
W W GRAINGER COMPANY,GWW
W W GRAINGER CORP,GWW
W W GRAINGER CORPORATION,GWW
W W GRAINGER INC,GWW
W W GRAINGER INC.,GWW
W W GRAINGER LTD,GWW
W W GRAINGER PLC,GWW
W. R. BERKLEY CORPORATION,WRB
W. R. Berkley Corporation,WRB
W. W. GRAINGER,GWW
W. W. Grainger,GWW
WABTEC,WAB
WABTEC CO,WAB
WABTEC COMPANY,WAB
WABTEC CORP,WAB
WABTEC CORPORATION,WAB
WABTEC INC,WAB
WABTEC INC.,WAB
WABTEC LTD,WAB
WABTEC PLC,WAB
WAL-MART STORES INC,0R1WL
WALMART,WMT
WALMART CO,WMT
WALMART COMPANY,WMT
WALMART CORP,WMT
WALMART CORPORATION,WMT
WALMART INC,WMT
WALMART INC.,WMT
WALMART LTD,WMT
WALMART PLC,WMT
WALT DISNEY CO/THE,WDPDXD
WALT DISNEY COMPANY (THE),DIS
WALT DISNEY COMPANY (THE) CO,DIS
WALT DISNEY COMPANY (THE) COMPANY,DIS
WALT DISNEY COMPANY (THE) CORP,DIS
WALT DISNEY COMPANY (THE) CORPORATION,DIS
WALT DISNEY COMPANY (THE) INC,DIS
WALT DISNEY COMPANY (THE) INC.,DIS
WALT DISNEY COMPANY (THE) LTD,DIS
WALT DISNEY COMPANY (THE) PLC,DIS
WAL_MART_STORES,
WANHUA CHEMICAL GROUP CO -A,600309.SS
WANT WANT CHINA HOLDINGS LTD,0151.HK
WARNER BROS DISCOVERY,WBD
WARNER BROS DISCOVERY CO,WBD
WARNER BROS DISCOVERY COMPANY,WBD
WARNER BROS DISCOVERY CORP,WBD
WARNER BROS DISCOVERY CORPORATION,WBD
WARNER BROS DISCOVERY INC,WBD
WARNER BROS DISCOVERY INC.,WBD
WARNER BROS DISCOVERY LTD,WBD
WARNER BROS DISCOVERY PLC,WBD
WARNER BROS. DISCOVERY,WBD
WARTSILA OYJ ABP,WRTBF
WASTE CONNECTIONS INC,WCN
WASTE MANAGEMENT,WM
WASTE MANAGEMENT CO,WM
WASTE MANAGEMENT COMPANY,WM
WASTE MANAGEMENT CORP,WM
WASTE MANAGEMENT CORPORATION,WM
WASTE MANAGEMENT INC,WM
WASTE MANAGEMENT INC.,WM
WASTE MANAGEMENT LTD,WM
WASTE MANAGEMENT PLC,WM
WATERS,WAT
WATERS CO,WAT
WATERS COMPANY,WAT
WATERS CORP,WAT
WATERS CORPORATION,WAT
WATERS INC,WAT
WATERS INC.,WAT
WATERS LTD,WAT
WATERS PLC,WAT
WATSCO INC,WSO
WDSAU 5.1 09/12/34,
WDSAU 5.7 09/12/54,
WEC ENERGY GROUP,WEC
WEC ENERGY GROUP CO,WEC
WEC ENERGY GROUP COMPANY,WEC
WEC ENERGY GROUP CORP,WEC
WEC ENERGY GROUP CORPORATION,WEC
WEC ENERGY GROUP INC,WEC
WEC ENERGY GROUP INC.,WEC
WEC ENERGY GROUP LTD,WEC
WEC ENERGY GROUP PLC,WEC
WEC Energy Group,WEC
WEC Energy Group Inc,WEC
WEICHAI POWER CO LTD-A,
WEICHAI POWER CO LTD-H,WI4VI
WELLS FARGO,WFC
WELLS FARGO & CO,WFC
WELLS FARGO CO,WFC
WELLS FARGO COMPANY,WFC
WELLS FARGO CORP,WFC
WELLS FARGO CORPORATION,WFC
WELLS FARGO INC,WFC
WELLS FARGO INC.,WFC
WELLS FARGO LTD,WFC
WELLS FARGO PLC,WFC
WELLTOWER,WELL
WELLTOWER CO,WELL
WELLTOWER COMPANY,WELL
WELLTOWER CORP,WELL
WELLTOWER CORPORATION,WELL
WELLTOWER INC,WELL
WELLTOWER INC.,WELL
WELLTOWER LTD,WELL
WELLTOWER PLC,WELL
WENDY S CO,
WENDYS CO/THE,1WENMI
WENS FOODSTUFF GROUP CO L-A,
WENS FOODSTUFFS,
WES 5.45 11/15/34,
WESFARMERS LTD,WESAX
WEST JAPAN RAILWAY,WJRYF
WEST JAPAN RAILWAY CO,WJRYF
WEST PHARMACEUTICAL SERVICES,WST
WEST PHARMACEUTICAL SERVICES CO,WST
WEST PHARMACEUTICAL SERVICES COMPANY,WST
WEST PHARMACEUTICAL SERVICES CORP,WST
WEST PHARMACEUTICAL SERVICES CORPORATION,WST
WEST PHARMACEUTICAL SERVICES INC,WST
WEST PHARMACEUTICAL SERVICES INC.,WST
WEST PHARMACEUTICAL SERVICES LTD,WST
WEST PHARMACEUTICAL SERVICES PLC,WST
WESTERN DIGITAL,WDC
WESTERN DIGITAL CO,WDC
WESTERN DIGITAL COMPANY,WDC
WESTERN DIGITAL CORP,WDC
WESTERN DIGITAL CORPORATION,WDC
WESTERN DIGITAL INC,WDC
WESTERN DIGITAL INC.,WDC
WESTERN DIGITAL LTD,WDC
WESTERN DIGITAL PLC,WDC
WESTERN UNION CO,WU
WESTERN_DIGITAL,
WESTERN_UNION,
WESTON (GEORGE) LTD,WNTO
WESTPAC BKG CORP COM,
WEYERHAEUSER,WY
WEYERHAEUSER CO,WY
WEYERHAEUSER COMPANY,WY
WEYERHAEUSER CORP,WY
WEYERHAEUSER CORPORATION,WY
WEYERHAEUSER INC,WY
WEYERHAEUSER INC.,WY
WEYERHAEUSER LTD,WY
WEYERHAEUSER PLC,WY
WFC 3.068 04/30/41,
WFC 3.35 03/02/33,
WFC 3.9 05/01/45,
WFC 4.611 04/25/53,
WFC 5.013 04/04/51,
WFC 5.15 04/23/31,
WFC 5.244 01/24/31,
WFC 5.433 01/23/47,
WFC 5.605 04/23/36,
WFC 5.707 04/22/28,
WH GROUP LTD,WHGLY
WHARF REAL ESTATE INV,4WFF
WHEATON PRECIOUS METAL,WPM
WHITBREAD PLC,WTBLXC
WHITESTONE REIT,WSR
WILLIAM DEMANT HOLDING,0RGTIL
WILLIAMS COMPANIES,WMB
WILLIAMS COMPANIES CO,WMB
WILLIAMS COMPANIES COMPANY,WMB
WILLIAMS COMPANIES CORP,WMB
WILLIAMS COMPANIES CORPORATION,WMB
WILLIAMS COMPANIES INC,WMB
WILLIAMS COMPANIES INC.,WMB
WILLIAMS COMPANIES LTD,WMB
WILLIAMS COMPANIES PLC,WMB
WILLIAMS COS INC,WMB
WILLIAMS-SONOMA,WSM
WILLIAMS-SONOMA CO,WSM
WILLIAMS-SONOMA COMPANY,WSM
WILLIAMS-SONOMA CORP,WSM
WILLIAMS-SONOMA CORPORATION,WSM
WILLIAMS-SONOMA INC,WSM
WILLIAMS-SONOMA INC.,WSM
WILLIAMS-SONOMA LTD,WSM
WILLIAMS-SONOMA PLC,WSM
"WILLIAMS-SONOMA, INC.",WSM
WILLIS TOWERS WATSON,WTW
WILLIS TOWERS WATSON CO,WTW
WILLIS TOWERS WATSON COMPANY,WTW
WILLIS TOWERS WATSON CORP,WTW
WILLIS TOWERS WATSON CORPORATION,WTW
WILLIS TOWERS WATSON INC,WTW
WILLIS TOWERS WATSON INC.,WTW
WILLIS TOWERS WATSON LTD,WTW
WILLIS TOWERS WATSON PLC,WTW
WILMAR INTERNATIONAL LTD,RTHF
WIPRO LTD,WIT
WISCOM,002090.SZ
WISETECH GLOBAL LTD,WTCAX
WM 4.15 04/15/32,
WM 5.35 10/15/54,
WMB 2.6 03/15/31,
WMB 5.1 09/15/45,
WMB 5.3 09/30/35,
WMT 2.65 09/22/51,
WMT 4.05 06/29/48,
WMT 4.35 04/28/30,
WOLTERS KLUWER,WKLAS
WOODSIDE ENERGY GROUP LTD,WDS
WOORIB 2 01/20/27,
WOORIB 4 3/4 01/24/27,
WORKDAY,WDAY
WORKDAY CO,WDAY
WORKDAY COMPANY,WDAY
WORKDAY CORP,WDAY
WORKDAY CORPORATION,WDAY
WORKDAY INC,WDAY
WORKDAY INC-CLASS A,
WORKDAY INC.,WDAY
WORKDAY LTD,WDAY
WORKDAY PLC,WDAY
"WORKDAY, INC.",WDAY
WP CAREY INC,WPC
WR BERKLEY CORP,W1RB34SA
WSP GLOBAL,WSPTO
WSTP 2.15 06/03/31,
WSTP 4.354 07/01/30,
WULIANGYE YIBIN CO LTD-A,
WUS PRINTED CIRCUIT KUNSHA-A,
WUS Printed Circuit Kunshan Co Ltd,002463.SZ
WUXI APPTEC CO LTD-,WX8F
WUXI APPTEC CO LTD-A,
WUXI APPTEC CO LTD-H,
WUXI BIOLOGICS CAYMAN INC,KYG970081173SG
WUXI LEAD INTELLIGENT EQUI-A,
WUXI XDC CAYMAN INC,L74F
WW GRAINGER INC,G1WW34SA
WYNN RESORTS,WYNN
WYNN RESORTS CO,WYNN
WYNN RESORTS COMPANY,WYNN
WYNN RESORTS CORP,WYNN
WYNN RESORTS CORPORATION,WYNN
WYNN RESORTS INC,WYNN
WYNN RESORTS INC.,WYNN
WYNN RESORTS LTD,WYNN
WYNN RESORTS PLC,WYNN
Wabtec,WAB
Walmart,WMT
Walt Disney Company (The),DIS
Wanhua Chemical Group Co Ltd,600309.SS
Warner Bros Discovery Inc,WBD
Warner Bros. Discovery,WBD
Washington H Soul Pattinson & Co Ltd,
Waste Management,WM
Waste Management Inc,WM
Waters Corporation,WAT
Watsco Inc,WSO
Weichai Power Co Ltd,2338.HK
Wells Fargo,WFC
Wells Fargo & Co,WFC
Welltower,WELL
Welltower Inc,WELL
Wendy's Co/The,1WENMI
Wens Foodstuff Group Co Ltd,300498.SZ
West Pharmaceutical Services,WST
West Pharmaceutical Services I,WST
Western Digital,WDC
Westinghouse Air Brake Technol,WAB
Weyerhaeuser,WY
Weyerhaeuser Co,WY
Wheat 2026 07,
Whitecap Resources Inc,WCPTO
Williams Companies,WMB
Williams-Sonoma Inc,WSM
"Williams-Sonoma, Inc.",WSM
Willis Towers Watson,WTW
Willis Towers Watson PLC,WTW
Wipro Ltd,WIT
Wise PLC,WISE
Woolworths,WHLJO
Workday Inc,WDAY
"Workday, Inc.",WDAY
WuXi AppTec Co Ltd,WX8F
Wuliangye Yibin Co Ltd,000858.SZ
Wynn Resorts,WYNN
Wynn Resorts Ltd,WYNN
XAV Health Care 2026 06,
XCEL ENERGY,XEL
XCEL ENERGY CO,XEL
XCEL ENERGY COMPANY,XEL
XCEL ENERGY CORP,XEL
XCEL ENERGY CORPORATION,XEL
XCEL ENERGY INC,XEL
XCEL ENERGY INC.,XEL
XCEL ENERGY LTD,XEL
XCEL ENERGY PLC,XEL
XCMG CONSTRUCTION MACHIN-A,
XCMG Construction Machinery Co Ltd,000425.SZ
XEL 5.6 04/15/35,
XENIA HOTELS & RESORTS INC,XHR
XERO,XRX
XIAOMI CORP-CLASS B,
XINJIANG DAQO NEW ENERGY C-A,
XINYI SOLAR HOLDINGS LTD,0968.HK
XOM 3.452 04/15/51,
XOM 4.227 03/19/40,
XOM 4.327 03/19/50,
XPENG INC - CLASS A SHARES,
XTALPI HOLDINGS LTD,2228.HK
XTC NEW ENERGY MATERIALS X-A,
XTRACKERS USD HIGH YIELD COR,
XTRS LOW BETA HI YIELD ETF,
XYLEM,XYL
XYLEM CO,XYL
XYLEM COMPANY,XYL
XYLEM CORP,XYL
XYLEM CORPORATION,XYL
XYLEM INC,XYL
XYLEM INC.,XYL
XYLEM LTD,XYL
XYLEM PLC,XYL
Xcel Energy,XEL
Xcel Energy Inc,XEL
Xero Ltd,XRX
Xinjiang Daqo New Energy Co Ltd,688303.SS
Xpeng inc,XPEV
Xylem Inc.,XYL
Xylem Inc/NY,XY6DXD
YADEA GROUP HOLDINGS LTD,YADGF
YAMAHA CORP,YAMHF
YAMAHA MOTOR CO LTD,YAMHF
YAMATO HOLDINGS,YATRY
YAMATO HOLDINGS CO LTD,YATRY
YANGZIJIANG SHIP,BS6SI
YANKUANG ENERGY GROUP CO-A,
YANKUANG ENERGY GROUP CO-H,
YANTAI WANHUA POLYURETHANE-A,
YANZHOU COAL MINING CO-A,
YARA INTERNATIONAL ASA,YARIY
YASKAWA ELECTRIC CORP,6506.T
YEALINK NETWORK TECHNOLOGY-A,
YEN현금,
YG PLUS,
YIHAI KERRY ARAWANA HOLDIN-A,
YOKOGAWA ELECTRIC CORP,YKESG
YOKOHAMA FINANCIAL GROUP INC,YC3F
YOKOHAMA RUBBER CO LTD,YRBDU
YONYOU NETWORK TECHNOLOGY-A,
YONYOU SOFTWARE CO LTD-A,
YPF S.A.-SPONSORED ADR,
YTO EXPRESS GROUP CO LTD-A,
YTO Express Group Co Ltd,600233.SS
YTO Express Group Co.,600233.SS
YUM BRANDS,YUM
YUM CHINA HOLDINGS,YUMC
YUM CHINA HOLDINGS INC,YUMC
YUM! BRANDS,YUM
YUM! BRANDS CO,YUM
YUM! BRANDS COMPANY,YUM
YUM! BRANDS CORP,YUM
YUM! BRANDS CORPORATION,YUM
YUM! BRANDS INC,YUM
YUM! BRANDS INC.,YUM
YUM! BRANDS LTD,YUM
YUM! BRANDS PLC,YUM
YUNNAN ALUMINIUM CO LTD-A,
YUNNAN BAIYAO GROUP CO LTD-A,
YUNNAN ENERGY NEW MATERIAL-A,
YUTONG BUS CO LTD-A,
Yankuang Energy Group Co Ltd,YZCMU
Yealink Network Technology Corp Ltd,300628.SZ
Yihai Kerry Arawana Holdings Co Ltd,300999.SZ
Yokohama Financial Group Inc,YC3F
Yonyou Network Technology Co Ltd,600588.SS
Yum! Brands,YUM
Yunnan Aluminium Co Ltd,000807.SZ
Yunnan Baiyao Group Co Ltd,000538.SZ
Yutong Bus Co Ltd,600066.SS
Z Holdings,ZSHOF
ZALANDO,ZAL1MU
ZALANDO SE,ZAL1MU
ZANGGE HOLDINGS,
ZANGGE MINING CO LTD-A,
ZEBRA TECHNOLOGIES,ZBRA
ZEBRA TECHNOLOGIES CO,ZBRA
ZEBRA TECHNOLOGIES COMPANY,ZBRA
ZEBRA TECHNOLOGIES CORP,ZBRA
ZEBRA TECHNOLOGIES CORP-CL A,
ZEBRA TECHNOLOGIES CORPORATION,ZBRA
ZEBRA TECHNOLOGIES INC,ZBRA
ZEBRA TECHNOLOGIES INC.,ZBRA
ZEBRA TECHNOLOGIES LTD,ZBRA
ZEBRA TECHNOLOGIES PLC,ZBRA
ZHANGZHOU PIENTZEHUANG PHA-A,
ZHAOJIN MINING INDUSTRY CO-H,
ZHEJIANG CHINA COMMODITIES-A,
ZHEJIANG CHINT ELECTRICS-A,
ZHEJIANG DAHUA TECHNOLOGY -A,002236.SZ
ZHEJIANG DAHUA TECHNOLOGY-A,
ZHEJIANG HUAYOU COBALT CO -A,603799.SS
ZHEJIANG JINGSHENG MECHANI-A,
ZHEJIANG JUHUA CO-A,
ZHEJIANG LEAPMOTOR TECHNOL-H,
ZHEJIANG NHU CO LTD-A,
ZHEJIANG SANHUA INTELLIGEN-A,
ZHEJIANG SHUANGHUAN DRIVEL-A,
ZHEJIANG ZHENENG ELECTRIC-A,
ZHENGZHOU YUTONG BUS CO -A,
ZHESHANG SECURITIES CO LTD-A,
ZHONGJI INNOLIGHT CO LTD-A,
ZHONGJIN GOLD CORP-A,
ZHONGTAI SECURITIES CO LTD-A,
ZHUZHOU CRRC TIMES ELECTRI-A,
ZHUZHOU CRRC TIMES ELECTRI-H,
ZIJIN GOLD INTERNATIONAL CO,6LUSG
ZIJIN MINING,601899.SS
ZIJIN MINING GROUP CO LTD-A,
ZIJIN MINING GROUP CO LTD-H,
ZILLOW GROUP INC - A,1ZGUMI
ZILLOW GROUP INC - C,US98954M2008SG
ZIMMER BIOMET,ZBH
ZIMMER BIOMET CO,ZBH
ZIMMER BIOMET COMPANY,ZBH
ZIMMER BIOMET CORP,ZBH
ZIMMER BIOMET CORPORATION,ZBH
ZIMMER BIOMET HOLDINGS INC,ZBH
ZIMMER BIOMET INC,ZBH
ZIMMER BIOMET INC.,ZBH
ZIMMER BIOMET LTD,ZBH
ZIMMER BIOMET PLC,ZBH
ZOETIS,ZTS
ZOETIS CO,ZTS
ZOETIS COMPANY,ZTS
ZOETIS CORP,ZTS
ZOETIS CORPORATION,ZTS
ZOETIS INC,ZTS
ZOETIS INC.,ZTS
ZOETIS LTD,ZTS
ZOETIS PLC,ZTS
ZOOMLION HEAVY INDUSTRY S-A,000157.SZ
ZOZO INC,SARMU
ZOZO Inc,SARMU
ZSCALER,ZS
ZSCALER CO,ZS
ZSCALER COMPANY,ZS
ZSCALER CORP,ZS
ZSCALER CORPORATION,ZS
ZSCALER INC,ZS
ZSCALER INC.,ZS
ZSCALER LTD,ZS
ZSCALER PLC,ZS
ZTE CORP-A,
ZTE CORP-H,FZMVI
ZTE Corp,ZTEK
ZTO EXPRESS CAYMAN INC,ZTOASG
ZTO Express Cayman Inc,ZTOASG
ZTS 5 08/17/35,
ZURICH INSURANCE GROUP AG,ZURNSW
Zangge Mining Co Ltd,000408.SZ
Zebra Technologies,ZBRA
Zebra Technologies Corp,ZBRA
Zensho Holdings Co Ltd,ZSHOF
Zhangzhou Pientzehuang Pharmaceutical Co,600436.SS
Zhejiang China Commodities City Group Co,600415.SS
Zhejiang Chint Electrics Co Ltd,601877.SS
Zhejiang Dahua Technology Co Ltd,002236.SZ
Zhejiang Jingsheng Mechanical & Electric,300316.SZ
Zhejiang Juhua Co Ltd,600160.SS
Zhejiang Leapmotor Technology Co Ltd,9863.HK
Zhejiang NHU Co Ltd,002001.SZ
Zhejiang Sanhua Intelligent Controls Co,I19DU
Zhejiang Zheneng Electric Power Co Ltd,600023.SS
Zheshang Securities Co Ltd,601878.SS
Zhongji Innolight Co Ltd,300308.SZ
Zhongjin Gold Corp Ltd,600489.SS
Zhongtai Securities Co Ltd,600918.SS
Zhuzhou CRRC Times Electric Company,
Zijin Mining Group Co Ltd,601899.SS
Zimmer Biomet,ZBH
Zimmer Holdings,
Zoetis,ZTS
Zoetis Inc,ZTS
Zoom Communications Inc,ZM
Zoomlion Heavy Industry Science and Tech,000157.SZ
Zscaler,ZS
[JPY] 예금,
[USD] 예금,
eBay Inc.,EBAY
iM금융지주,139130
iM금융지주19,
iShares Broad USD High Yield C,
iShares S&P500 Index Fund,
iShares SILVER Trust,SLV
iShares TIPS Bond ETF,TIP
intuit_inc,
mini NIKKEI225(OSE) F2606,
salesforce Inc,CRM
가온전선,000500
가온칩스,399720
감성코퍼레이션,036620
강남제비스코,000860
강원랜드,035250
갤럭시아에스엠,011420
갤럭시이오 20260424-32-1(단),
경기주택도시공사23-09-61,
경기주택도시공사24-01-67,
경기주택도시공사24-09-81(지),
경기주택도시공사25-02-94,
경기주택도시공사보상23-06가,
경기주택도시공사보상23-12가,
경기지역개발23-02,
경기지역개발23-03,
경남 서울영업부 20250808-364-1,
경남 서울영업부 20251016-365-1,
경남 서울영업부 20251202-365-1,
경남 서울영업부 20260220-364-1,
경남 서울영업부 20260319-123-1,
경남개발공사37,
경남은 (CD),
경남은행(CD),
경농,002100
경동나비엔,009450
경동도시가스,267290
경동인베스트,012320
경방,000050
경보제약,214390
경북지역개발25-07,
경상북도개발공사2025-1,
경인양행,012610
경인전자,009140
계룡건설,013580
계양전기,012200
고려산업,002140
고려아연,010130
고려아연 20260327-174-12,
고려아연 20260327-174-13,
고려아연 20260327-174-14,
고려아연 20260327-174-15,
고려아연 20260327-174-16,
고려아연 20260327-174-17,
고려아연 20260420-30-1(단),
고려아연 20260428-91-31,
고려아연 20260428-91-32,
고려아연 20260428-91-33,
고려제강,002240
고양도시관리공사2025-04,
고영,098460
골든이어즈한남제이차 20260319-92-1(단),
골든이어즈한남제일차 20260420-60-1(단),
골프존,215000
광동제약,009290
광명전기,017040
광전자,017900
광주 자금시장부 20250623-365-1,
광주신세계,037710
광주신세계2-1,
광주은행2025-11이(변)1갑-14,
광주지방채13,
교보증권,030610
교보증권 20260120-364-3,
교보증권 20260120-364-4,
교보증권 20260225-364-23,
교보증권 20260225-364-24,
교보증권11-2,
교촌에프앤비,339770
국가철도공단채권393,
국가철도공단채권443,
국고 03625-5309(23-7),
국고01125-3909(19-6),
국고01375-3006(20-4),
국고01500-2612(16-8),
국고01500-3609(국고16-6),
국고01500-4009(20-7),
국고01500-5003(20-2),
국고01750-2609(21-7),
국고01875-2606(16-3),
국고01875-2906(19-4),
국고01875-4109(21-9),
국고01875-5103(21-2),
국고02000-3106(21-5),
국고02000-4903(19-2),
국고02000-6809(18-8),
국고02125-2706(국고17-3),
국고02125-4703(17-1),
국고02250-2709(25-6),
국고02250-2806(25-4),
국고02250-3709(17-5),
국고02375-2703(22-1),
국고02375-2712(17-7),
국고02375-2812(18-10),
국고02375-3112(21-11),
국고02375-3809(18-7),
국고02500-3009(25-8),
국고02500-5203(22-2),
국고02625-2806(18-4),
국고02625-3003(25-3),
국고02625-3509(국고15-6),
국고02625-4803(18-2),
국고02625-5503(25-2),
국고02625-5509(25-7),
국고02750-2812(25-10),
국고02750-4412(국고14-7),
국고02750-4509(25-9),
국고02750-5409(24-8),
국고02750-7409(24-11),
국고02875-2609(24-9),
국고02875-2712(24-12),
국고02875-4409(24-10),
국고0300-4212(12-5),
국고03000-2909(24-7),
국고03000-3412(24-13),
국고03125-2709(22-8),
국고03125-5209(22-9),
국고03250-2803(23-1),
국고03250-2903(24-1),
국고03250-3306(23-5),
국고03250-3512(25-11),
국고03250-4209(22-11),
국고03250-5303(23-2),
국고03250-5403(24-2),
국고03375-3103(26-3),
국고03375-3206(22-5),
국고03500-2809(23-6),
국고03500-3406(24-5),
국고03500-5603(26-2),
국고03500-7209(22-12),
국고03625-5309(23-7),
국고03750-3312(국고13-8),
국고03875-2612(23-10),
국고03875-4309(23-9),
국고0400-3112(11-7),
국고04125-3312(23-11),
국고04250-3212(22-14),
국고0525-2703,
국고채03250-2706(24-4),
국고채권01125-3909(19-6),
국고채권01375-2912(19-8),
국고채권01375-3006(20-4),
국고채권01500-2612(16-8),
국고채권01500-3012(20-9),
국고채권01500-3609(16-6),
국고채권01500-4009(20-7),
국고채권01500-5003(20-2),
국고채권01750-2609(21-7),
국고채권01875-2606(16-3),
국고채권01875-2906(19-4),
국고채권01875-4109(21-9),
국고채권01875-5103(21-2),
국고채권02000-3106(21-5),
국고채권02000-4603(16-1),
국고채권02000-4903(19-2),
국고채권02125-4703(17-1),
국고채권02250-2709(25-6),
국고채권02250-2806(25-4),
국고채권02250-3709(17-5),
국고채권02375-2703(22-1),
국고채권02375-2712(17-7),
국고채권02375-3112(21-11),
국고채권02375-3809(18-7),
국고채권02500-3009(25-8),
국고채권02500-5203(22-2),
국고채권02625-2703(25-1),
국고채권02625-3003(25-3),
국고채권02625-3506(25-5),
국고채권02625-4803(18-2),
국고채권02625-5503(25-2),
국고채권02625-5509(25-7),
국고채권02750-2812(25-10),
국고채권02750-4412(14-7),
국고채권02750-4509(25-9),
국고채권02750-5409(24-8),
국고채권02875-2712(24-12),
국고채권02875-4409(24-10),
국고채권03000-2909(24-7),
국고채권03000-3412(24-13),
국고채권03000-4212(12-5),
국고채권03125-5209(22-9),
국고채권03250-2706(24-4),
국고채권03250-2803(23-1),
국고채권03250-2903(24-1),
국고채권03250-3306(23-5),
국고채권03250-3512(25-11),
국고채권03250-4209(22-11),
국고채권03250-5303(23-2),
국고채권03250-5403(24-2),
국고채권03375-3103(26-3),
국고채권03375-3206(22-5),
국고채권03500-2809(23-6),
국고채권03500-3406(24-5),
국고채권03500-5603(26-2),
국고채권03625-5309(23-7),
국고채권03750-3312(13-8),
국고채권03875-2612(23-10),
국고채권03875-4309(23-9),
국고채권04000-3112(11-7),
국고채권04125-3312(23-11),
국고채권04250-3212(22-14),
국고채권0550-2803,
국고채원금03070-3012(10-7),
국고채원금분리채권01210-5509(25-7),
국고채원금분리채권01210-5603(26-2),
국고채원금분리채권01220-5503(25-2),
국고채이자01630,
국고채이자01630-36,
국고채이자01820-3409,
국고채이자01830-3403,
국고채이자01840-3303,
국고채이자01870-3003,
국고채이자01870-3009,
국고채이자01870-3103,
국고채이자01880-28,
국고채이자01880-29,
국고채이자02810-31,
국고채이자03100-30,
국고채이자03260-27,
국고채이자03500-2712,
국고채이자03520-28,
국고채이자03560-27,
국고채이자0358-261,
국고채이자분리채권01230-5303,
국고채이자분리채권01530-4503,
국고채이자분리채권01620-3709,
국고채이자분리채권01630-3703,
국고채이자분리채권01640-3603,
국고채이자분리채권01810-3509,
국고채이자분리채권01820-3409,
국고채이자분리채권01820-3503,
국고채이자분리채권01830-3403,
국고채이자분리채권01840-3303,
국고채이자분리채권01850-3209,
국고채이자분리채권01860-3109,
국고채이자분리채권01860-3203,
국고채이자분리채권01870-3009,
국고채이자분리채권01870-3103,
국고채이자분리채권01880-2809,
국고채이자분리채권01880-2909,
국고채이자분리채권02070-4006,
국고채이자분리채권02780-3112,
국고채이자분리채권03260-2703,
국고채이자분리채권03520-2803,
국도화학,007690
국민은행(CD),
국민은행(CD)_2,
국민은행(CD)_3,
국민은행4508할인일10M-04,
국민은행조건부(상)3804이표일(03)10후25,
국민은행조건부(상)4003이표일(03)10후19,
국민은행조건부(상)4008이(03)10후28(지),
국민주택1종23-07,
국민주택1종24-03,
국민주택1종24-11,
국민주택1종채권22-03,
국민주택1종채권23-07,
국민주택1종채권23-11,
국민주택1종채권24-06,
국민주택1종채권24-11,
국민주택1종채권25-01,
국민주택1종채권25-07,
국민주택1종채권26-01,
국민주택1종채권26-02,
국제약품,002720
그린어스제일차(CP),J69USI
그린어스제일차(CP)_2,
그린어스제일차(CP)_3,
그린케미칼,083420
극동유화,014530
금 현물 99.99_1Kg,
금강공업,014280
금비,008870
금양,001570
금호건설,028800
금호석유화학,011780
금호에이치티,214330
금호전기,001210
금호타이어,073240
기가비스,420770
기신정기,092440
기아,000270
기업 자금부 20260319-273-1,
기업은행,024110
김해시도시개발공사2025-01(용두지구),
까뮤이앤씨,013700
깨끗한나라,004540
나노신소재,121600
나우로보틱스,459510
나이스을지로제일차 20260313-61-1(단),
남광토건,001260
남대문한투제이차 20260331-66-2(단),
남선알미늄,008350
남성,004270
남양유업,003920
남해화학,025860
네오셈,253590
네오위즈,095660
네이버5-1,
네이처셀,007390
넥센,005720
넥센타이어,002350
넥스트영종제일차 20260424-27-8(단),
넥스틴,348210
넥스틸,092790
넥슨게임즈,225570
넷마블,251270
노루페인트,090350
노루홀딩스,000320
녹십자,006280
녹십자43-2,
녹십자45-1,
녹십자홀딩스,005250
농금채(중앙회)2016,
농금채(중앙회)2024-10이2Y-A,
농금채(중앙회)2024-10이3Y-B,
농금채(중앙회)2024-1이3Y-C,
농금채(중앙회)2024-2이3Y-A,
농금채(중앙회)2024-8이3Y-C,
농심,004370
농심홀딩스,072710
농업금융채권(은행) 조건부자본증권(상)202,
농업금융채권(은행)2023-08이5Y-B,
농업금융채권(은행)2023-08이5Y-D,
농업금융채권(은행)2024-04이3Y-E,
농업금융채권(은행)2024-06이5Y-E,
농업금융채권(은행)2024-10이2.5Y-D,
농업금융채권(은행)2025-05이2Y-C,
농업금융채권(은행)2025-11이1Y-F(변동),
농업금융채권(중앙회)2016-09이10Y-B,
농업금융채권(중앙회)2020-3이7Y-A,
농업금융채권(중앙회)2024-2이3Y-A,
농업금융채권(중앙회)2025-11이2Y-C,
농협금융지주41-3,
농협금융지주45-2,
농협은행(CD),
뉴로메카,348340
뉴스테이허브제1호위탁관리부동산투자회사1,
뉴제로제삼차 20260323-91-1(단),
니드원제구차 20251021-364-21,
니드원제구차 20251021-364-22,
니드원제구차 20251021-364-23,
니드원제구차 20251021-364-24,
니드원제구차 20251021-364-25,
니드원제구차 20251021-364-26,
니드원제구차 20251021-364-27,
니드원제구차 20251021-364-28,
니드원제구차 20251021-364-29,
니드원제구차 20251021-364-30,
니드원제구차 20251021-364-31,
니드원제구차 20251021-364-32,
니드원제구차 20251021-364-33,
니드원제구차(CP),J69USI
니드원제구차(CP)_10,
니드원제구차(CP)_11,
니드원제구차(CP)_12,
니드원제구차(CP)_13,
니드원제구차(CP)_14,
니드원제구차(CP)_15,
니드원제구차(CP)_16,
니드원제구차(CP)_17,
니드원제구차(CP)_18,
니드원제구차(CP)_19,
니드원제구차(CP)_2,
니드원제구차(CP)_20,
니드원제구차(CP)_3,
니드원제구차(CP)_4,
니드원제구차(CP)_5,
니드원제구차(CP)_6,
니드원제구차(CP)_7,
니드원제구차(CP)_8,
니드원제구차(CP)_9,
다스코,058730
다올투자증권,030210
다우기술,023590
다우데이타,032190
단기선진하이일드 TRS(한국투자증권),FDFF
달바글로벌,483650
대교,019680
대구백화점,006370
대구염색산업단지관리공단(CP),J69USI
대구염색산업단지관리공단(CP)_2,
대덕,008060
대덕전자,353200
대동,014380
대림바스,005750
대림통상,006570
대상,001680
대상홀딩스,084690
대상홀딩스(CP),J69USI
대상홀딩스(CP)_2,
대상홀딩스(CP)_3,
대상홀딩스(CP)_4,
대상홀딩스(CP)_5,
대성산업,128820
대성에너지,117580
대성홀딩스,016710
대신에프앤아이 20250711-364-10,
대신에프앤아이 20251113-364-30,
대신에프앤아이 20251113-364-32,
대신에프앤아이 20260309-60-2(단),
대신에프앤아이 20260407-91-4(단),
대신에프앤아이(CP),J69USI
대신에프앤아이(CP)_2,
대신에프앤아이(CP)_3,
대신에프앤아이(CP)_4,
대신에프앤아이(CP)_5,
대신에프앤아이(CP)_6,
대신증권,003540
대신증권 20251211-364-42,
대신증권 20251211-364-43,
대양금속,009190
대영포장,014160
대우건설,047040
대웅,003090
대웅제약,069620
대원강업,000430
대원전선,006340
대원제약,003220
대전도시공사2025-50,
대주전자재료,078600
대창,012800
대창단조,015230
대한방직,001070
대한유화,006650
대한전선,001440
대한제강,084010
대한제당,001790
대한제당127,
대한조선,439260
대한항공,003490
대한항공112-3,
대한해운,005880
대한화섬,003830
대현,016090
더본코리아,475560
더블에스에버2025 20260417-31-1(단),
더블유게임즈,192080
더블유씨피,393890
더사라제일차 20260408-91-2(단),
더에이치온제이차 20260409-91-1(단),
더웨일제십사차 주식회사(CP),J69USI
더웨일제십사차 주식회사(CP)_2,
더웨일제십사차 주식회사(CP)_3,
더존비즈온,012510
더퍼스트샤이닝제칠차 20250722-364-10,
더퍼스트샤이닝제칠차 20250722-364-11,
더퍼스트샤이닝제칠차 20250722-364-12,
더퍼스트샤이닝제칠차 20250722-364-13,
더퍼스트샤이닝제칠차 20250722-364-14,
더퍼스트샤이닝제칠차 20250722-364-15,
더퍼스트샤이닝제칠차 20250722-364-19,
더퍼스트샤이닝제칠차 20250722-364-3,
더퍼스트샤이닝제칠차 20250722-364-4,
더퍼스트샤이닝제칠차 20250722-364-5,
더퍼스트샤이닝제칠차 20250722-364-6,
더퍼스트샤이닝제칠차 20250722-364-7,
더퍼스트샤이닝제칠차 20250722-364-8,
더퍼스트샤이닝제칠차 20250722-364-9,
더퍼스트샤이닝제칠차(CP),J69USI
더퍼스트샤이닝제칠차(CP)_10,
더퍼스트샤이닝제칠차(CP)_2,
더퍼스트샤이닝제칠차(CP)_3,
더퍼스트샤이닝제칠차(CP)_4,
더퍼스트샤이닝제칠차(CP)_5,
더퍼스트샤이닝제칠차(CP)_6,
더퍼스트샤이닝제칠차(CP)_7,
더퍼스트샤이닝제칠차(CP)_8,
더퍼스트샤이닝제칠차(CP)_9,
덕산네오룩스,213420
덕산테코피아,317330
덕성,004830
데브시스터즈,194480
덴티움,145720
도로공사1004,
도로공사568,
도로공사616,
도로공사652,
도로공사663,
도로공사738,
도로공사849,
도로공사854,
도로공사857,
도로공사866,
도로공사867,
도로공사888,
도로공사901,
도로공사908,
도로공사912,
도로공사976,
도로공사978,
도화엔지니어링,002150
동국씨엠,460850
동국제강,460860
동국제약,086450
동남합성,023450
동방,004140
동방아그로,007590
동부건설,005960
동서,026960
동성케미컬,102260
동성화인텍,033500
동아쏘시오홀딩스,000640
동아에스티,170900
동아지질,028100
동양,001520
동양고속,084670
동양생명,082640
동운아나텍,094170
동원F&B12-2,
동원금속,018500
동원산업,006040
동원수산,030720
동원시스템즈,014820
동일고무벨트,163560
동일산업,004890
동일제강,002690
동진쎄미켐,005290
동화기업,025900
동화약품,000020
두산,000150
두산로보틱스,454910
두산밥캣,241560
두산에너빌리티,034020
두산테스나,131970
두산퓨얼셀,336260
두올,016740
드림제일차 20260227-89-1(단),
드림텍,192650
디비엠비피제사차 20260319-92-1(단),
디비엠비피제사차 20260401-91-1(단),
디비엠비피제십차 20260303-181-19,
디비엠비피제십차 20260303-181-20,
디비엠비피제십차 20260415-183-1,
디비엠비피제십차 20260415-183-2,
디비엠비피제십차 20260415-183-3,
디비엠비피제십차 20260415-183-4,
디비엠비피제십차 20260415-183-5,
디비엠비피제십차 20260420-183-7,
디비엠비피제십차 20260420-183-8,
디비엠비피제십차 20260430-183-20,
디비엠비피제십차 20260430-183-21,
디비증권 20260306-228-4,
디비증권 20260306-228-5,
디비증권 20260306-228-6,
디비증권 20260311-126-10,
디비증권 20260311-126-11,
디비증권 20260311-168-12,
디비증권 20260311-168-13,
디비증권 20260311-168-14,
디비증권 20260311-168-15,
디비케이디비제일차(CP),J69USI
디비케이디비제일차(CP)_2,
디씨엠,024090
디아나제일차(CP),J69USI
디아나제일차(CP)_2,
디아나제일차(CP)_3,
디아나제일차(CP)_4,
디아나제일차(CP)_5,
디아나제일차(CP)_6,
디아나제일차(CP)_7,
디아나제일차(CP)_8,
디아이,003160
디아이씨,092200
디알제십팔차 20260219-78-3(단),
디알제십팔차 20260311-61-1(단),
디알제십팔차(CP),J69USI
디알제십팔차(CP)_2,
디알제십팔차(CP)_3,
디알제십팔차(CP)_4,
디앤디파마텍,347850
디앤디플랫폼리츠,377190
디어유,376300
디에스유니버스업성 20260427-23-3(단),
디에스을지로제일차 20260430-91-1(단),
디에이치오렌지 20260430-91-2(단),
디온제일차(CP),J69USI
디온제일차(CP)_2,
디온제일차(CP)_3,
디온제일차(CP)_4,
디온제일차(CP)_5,
디온제일차(CP)_6,
디온제일차(CP)_7,
디와이,013570
디와이덕양,024900
디와이에이,002880
디와이파워,210540
라이트퍼플제일차 20260430-20-2(단),
레이크머티리얼즈,281740
레인보우로보틱스,277810
로보티즈,108490
로제테트라제일차 20260430-32-1(단),
롯데관광개발,032350
롯데렌탈,089860
롯데렌탈 20260427-30-1(단),
롯데렌탈59-2,
롯데렌탈64-1,
롯데리츠,330590
롯데상사 20251015-364-1,
롯데손해보험,000400
롯데쇼핑,023530
롯데쇼핑(CP),J69USI
롯데쇼핑(CP)_2,
롯데쇼핑(CP)_3,
롯데쇼핑(CP)_4,
롯데에너지머티리얼즈,020150
롯데오토리스(CP),J69USI
롯데오토리스(CP)_2,
롯데오토리스(CP)_3,
롯데오토리스(CP)_4,
롯데오토리스(CP)_5,
롯데오토리스(CP)_6,
롯데오토리스(CP)_7,
롯데웰푸드,280360
롯데위탁관리부동산투자회사8,
롯데이노베이트,286940
롯데정밀화학,004000
롯데지주,004990
롯데칠성,005300
롯데칠성음료62-1,
롯데카드 20210903-1826-22,
롯데카드 20251219-304-32,
롯데카드 20260319-133-29,
롯데카드 20260319-133-30,
롯데카드 20260319-133-31,
롯데카드 20260319-133-32,
롯데카드 20260319-133-33,
롯데카드 20260319-133-34,
롯데카드443-3(사),
롯데카드510-4,
롯데카드524-2,
롯데카드526-2,
롯데카드531-3,
롯데카드534-2,
롯데카드535,
롯데카드538-3,
롯데카드540-4,
롯데카드549-1,
롯데카드558-2,
롯데카드559-4,
롯데카드571-2,
롯데카드575-2,
롯데캐피탈(CP),J69USI
롯데캐피탈(CP)_2,
롯데캐피탈375-2,
롯데캐피탈459-7,
롯데캐피탈473-2,
롯데케미칼,011170
롯데케미칼59-3,
롯데하이마트,071840
루닛,328130
르네상스지엠제일차 20260304-92-1(단),
리가켐바이오,141080
리노공업,058470
리에스제삼차 20260413-30-1(단),
리치게이트알파 20260331-91-4,
리치게이트알파 20260331-91-5,
만호제강,001080
맥쿼리인프라,088980
맥쿼리한국인프라3,
맥쿼리한국인프라투융자회사 20260424-90-1,
멀티솔루션갤럭시 20250528-364-1,
멀티솔루션갤럭시 20250528-364-2,
멀티솔루션갤럭시 20250528-364-3,
멀티솔루션갤럭시 20250528-364-4,
멀티솔루션써밋 20260420-28-1(단),
메가스터디교육,215200
메디톡스,086900
메리츠금융지주,138040
메리츠증권 20251217-195-140,
메리츠증권 20251217-195-142,
메리츠증권 20260320-182-63,
메리츠증권 20260320-182-64,
메리츠증권 20260320-182-65,
메리츠증권 20260320-182-66,
메리츠증권 20260320-182-67,
메리츠증권 20260320-182-68,
메리츠증권(CP),J69USI
메리츠증권(CP)_2,
메리츠증권2411-3,
메리츠증권2501-1,
메리츠캐피탈 20260213-89-5(단),
메리츠캐피탈 20260227-89-7(단),
메리츠캐피탈(CP),J69USI
메리츠캐피탈(CP)_10,
메리츠캐피탈(CP)_11,
메리츠캐피탈(CP)_12,
메리츠캐피탈(CP)_2,
메리츠캐피탈(CP)_3,
메리츠캐피탈(CP)_4,
메리츠캐피탈(CP)_5,
메리츠캐피탈(CP)_6,
메리츠캐피탈(CP)_7,
메리츠캐피탈(CP)_8,
메리츠캐피탈(CP)_9,
메리츠캐피탈230-2,
메리츠캐피탈240-3,
메리츠캐피탈259-5,
메리츠캐피탈265-5,
메리츠캐피탈266-1,
메리츠캐피탈270-2,
메리츠캐피탈271-4,
메리츠캐피탈271-5,
메리츠캐피탈276-2,
메리츠캐피탈278-1,
메리츠캐피탈281-2,
메리츠캐피탈288-2,
메타랩스,090370
명문제약,017180
명신산업,009900
명인제약,317450
모나리자,012690
모나미,005360
모나용평,070960
모멘텀제일차 20260220-89-1(단),
모토닉,009680
무림P&P,009580
무림페이퍼,009200
무학,033920
문배철강,008420
물가01000-2606(16-,
물가01125-3006(20-5),
물가01625-3206(22-6),
물가01750-2806(18-5),
물가연동국고채권00750-3406(24-6),
물가연동국고채권01000-2606(16-5),
물가연동국고채권01125-3006(20-5),
물가연동국고채권01625-3206(22-6),
물가연동국고채권01750-2806(18-5),
미달러선물26년05월물,
미래산업,025560
미래아이앤지,007120
미래에셋글로벌리츠,396690
미래에셋생명,085620
미래에셋증권,037620
미래에셋증권 20260504-4-8(단),
미래에셋증권67-2,
미래에셋증권69-2,
미래에셋증권76,
미래에셋증권80,
미래에셋증권82-1,
미래에셋증권82-2,
미래에셋캐피탈121-2,
미래에셋캐피탈124-1,
미래에셋캐피탈127-1,
미래에셋캐피탈132-1,
미래에셋캐피탈92-3,
미스토홀딩스,081660
미원상사,002840
미원에스씨,268280
미원홀딩스,107590
미원화학,134380
미창석유,003650
미코,059090
바이넥스,053030
바이오노트,377740
바이오니아,064550
바이오다인,314930
바이오플러스,099430
방림,003610
백산,035150
범양건영,002410
베스트솔루션제이차 20260417-89-2(단),
베어버드제일차 20251013-326-28,
벤츠파이낸셜41,
벽산,007210
보락,002760
보령,003850
보령52-1,
보로노이,310210
부광약품,003000
부국증권,001270
부국철강,026940
부산광역시채권2021-2,
부산교통공사(CP),J69USI
부산교통공사2024-09(녹),
부산도시공사(보상)(센텀2) 24-01,
부산도시공사(보상)(센텀2) 24-02,
부산롯데호텔(CP),J69USI
부산롯데호텔(CP)_10,
부산롯데호텔(CP)_2,
부산롯데호텔(CP)_3,
부산롯데호텔(CP)_4,
부산롯데호텔(CP)_5,
부산롯데호텔(CP)_6,
부산롯데호텔(CP)_7,
부산롯데호텔(CP)_8,
부산롯데호텔(CP)_9,
부산산업,011390
부산항만공사30-2,
부산항만공사33-1,
부산항만공사53-2,
부전마산비티엘(CP),J69USI
부전마산비티엘(CP)_2,
부전마산비티엘(CP)_3,
부전마산비티엘(CP)_4,
부전마산비티엘(CP)_5,
브이티,018290
블루베어제삼차 20260320-91-2(단),
블루베어제일차 20260305-92-1(단),
블루스네이크제삼차 주식 (CP),J69USI
블루스네이크제삼차 주식 (CP)_2,
블루스네이크제삼차 주식 (CP)_3,
블루스네이크제삼차 주식 (CP)_4,
비상교육,100220
비씨카드176,
비씨카드177-4,
비씨카드180-2,
비에스에프플러스제이차 20260410-91-1(단),
비에스에프플러스제일차 20260212-89-2(단),
비에이치,090460
비에이치아이,083650
비엔케이썸제이십삼차 20260319-61-1(단),
비엔케이투자증권 20250812-273-2,
비엔케이투자증권 20250812-273-3,
비엔케이투자증권 20250812-273-4,
비엔케이투자증권 20250812-273-5,
비엔케이투자증권 20250812-364-8,
비엔케이투자증권 20250812-364-9,
비엔케이투자증권 20251216-364-17,
비엔케이투자증권 20260108-180-27,
비엔케이투자증권 20260213-89-10(단),
비엔케이투자증권 20260303-192-4,
비엔케이투자증권 20260304-184-10,
비엔케이투자증권 20260304-184-11,
비엔케이투자증권 20260304-184-12,
비엔케이투자증권 20260304-184-9,
비엔케이투자증권 20260319-216-72,
비엔케이투자증권 20260319-216-73,
비엔케이투자증권(CP),J69USI
비엔케이투자증권(CP)_10,
비엔케이투자증권(CP)_11,
비엔케이투자증권(CP)_12,
비엔케이투자증권(CP)_13,
비엔케이투자증권(CP)_14,
비엔케이투자증권(CP)_15,
비엔케이투자증권(CP)_16,
비엔케이투자증권(CP)_17,
비엔케이투자증권(CP)_18,
비엔케이투자증권(CP)_19,
비엔케이투자증권(CP)_2,
비엔케이투자증권(CP)_3,
비엔케이투자증권(CP)_4,
비엔케이투자증권(CP)_5,
비엔케이투자증권(CP)_6,
비엔케이투자증권(CP)_7,
비엔케이투자증권(CP)_8,
비엔케이투자증권(CP)_9,
비올다이브제일차 20260427-30-1(단),
비츠로셀,082920
비케이씨에스제이십이차 20260210-87-1(단),
비케이씨에스제이십이차 20260420-91-2(단),
비케이프로제구차 20260414-90-3(단),
비케이프로제구차 20260420-46-6(단),
비케이프로제칠차(CP),J69USI
비케이프로제칠차(CP)_2,
비케이프로제칠차(CP)_3,
비케이프로제칠차(CP)_4,
빙그레,005180
사조대림,003960
사조동아원,008040
사조산업,007160
사조씨푸드,014710
사조오양,006090
산업금융채권25신이0106-0609-1,
산은캐피탈769-6,
산은캐피탈775-3,
산은캐피탈786-4,
산일전기,062040
삼립,005610
삼부토건,001470
삼성E&A,028050
삼성FN리츠,448730
삼성SDI,006400
삼성공조,006660
삼성물산,028260
삼성바이오로직스,207940
삼성생명,032830
삼성에스디에스,018260
삼성에피스홀딩스,
삼성전기,009150
삼성전자,005930
삼성전자우,
삼성제약,001360
삼성중공업,010140
삼성증권,016360
삼성증권21-1,
삼성출판사,068290
삼성카드,029780
삼성카드 20260130-258-108,
삼성카드 20260130-258-109,
삼성카드 20260130-258-110,
삼성카드2517,
삼성카드2655,
삼성카드2743,
삼성카드2775,
삼성카드2815,
삼성화재,000810
삼아알미늄,006110
삼양바이오팜,
삼양사,145990
삼양사 20260423-182-17,
삼양사 20260423-182-18,
삼양사 20260423-182-19,
삼양사 20260423-182-20,
삼양사(CP),J69USI
삼양사(CP)_2,
삼양사(CP)_3,
삼양사(CP)_4,
삼양사(CP)_5,
삼양사(CP)_6,
삼양사(CP)_7,
삼양사(CP)_8,
삼양사(CP)_9,
삼양사6-2,
삼양식품,003230
삼양컴텍,484590
삼양패키징,272550
삼양홀딩스,000070
삼영,003720
삼영무역,002810
삼영전자,005680
삼원강재,023000
삼익THK,004380
삼익악기,002450
삼일씨엔에스,004440
삼일제약,000520
삼정펄프,009770
삼진제약,005500
삼천당제약,000250
삼천리,004690
삼현,437730
삼호개발,010960
삼화왕관,004450
삼화전기,009470
삼화전자,011230
삼화콘덴서,001820
상상인증권,001290
상신브레이크,041650
새론오토모티브,075180
샘표,007540
샘표식품,248170
서니클러스터 20260414-91-1(단),
서부T&D,006730
서연,007860
서연이화,200880
서울가스,017390
서울교통공사2021-2,
서울교통공사2026-2,
서울교통공사2026-4,
서울도시철도19-09,
서울도시철도20-03,
서울도시철도20-04,
서울도시철도공사21-02,
서울도시철도공채증권20-04,
서울도시철도공채증권20-10,
서울도시철도공채증권20-11,
서울도시철도공채증권21-02,
서울도시철도공채증권21-05,
서울도시철도공채증권21-06,
서울반도체,046890
서울보증보험,031210
서울주택도시개발공사184,
서울주택도시개발공사187,
서울특별시채권2021-05,
서울특별시채권2021-08,
서울특별시채권2021-11,
서울특별시채권2026-2,
서원,021050
서진시스템,178320
서흥,008490
선도전기,007610
선익시스템,171090
선진,136490
설정현금액,
성광벤드,014620
성문전자,014910
성수동제일차(CP),J69USI
성수동제일차(CP)_2,
성수동제일차(CP)_3,
성수동제일차(CP)_4,
성수동제일차(CP)_5,
성수동제일차(CP)_6,
성수동제일차(CP)_7,
성신양회,004980
성우하이텍,015750
성일하이텍,365340
성창기업지주,000180
세기상사,002420
세라젬케이디비제일차(CP),J69USI
세라젬케이디비제일차(CP)_2,
세라젬케이디비제일차(CP)_3,
세라젬케이디비제일차(CP)_4,
세방,004360
세방전지,004490
세아베스틸지주,001430
세아제강,306200
세아제강지주,003030
세아홀딩스,058650
세우글로벌,013000
세원정공,021820
세이브노들 20260303-86-1(단),
세이브존I&C,067830
세종도시교통공사1,
세진중공업,075580
셀바스AI,108860
셀트리온,068270
셀트리온(CP),J69USI
셀트리온(CP)_10,
셀트리온(CP)_11,
셀트리온(CP)_12,
셀트리온(CP)_13,
셀트리온(CP)_14,
셀트리온(CP)_15,
셀트리온(CP)_16,
셀트리온(CP)_17,
셀트리온(CP)_18,
셀트리온(CP)_19,
셀트리온(CP)_2,
셀트리온(CP)_20,
셀트리온(CP)_3,
셀트리온(CP)_4,
셀트리온(CP)_5,
셀트리온(CP)_6,
셀트리온(CP)_7,
셀트리온(CP)_8,
셀트리온(CP)_9,
셀트리온제약,068760
솔루스첨단소재,336370
솔루엠,248070
솔브레인,357780
솔브레인홀딩스,036830
솔트룩스,304100
송도지파이브제일차 20260417-31-2(단),
송원산업,004430
수산금융채권(중앙회)09-06이표12-05호,
수산금융채권(중앙회)15-11이표18-07호,
수산세보틱스,017550
수산인더스트리,126720
수협은행 여의도종합금융본부 20251015-365,
스왑(KB증권),KBH
스왑(KB증권)_6281_20260429,
스왑(KB증권)_6285_250219,
스왑(NH투자증권),F930F
스왑(NH투자증권)_6281_240716,
스왑(NH투자증권)_6285_240716,
스왑(NH투자증권_231030),
스왑(대신증권),
스왑(메리츠증권),
스왑(메리츠증권)_44E5_20260324,
스왑(메리츠증권)_44F9_260417,
스왑(메리츠증권)_6369_20250430,
스왑(미래에셋증권),
스왑(미래에셋증권)_44F9_260417,
스왑(미래에셋증권)_6369_20250710,
스왑(미래에셋증권_231030),
스왑(삼성증권),
스왑(유안타증권),
스왑(키움증권),
스왑(키움증권)_231030_1,
스왑(키움증권)_44E5_250807,
스왑(키움증권)_44F9_260417,
스왑(키움증권_231030),
스왑(하나금융투자),
스왑(하나증권)_251224_3165_4,
스왑(한국투자증권),
스왑(한화투자증권),
스왑(현대차증권),
스카이라이프,053210
스튜디오드래곤,253450
스틱인베스트먼트,026890
시노펙스,025320
시디즈,134790
시프트업,462870
신대양제지,016590
신도리코,029530
신디제이 (CP),J69USI
신디제이 (CP)_2,
신라교역,004970
신성델타테크,065350
신세계,004170
신세계 I&C,035510
신세계140-2,
신세계142-1,
신세계인터내셔날,031430
신세계푸드,031440
신송홀딩스,006880
신영와코루,005800
신영증권,001720
신영증권 20260414-183-1,
신영증권 20260414-183-2,
신영증권 20260414-183-3,
신영증권 20260414-183-4,
신영증권 20260507-1-4(단),
신원,009270
신일전자,002700
신풍,002870
신풍제약,019170
신한 자금부 20250624-365-1,
신한 자금부 20250909-364-1,
신한 자금부 20251010-363-1,
신한 자금부 20251121-364-1,
신한 자금부 20251230-182-1,
신한 자금부 20260318-124-1,
신한 자금부 20260417-119-1,
신한금융지주167-1,
신한금융지주169-2,
신한금융지주173-2,
신한금융지주185,
신한서부티엔디리츠,404990
신한알파리츠,293940
신한은행28-08-이-3-B,
신한은행28-09-이-3-A,
신한은행29-11-이-3-A,
신한지주,055550
신한카드 20211019-1826-53,
신한카드 20260415-168-17,
신한카드 20260415-168-18,
신한카드 20260415-168-19,
신한카드 20260415-168-20,
신한카드 20260507-167-1,
신한카드 20260507-167-2,
신한카드 20260507-167-3,
신한카드 20260507-167-4,
신한카드 20260507-167-5,
신한카드 20260507-167-6,
신한카드2168,
신한카드2173-3,
신한카드2174-3,
신한카드2176-3,
신한카드2197-3,
신한카드2207-3,
신한카드2209-3,
신한카드2225-1,
신한카드2226-2,
신한카드2230-2,
신한카드2252-2,
신한카드2254-2,
신한카드2256-1,
신한카드2260-3,
신한카드2266-1,
신한카드2266-2,
신한카드2271-1,
신한카드2275-3,
신한카드2280-2,
신한카드2280-5,
신한카드2282-2,
신한카드2288-1,
신한캐피탈 20260413-91-1(단),
신한캐피탈483-2,
신한캐피탈501-4,
신한캐피탈502-1,
신한캐피탈502-3,
신한캐피탈503-2,
신한캐피탈510-1,
신한캐피탈513-7,
신한캐피탈526-1,
신한투자증권 20250820-364-34,
신한투자증권 20250820-364-35,
신한투자증권 20250820-364-36,
신한투자증권 20250820-364-37,
신한투자증권 20251120-364-41,
신한투자증권 20251120-364-42,
신한투자증권2311-1,
신한투자증권2401-2,
신흥,004080
신흥에스이씨,243840
실리콘투,257720
심텍,222800
써니전자,004770
써클웨이브제일차 20260410-91-1(단),
쎄트렉아이,099320
쏘카,403550
쏠리드,050890
씨아이에스,222080
씨아이테크,004920
씨앤씨인터내셔널,352480
씨에스윈드,112610
씨제이제일제당30-2,
씨제이프레시웨이15-1,
씨젠,096530
씨케이솔루션,480370
씨티알모빌리티,308170
아난티,025980
아남전자,008700
아모레퍼시픽,090430
아모레퍼시픽홀딩스,002790
아세아,002030
아세아시멘트,183190
아세아제지,002310
아센디오,012170
아시아나IDT,267850
아시아나항공,020560
아이마켓코리아,122900
아이비케이캐피탈 20260209-261-3,
아이비케이캐피탈 20260209-261-4,
아이비케이캐피탈313-3,
아이비케이캐피탈315-3,
아이비케이캐피탈317-5,
아이비케이캐피탈319-3,
아이비케이캐피탈330-4,
아이비케이캐피탈342-2,
아이비케이투자증권 20260122-309-6,
아이비케이투자증권 20260122-309-7,
아이비케이투자증권 20260122-309-8,
아이센스,099190
아이쓰리시스템,214430
아이에스동서,010780
아이엠뱅크46-06이18A-12,
아이엠증권 20260204-107-10,
아이엠증권 20260204-107-9,
아이엠증권 20260226-208-35,
아이엠증권 20260226-208-36,
아이엠증권 20260226-208-37,
아이엠증권 20260226-208-38,
아이엠증권 20260226-208-39,
아이엠증권 20260303-199-1,
아이엠증권 20260303-199-2,
아이엠증권 20260303-199-3,
아이엠증권 20260303-91-5(단),
아이엠증권 20260312-190-13,
아이엠증권 20260312-190-14,
아이엠증권 20260312-190-15,
아이엠증권 20260312-190-16,
아이엠증권 20260312-190-17,
아이엠증권 20260312-190-18,
아이엠증권 20260312-190-19,
아이엠증권 20260312-190-20,
아이엠증권 20260312-190-21,
아이엠증권 20260312-190-22,
아이엠증권 20260326-187-63,
아이엠증권 20260326-187-64,
아이엠증권 20260327-151-76,
아이엠증권 20260327-151-78,
아이엠증권 20260327-151-80,
아이엠증권 20260327-151-81,
아이엠증권 20260327-151-83,
아이엠증권 20260327-151-84,
아이엠증권 20260327-151-85,
아이엠증권 20260327-151-86,
아이엠증권 20260420-185-10,
아이엠증권 20260420-185-5,
아이엠증권 20260420-185-6,
아이엠증권 20260420-185-7,
아이엠증권 20260420-185-8,
아이엠증권 20260420-185-9,
아이엠캐피탈 20260320-182-1,
아이엠캐피탈 20260320-182-2,
아이엠캐피탈 20260320-182-3,
아이엠캐피탈 20260320-182-4,
아이엠캐피탈 20260320-182-5,
아이엠캐피탈 20260320-182-6,
아이엠캐피탈103-2,
아이엠캐피탈104-2,
아이엠캐피탈105-4,
아이엠캐피탈111-3,
아이엠캐피탈114-3,
아이엠캐피탈115-4,
아이엠캐피탈116-2,
아이엠캐피탈123,
아이엠캐피탈124-1,
아이엠캐피탈131-1,
아이엠캐피탈134-2,
아이엠캐피탈142-2,
아이엠캐피탈147,
아이엠캐피탈149-1,
아이엠캐피탈149-2,
아이엠히어로제사차 20260327-54-1(단),
아이엠히어로제사차 20260401-91-1(단),
아이티센씨티에스,031820
아주스틸,139990
아진전자부품,009320
안랩,053800
알루코,021570
알씨아이파이낸셜133,
알씨아이파이낸셜134,
알씨아이파이낸셜서비스코리아124-1,
알씨아이파이낸셜서비스코리아125,
알에이청라제일차 20260313-61-1(단),
알테오젠,196170
애경산업,018250
애경케미칼,161000
애큐온캐피탈(CP),J69USI
애큐온캐피탈(CP)_10,
애큐온캐피탈(CP)_2,
애큐온캐피탈(CP)_3,
애큐온캐피탈(CP)_4,
애큐온캐피탈(CP)_5,
애큐온캐피탈(CP)_6,
애큐온캐피탈(CP)_7,
애큐온캐피탈(CP)_8,
애큐온캐피탈(CP)_9,
애큐온캐피탈245-1,
양도큐브제일차 20260227-89-1(단),
양주항교제일차 20260227-89-1(단),
에스디디피제삼차 20260401-91-1(단),
에스디바이오센서,137310
에스디비제이차 20260223-88-2(단),
에스디비제이차 20260316-92-2(단),
에스디비제이차 20260318-92-3(단),
에스디제삼차 20260424-91-2(단),
에스디제이차 20260306-91-1(단),
에스비비테크,389500
에스앤에스텍,101490
에스에프씨제일차 주식회 (CP),J69USI
에스에프씨제일차 주식회 (CP)_2,
에스에프씨제일차 주식회 (CP)_3,
에스에프씨제일차 주식회 (CP)_4,
에스에프에이,056190
에스엘,005850
에스엠,041510
에스엠벡셀,010580
에스오에스랩,464080
에스원,012750
에스케이브로드밴드58-1,
에스케이스페셜티6-2,
에스케이실트론52-2,
에스케이위탁관리부동산투자회사 20260225-,
에스케이위탁관리부동산투자회사 20260225-_2,
에스케이위탁관리부동산투자회사 20260225-_3,
에스케이위탁관리부동산투자회사 20260225-_4,
에스케이위탁관리부동산투자회사 20260310-,
에스케이위탁관리부동산투자회사 20260310-_2,
에스케이인텔릭스(CP),J69USI
에스케이인텔릭스(CP)_2,
에스케이하이닉스224-2,
에스케이하이닉스225-2,
에스케이하이닉스225-3,
에스티팜,237690
에스피에스제일차(CP),J69USI
에스피에스제일차(CP)_2,
에스피에스제일차(CP)_3,
에스피에스제일차(CP)_4,
에스피에이제일차 20260430-29-1(단),
에스피지,058610
에쓰씨엔지니어링,023960
에어부산,298690
에이버리일차 20260420-30-1(단),
에이블씨엔씨,078520
에이비엘바이오,298380
에이엔피,015260
에이원브리즈 20260429-91-1(단),
에이치디비에이제삼차 20260303-86-1(단),
에이치디현대오일뱅크121-3,
에이치색달제일차 20260402-91-1(단),
에이치씨디제삼차 20260225-86-3(단),
에이치씨디제삼차 20260227-89-4(단),
에이치씨디제십사차 20260406-91-1(단),
에이치아이베타제일 (CP),J69USI
에이치아이베타제일 (CP)_10,
에이치아이베타제일 (CP)_2,
에이치아이베타제일 (CP)_3,
에이치아이베타제일 (CP)_4,
에이치아이베타제일 (CP)_5,
에이치아이베타제일 (CP)_6,
에이치아이베타제일 (CP)_7,
에이치아이베타제일 (CP)_8,
에이치아이베타제일 (CP)_9,
에이치아이중동제삼차 20260427-31-1(단),
에이치엘만도15-2,
에이치와이물산제일차 20250821-364-1,
에이치와이물산제일차 20250821-364-2,
에이치와이물산제일차 20250821-364-3,
에이치케이이노엔5-1,
에이프로젠,007460
에이프로젠바이오로직스,003060
에이플러스에셋,244920
에이피알,278470
에임드바이오,
에코비트 20250613-364-1,
에코앤드림,101360
에코프로,086520
에코프로머티,450080
에코프로비엠,247540
에코프로에이치엔,383310
에프에스티,036810
엔에이치농협캐피탈207-5,
엔에이치농협캐피탈236-1,
엔에이치농협캐피탈240-4,
엔에이치농협캐피탈240-5,
엔에이치농협캐피탈253-7,
엔에이치농협캐피탈254-2,
엔에이치농협캐피탈257-4,
엔에이치농협캐피탈261-9,
엔에이치농협캐피탈263-1,
엔에이치투자71-1,
엔에이치투자71-2,
엔젤로보틱스,455900
엔켐,348370
엔투글로리제이차 20260408-91-1(단),
엘앤씨바이오,290650
엘앤에프,066970
엘에스엠트론 20260212-89-1(단),
엘에스엠트론 20260226-89-2(단),
엘에스엠트론(CP),J69USI
엘에스엠트론(CP)_2,
엘에스엠트론(CP)_3,
엘에스엠트론(CP)_4,
엘에스이링크 20251017-364-1,
엘에스이링크 20251017-364-2,
엘에스전선29-2,
엘에스증권 20260219-89-5(단),
엘에스증권 20260312-92-16(단),
엘원비엘티에스제오차 20260428-15-1(단),
엘지헬로비전14,
엠디드래곤제이차 20260424-32-4(단),
엠디프라임제사차 20260219-88-2(단),
엠로,058970
엠씨넥스,097520
엠아이제구차 20260506-29-1(단),
엠앤씨솔루션,484870
엠에스에너지제일차 20260225-89-3(단),
엠에스엠제삼차 20260430-32-2(단),
엠에이제이차 20260309-91-1(단),
엠지캐피탈 20260316-92-1(단),
엠지캐피탈375-3,
연합자산관리 20250610-339-62,
연합자산관리 20250610-339-63,
연합자산관리 20250610-339-71,
연합자산관리 20250610-339-72,
연합자산관리34-3,
연합자산관리35-2,
연합자산관리37-1,
연합자산관리38-2,
연합자산관리41-2,
영보화학,014440
영원무역,111770
영원무역홀딩스,009970
영진약품,003520
영풍,000670
영화금속,012280
영흥,012160
예금보험공사 20260403-89-6(단),
옐로우퍼피 20260507-92-1(단),
오뚜기,007310
오름테라퓨틱,475830
오리엔트바이오,002630
오리온,271560
오리온홀딩스,001800
오스코텍,039200
올릭스,226950
와이씨,232140
와이지엔터테인먼트,122870
와이케이슈퍼제일차 20260430-29-1(단),
와이케이에스티제삼차 20260420-77-2(단),
와이투솔루션,011690
외국환포워드JPY,JPY
외국환포워드USD,USD
우리 여의도중앙기업영업지원팀 20251029-3,
우리 여의도중앙기업영업지원팀 20251124-3,
우리 여의도중앙기업영업지원팀 20260416-9,
우리금융조건부(상)3-1(후),
우리금융조건부(상)5(후),
우리금융지주,316140
우리금융지주18,
우리금융캐피탈513-5,
우리금융캐피탈514-5,
우리금융캐피탈516-3,
우리금융캐피탈532-2,
우리금융캐피탈536,
우리금융캐피탈537-5,
우리금융캐피탈545-1(녹),
우리금융캐피탈545-3(녹),
우리기술,032820
우리기술투자,041190
우리은행28-10-이표05-갑-23,
우리은행29-06-이표2.5-갑-30,
우리은행29-09-이표1.5-갑-01,
우리은행29-10-이표03-갑-31,
우리은행30-04-이1.5-갑21(지),
우리은행조건부자본증권(상)22-5이(후)15-,
우리지니제일차 20260122-306-21,
우리카드 20251219-364-95,
우리카드 20260324-164-51,
우리카드 20260324-164-52,
우리카드 20260324-164-53,
우리카드 20260324-164-54,
우리카드244-2,
우리카드251-2,
우리카드251-4,
우리카드259-3,
우리카드260-2(사),
우리카드261-2(사),
우리카드261-3(사),
우리카드263-4,
우리카드265-2(사),
우리카드268-1(사),
우리카드270-3,
우리카드271-4,
우리카드273-2,
우리카드274-2,
우리투자증권 20260313-166-13,
우리투자증권 20260313-166-14,
우리투자증권 20260313-166-15,
우리투자증권 20260313-166-16,
우리투자증권 20260313-166-17,
우리투자증권 20260313-166-18,
우리투자증권 20260317-134-55,
우리투자증권 20260317-134-58,
우리하모니제2차 20251021-364-128,
우리하모니제2차 20251021-364-129,
우리하모니제2차 20251021-364-130,
우리하모니제2차 20251021-364-131,
우성,006980
우신시스템,017370
우진,105840
우진아이엔에스,010400
우진플라임,049800
울산광역시도시공사20,
웅진,016880
워터베스트제일차 20260309-60-1(단),
원림,005820
원익IPS,240810
원익QnC,074600
원익홀딩스,030530
원텍,336570
원트러스트제이차 20250721-364-9,
원트러스트제이차 주식회 (CP),J69USI
원트러스트제이차 주식회 (CP)_2,
원화예금,
원화현금,
웹젠,069080
위메이드,112040
위메이드맥스,101730
위비월드제일차 20260319-183-1,
위비월드제일차 20260319-183-2,
위비월드제일차 20260319-183-3,
위비월드제일차 20260319-183-4,
위비월드제일차 20260319-183-5,
위비월드제일차 20260319-183-6,
유나이티드제약,033270
유니드,014830
유니드비티플러스,446070
유니버스문래 20260424-32-1(단),
유니온,000910
유니온머티리얼,047400
유니켐,011330
유니퀘스트,077500
유로스탁스50 TRS(KB증권),
유로스탁스50 TRS(미래에셋증권),
유로스탁스50 TRS(키움증권),
유바이오로직스,206650
유성기업,002920
유수홀딩스,000700
유안타증권,003470
유안타증권(CP),J69USI
유안타증권(CP)_10,
유안타증권(CP)_11,
유안타증권(CP)_2,
유안타증권(CP)_3,
유안타증권(CP)_4,
유안타증권(CP)_5,
유안타증권(CP)_6,
유안타증권(CP)_7,
유안타증권(CP)_8,
유안타증권(CP)_9,
유엔젤,072130
유유제약,000220
유일로보틱스,388720
유진로봇,056080
유진테크,084370
유진투자증권,001200
유티아이,179900
유한양행,000100
유화증권,003460
율촌화학,008730
의료법인 우리의료재단 20250827-364-1,
의왕월암제이차 20260320-61-1(단),
이건산업,008250
이구산업,025820
이노션,214320
이녹스첨단소재,272290
이리츠코크렙,088260
이마트,139480
이마트22-2,
이수스페셜티케미컬,457190
이수페타시스,007660
이수화학,005950
이엔에프테크놀로지,102710
이연제약,102460
이오테크닉스,039030
이월드,084680
이터널네스트 20260430-15-2(단),
이터널하이브 20260424-91-1(단),
이화산업,000760
인디에프,014990
인바이오젠,101140
인스코비,006490
인지컨트롤스,023800
인천국제공항공사159,
인천국제공항공사165,
인천국제공항공사192,
인천도시가스,034590
인천도시공사224,
인천도시공사235,
인천도시공사255(녹),
인천도시공사256(녹),
인천지방채37-13,
인천지역개발22-09,
인천항만공사17,
인카금융서비스,211050
인터지스,129260
인텔리안테크,189300
인팩,023810
일동제약,249420
일동홀딩스,000230
일본TOPIX TRS(KB증권) TRS 230605-02,
일본TOPIX TRS(미래에셋증권) TRS 230605-0,
일본엔선물26년05월물,
일성건설,013360
일성아이에스,003120
일신방직,003200
일신석재,007110
일양약품,007570
일정실업,008500
일진다이아,081000
일진디스플,020760
일진전기,103590
일진하이솔루스,271940
일진홀딩스,015860
잇츠한불,226320
자이에스앤디,317400
자화전자,033240
전남지역개발24-01,
전방,000950
전북지역개발24-05,
전북지역개발25-07,
전진건설로봇,079900
정금13-이-1500-072,
제노코,361390
제룡전기,033100
제우스,079370
제이디비제이차 20260423-91-1,
제이디비제이차 20260423-91-2,
제이디비제이차 20260423-91-3,
제이디비제이차 20260423-91-4,
제이디비제이차 20260423-91-5,
제이디비제이차 20260423-91-6,
제이디비제이차 20260423-91-7,
제이디비제이차 20260423-91-8,
제이디제삼차 20260325-92-1(단),
제이브이엠,054950
제이알글로벌리츠,348950
제이앤티씨,204270
제이에스코퍼레이션,194370
제이온브레인 20260403-56-1(단),
제일기획,030000
제일약품,271980
제일연마,001560
제일파마홀딩스,002620
제일하모니제3차 20251112-363-27,
제일하모니제3차 20251112-363-28,
제주반도체,080220
제주은행,006220
제주항공,089590
젬백스,082270
조광페인트,004910
조광피혁,004700
조비,001550
조선내화,462520
조선선재,120030
조일알미늄,018470
조흥,002600
종근당,185750
종근당2-1,
종근당바이오,063160
종근당홀딩스,001630
종근당홀딩스2,
주노제일차 20260414-30-1(단),
주노제일차 20260414-91-2(단),
주성엔지니어링,036930
주성코퍼레이션,109070
주식회사 에코비트(CP),J69USI
주식회사 에코비트(CP)_2,
주식회사 에코비트(CP)_3,
주식회사 에코비트(CP)_4,
주택금융공사110(사),
주택금융공사132(사),
주택금융공사MBS 2026-3(1-1)(사),
주택금융공사MBS2021-3(1-6)(사),
중소기업은행 조건부자본증권(상)2203이(후,
중소기업은행(CD),
중소기업은행(신)2411이2A-20,
중소기업은행(신)2510이2A-21(사),
중소기업은행(신)2510이3A-22(사),
중소기업은행(신)2601이2A-21,
중소기업은행(신)2601이2A-22,
중소기업진흥채권53,
중소벤처기업진흥채권731(사),
중소벤처기업진흥채권796(사),
중소벤처기업진흥채권804(사),
중소벤처기업진흥채권848(사),
중소벤처기업진흥채권876(사),
중소벤처기업진흥채권886(사),
중소벤처기업진흥채권888(사),
중앙첨단소재,051980
지누스,013890
지씨셀,144510
지아이이노베이션,358570
지에스에너지16-2,
지에스엔텍14-1,
지엠비코리아,013870
지역난방공사,071320
지와이디제이차 20260506-20-1(단),
지와이디제이차 20260506-20-3(단),
진도,088790
진양산업,003780
진양폴리,010640
진양홀딩스,100250
진양화학,051630
진에어,272450
진원생명과학,011000
진흥기업,002780
차AI헬스케어,025620
차바이오텍,085660
차이나과창판STAR50 TRS 230111-04,
차이나과창판STAR50 TRS 230111-05,
차이나과창판STAR50 TRS 230421-01,
차이나과창판STAR50 TRS 230426-04,
차이나과창판STAR50 TRS 230426-05,
차이나과창판STAR50 TRS 251017-07,
차이나전기차 TRS 251126-01,
차이나전기차 TRS 251126-03,
차이나전기차 TRS 251215-01,
차이나전기차 TRS 251216-01,
차이나전기차 TRS 251219-02,
차이나전기차 TRS 251223-02,
차이나전기차 TRS 260108-01,
천보,278280
천일고속,000650
청주고속디투 20260414-30-1(단),
체시스,033250
충북개발공사(음성) 2025-03,
칩스앤미디어,094360
카카오,035720
카카오게임즈,293490
카카오뱅크,323410
카카오페이,377300
카페24,042000
컬티베이션제십일차 20260116-181-3,
컬티베이션제십일차 20260116-181-4,
컬티베이션제십차 20260409-91-1(단),
컴투스,078340
케어젠,214370
케이더블유제일차 20260402-91-1(단),
케이더블유투금제십구차 20260423-29-1(단),
케이더블유투금제이십일차 20260320-91-1(,
케이디비첨단전략이에스지(CP),J69USI
케이디비첨단전략이에스지(CP)_10,
케이디비첨단전략이에스지(CP)_11,
케이디비첨단전략이에스지(CP)_12,
케이디비첨단전략이에스지(CP)_13,
케이디비첨단전략이에스지(CP)_14,
케이디비첨단전략이에스지(CP)_15,
케이디비첨단전략이에스지(CP)_16,
케이디비첨단전략이에스지(CP)_2,
케이디비첨단전략이에스지(CP)_3,
케이디비첨단전략이에스지(CP)_4,
케이디비첨단전략이에스지(CP)_5,
케이디비첨단전략이에스지(CP)_6,
케이디비첨단전략이에스지(CP)_7,
케이디비첨단전략이에스지(CP)_8,
케이디비첨단전략이에스지(CP)_9,
케이뱅크,279570
케이비국민카드334-3(사),
케이비국민카드342-4,
케이비국민카드349-4,
케이비국민카드376-2,
케이비국민카드419-3,
케이비국민카드426-2,
케이비국민카드435-2(사),
케이비국민카드435-3(사),
케이비국민카드435-4(사),
케이비국민카드436-2,
케이비더퍼스트제일차(CP),J69USI
케이비더퍼스트제일차(CP)_2,
케이비더퍼스트제일차(CP)_3,
케이비손해보험3(후),
케이비시그니쳐제일차(CP),J69USI
케이비시그니쳐제일차(CP)_2,
케이비시그니쳐제일차(CP)_3,
케이비시그니쳐제일차(CP)_4,
케이비용산제일차 유한회 (CP),J69USI
케이비용산제일차 유한회 (CP)_10,
케이비용산제일차 유한회 (CP)_2,
케이비용산제일차 유한회 (CP)_3,
케이비용산제일차 유한회 (CP)_4,
케이비용산제일차 유한회 (CP)_5,
케이비용산제일차 유한회 (CP)_6,
케이비용산제일차 유한회 (CP)_7,
케이비용산제일차 유한회 (CP)_8,
케이비용산제일차 유한회 (CP)_9,
케이비캐피탈533-3,
케이비캐피탈553-3,
케이비캐피탈554-3,
케이비캐피탈554-6,
케이비캐피탈557-4,
케이비캐피탈560-3,
케이비캐피탈562-4,
케이비캐피탈578-6,
케이비캐피탈578-7,
케이비캐피탈580-2,
케이비캐피탈580-3,
케이비클래스트제일차 유 (CP),J69USI
케이비클래스트제일차 유 (CP)_10,
케이비클래스트제일차 유 (CP)_2,
케이비클래스트제일차 유 (CP)_3,
케이비클래스트제일차 유 (CP)_4,
케이비클래스트제일차 유 (CP)_5,
케이비클래스트제일차 유 (CP)_6,
케이비클래스트제일차 유 (CP)_7,
케이비클래스트제일차 유 (CP)_8,
케이비클래스트제일차 유 (CP)_9,
케이비프렌즈제일차(CP),J69USI
케이비프렌즈제일차(CP)_10,
케이비프렌즈제일차(CP)_11,
케이비프렌즈제일차(CP)_2,
케이비프렌즈제일차(CP)_3,
케이비프렌즈제일차(CP)_4,
케이비프렌즈제일차(CP)_5,
케이비프렌즈제일차(CP)_6,
케이비프렌즈제일차(CP)_7,
케이비프렌즈제일차(CP)_8,
케이비프렌즈제일차(CP)_9,
케이씨,029460
케이씨씨75-1,
케이씨텍,281820
케이아이엔엑스,093320
케이에이치엘제십팔차(CP),J69USI
케이에이치엘제십팔차(CP)_2,
케이에이치엘제십팔차(CP)_3,
케이에이치엘제십팔차(CP)_4,
케이에이치엘제이십일차 20260424-91-1(단),
케이엠더블유,032500
케이영신제일차 20260421-30-1(단),
케이영신제일차 20260430-21-3(단),
케이제주드림제일차 20260410-31-1(단),
케이지마포제일차 20260504-60-1(단),
케이지마포제일차 20260506-58-2(단),
케이지아이제이차 20260219-88-1(단),
케이카,381970
케이탑리츠,145270
케이티스카이라이프19-2,
케이티에스테이트 20260225-170-15,
케이티에스테이트 20260225-170-16,
케이피가락제오차 20260504-28-1(단),
코나아이,052400
코난테크놀로지,402030
코람코라이프인프라리츠,357120
코렌트제일차 20260415-91-2(단),
코렌트제일차 20260423-83-3(단),
코리아써키트,007810
코리아휠 20251027-364-1,
코리안리,003690
코미코,183300
코스맥스,192820
코스맥스비티아이,044820
코스메카코리아,241710
코스모신소재,005070
코스모화학,005420
코아스,071950
코오롱,002020
코오롱글로벌,003070
코오롱인더,120110
코오롱인더스트리68-2,
코웨이,021240
콘텐트리중앙,036420
콜마비앤에이치,200130
콜마홀딩스,024720
쿠쿠홀딩스,192400
쿠쿠홈시스,284740
큐렉소,060280
큐로셀,372320
큐리옥스바이오시스템즈,445680
큐브에스엔 20260303-87-1(단),
크라운제과,264900
크라운해태홀딩스,005740
크래프톤,259960
클래시스,214150
클로봇,466100
키다리스튜디오,020120
키스도미노제이차 20260506-56-1(단),
키스아이비제십육차 20260227-89-1(단),
키스아이비제십육차 20260423-34-1(단),
키스양산제일차 20260422-30-2(단),
키스얼터너티브제일차 20260305-92-1(단),
키스에스에프제사십오차 20260420-21-1(단),
키스에스에프제삼십삼차 20260309-92-1(단),
키스온제십차 20260408-30-1(단),
키움에프앤아이 20260424-91-9(단),
키움증권,039490
키움증권 20250605-364-11,
키움증권 20250605-364-12,
키움증권 20250605-364-7,
키움증권 20250717-364-47,
키움증권 20250717-364-48,
키움증권 20250717-364-49,
키움증권 20250717-364-50,
키움증권 20250904-364-19,
키움증권 20250904-364-22,
키움증권 20260428-10-21(단),
키움증권 20260428-13-26(단),
키움증권(CP),J69USI
키움증권(CP)_2,
키움증권(CP)_3,
태경비케이,014580
태경산업,015890
태경케미컬,006890
태광,023160
태광산업,003240
태림포장,011280
태성,323280
태양금속,004100
태영건설,009410
태웅,044490
태원물산,001420
테스,095610
테이팩스,055490
테크윙,089030
텔코웨어,078000
토니모리,214420
토지주택채권(용지)23-05,
토지주택채권(용지)24-01,
토지주택채권(용지)24-02,
토지주택채권(용지)24-10,
토지주택채권(용지3)21-12,
토지주택채권103,
토지주택채권109,
토지주택채권111,
토지주택채권112,
토지주택채권116,
토지주택채권119,
토지주택채권125,
토지주택채권149,
토지주택채권151,
토지주택채권152,
토지주택채권155,
토지주택채권156,
토지주택채권178,
토지주택채권373,
토지주택채권398(녹),
토지주택채권415,
토지주택채권430,
토지주택채권438,
토지주택채권471,
토지주택채권541,
토지주택채권559,
토지주택채권565,
토지주택채권576,
토지주택채권581,
토지주택채권592,
토지주택채권96,
통안02400-2707-02,
통안02540-2611-01,
통안02550-2701-01,
통안02700-2701-02,
통안02800-2610-02,
통안04000-2609-03,
통안DC026-0714-0910,
통영일차(CP),J69USI
통영일차(CP)_2,
통영일차(CP)_3,
통화안정증권 03200-2607-0200,
통화안정증권02270-2609-01,
통화안정증권02280-2607-01,
통화안정증권02540-2611-01,
통화안정증권02550-2701-01,
통화안정증권02700-2701-02,
통화안정증권02700-2703-01,
통화안정증권02800-2610-02,
통화안정증권03200-2607-02,
트레쥬어마운틴제삼차 20260225-86-1(단),
트루프렌드상생제일차 20260410-31-3(단),
트리니티항공,091810
티씨케이,064760
티앤엘,340570
티에스이,131290
티에이치엔,019180
티와이홀딩스,363280
티웨이홀딩스,004870
파두,440110
파라다이스,034230
파마리서치,214450
파미셀,005690
파주에너지서비스7-2,
파크시스템스,140860
팜스코,036580
팜젠사이언스,004720
팬오션,028670
퍼스텍,010820
퍼시스,016800
펄어비스,263750
펌텍코리아,251970
페이레터케이디비제이차(CP),J69USI
페이레터케이디비제이차(CP)_2,
펩트론,087010
평화산업,090080
평화홀딩스,010770
포스코DX,022100
포스코스틸리온,058430
포스코엠텍,009520
포스코인터31,
포스코인터내셔널,047050
포스코퓨처엠,003670
폭스바겐파이낸셜5,
풀무원,017810
풍산,103140
풍산홀딩스,005810
플러스알파제삼차 20251110-364-1,
플러스알파제삼차 20251110-364-10,
플러스알파제삼차 20251110-364-11,
플러스알파제삼차 20251110-364-12,
플러스알파제삼차 20251110-364-13,
플러스알파제삼차 20251110-364-14,
플러스알파제삼차 20251110-364-15,
플러스알파제삼차 20251110-364-16,
플러스알파제삼차 20251110-364-17,
플러스알파제삼차 20251110-364-18,
플러스알파제삼차 20251110-364-19,
플러스알파제삼차 20251110-364-20,
플러스알파제삼차 20251110-364-21,
플러스알파제삼차 20251110-364-22,
플러스알파제삼차 20251110-364-23,
플러스알파제삼차 20251110-364-24,
플러스알파제삼차 20251110-364-25,
플러스알파제삼차 20251110-364-26,
플러스알파제삼차 20251110-364-8,
플러스알파제삼차 20251110-364-9,
피씨씨제이차 20260227-89-3(단),
피씨씨제이차 20260309-88-1(단),
피씨씨제이차 20260430-91-4(단),
피에스케이,319660
피에스케이홀딩스,031980
피엔티,137400
필릭스에코비 20260429-30-1(단),
필옵틱스,161580
하나 금융기관영업팀 20250528-359-1,
하나 금융기관영업팀 20250605-365-2,
하나 금융기관영업팀 20250617-365-1,
하나 금융기관영업팀 20250828-365-1,
하나 금융기관영업팀 20251119-365-1,
하나 금융기관영업팀 20251128-334-1,
하나 금융기관영업팀 20251216-365-1,
하나 금융기관영업팀 20251223-304-1,
하나금융지주,086790
하나금융지주40-3,
하나금융지주55-4,
하나금융지주65-1,
하나금융지주65-3,
하나금융지주68-2,
하나금융지주69-1,
하나금융지주69-3,
하나금융지주71,
하나기술,299030
하나두동물류전문제일차(CP),J69USI
하나두동물류전문제일차(CP)_2,
하나두동물류전문제일차(CP)_3,
하나두동물류전문제일차(CP)_4,
하나두동물류전문제일차(CP)_5,
하나두동물류전문제일차(CP)_6,
하나마이크론,067310
하나머티리얼즈,166090
하나에프앤아이 20250612-334-5,
하나에프앤아이 20250612-334-6,
하나에프앤아이186-3,
하나에프앤아이187-3,
하나에프앤아이188-2,
하나에프앤아이189-1,
하나에프앤아이189-3,
하나에프앤아이191-1,
하나은행 조건부자본증권(상)39-06이10갑-2,
하나은행 조건부자본증권(상)43-03이10갑-2,
하나은행 조건부자본증권(상)43-08이10갑-1,
하나은행 조건부자본증권(상)4406이(후)10,
하나은행(CD),
하나은행(CD)_2,
하나은행47-09이5갑-06,
하나은행47-09이5갑-27,
하나은행48-03이3갑-17,
하나은행48-11이3갑-12,
하나제약,293480
하나증권 20250626-364-72,
하나증권 20250626-364-73,
하나증권 20250909-241-47,
하나증권 20250909-241-49,
하나증권 20250909-241-51,
하나증권15-1,
하나카드242-6,
하나카드252-2,
하나카드252-3,
하나카드258-2,
하나카드279-2,
하나카드280-3,
하나카드281-4,
하나카드283-1,
하나카드283-2,
하나카드286-2,
하나카드287-1(사),
하나카드288-1,
하나카드289-2,
하나카드300-1(녹),
하나캐피탈400-6,
하나캐피탈412-4,
하나캐피탈438-3,
하나캐피탈445-3,
하나캐피탈456-3,
하나캐피탈457-5,
하나캐피탈459-2,
하나캐피탈462-4,
하나캐피탈471-2,
하나캐피탈476-6,
하나캐피탈477-1,
하나캐피탈478-2,
하나캐피탈479-3,
하나투어,039130
하나풍덕천제일 (CP),J69USI
하나풍덕천제일 (CP)_2,
하나풍덕천제일 (CP)_3,
하나풍덕천제일 (CP)_4,
하나풍덕천제일 (CP)_5,
하나풍덕천제일 (CP)_6,
하나플랜트제사차 20260326-92-1,
하림지주,003380
하우메아제일차 20260319-92-1(단),
하이브,352820
하이스틸,071090
하이젠알앤엠,160190
하이트진로,000080
하이트진로홀딩스,000140
하이퍼이머전제이차 20260212-364-1,
하이퍼이머전제이차 20260212-364-2,
하이퍼이머전제이차 20260212-364-3,
하이퍼이머전제이차 20260212-364-7,
하이퍼이머전제이차 20260212-364-8,
한국가스공사,036460
한국가스공사330,
한국가스공사393,
한국가스공사414,
한국가스공사415,
한국가스공사454,
한국가스공사479,
한국가스공사497,
한국가스공사500,
한국공항,005430
한국공항공사17,
한국금융지주,071050
한국남동발전42,
한국남동발전56-4(녹),
한국남동발전63-3,
한국남동발전70-1,
한국남동발전71-1,
한국남부발전18-3,
한국남부발전83-1,
한국내화,010040
한국단자,025540
한국도로공사고속도로건설채권568,
한국도로공사고속도로건설채권854,
한국도로공사고속도로건설채권855,
한국도로공사고속도로건설채권890,
한국도로공사고속도로건설채권910,
한국도로공사고속도로건설채권929,
한국동서발전,
한국동서발전52-1,
한국동서발전53-1,
한국무브넥스,010100
한국서부발전 20260324-50-5(단),
한국서부발전62-1,
한국서부발전63-1,
한국서부발전63-2(녹),
한국서부발전64-2,
한국서부발전65-1,
한국서부발전71-2,
한국서부발전72-1,
한국서부발전72-2,
한국서부발전73-2,
한국서부발전76-1,
한국석유,004090
한국수력원자력11,
한국수력원자력33-2,
한국수력원자력72-1,
한국수력원자력80-1,
한국수자원공사221,
한국수자원공사244,
한국수자원공사287,
한국수자원공사292,
한국수출포장,002200
한국쉘석유,002960
한국앤컴퍼니,000240
한국자산관리공사채권제67회5005-22(사),
한국자산신탁,123890
한국장학재단23-17(사),
한국전력,015760
한국전력1012,
한국전력1023,
한국전력1032,
한국전력1036,
한국전력1053,
한국전력1090,
한국전력1094,
한국전력1096,
한국전력1101,
한국전력1102,
한국전력1124,
한국전력1217,
한국전력1432,
한국전력1462,
한국전력1515,
한국전력1521,
한국전력공사 20260402-57-16(단),
한국전력공사 20260403-59-38(단),
한국전력공사 20260403-60-37(단),
한국전력공사(CP),J69USI
한국전력공사채권1017,
한국전력공사채권1075,
한국전력공사채권1120,
한국전력공사채권1124,
한국전력공사채권1132,
한국전력공사채권1413,
한국전력공사채권1414,
한국전력공사채권1428,
한국전력공사채권1455,
한국전력공사채권1465,
한국전력공사채권1550,
한국전력공사채권906,
한국전력공사채권988,
한국제지,027970
한국종합기술,023350
한국주강,025890
한국주철관,000970
한국주택금융공사110(사),
한국주택금융공사MBS 2026-4(1-4)(사),
한국주택금융공사MBS2019-18(1-6)(사),
한국주택금융공사MBS2021-3(1-6)(사),
한국중부발전 36-2,
한국중부발전38-2,
한국중부발전38-3,
한국중부발전43-2,
한국중부발전44-2,
한국중부발전51-1,
한국중부발전58-2,
한국지역난방공사42-2,
한국지역난방공사64-3,
한국지역난방공사65-1,
한국지역난방공사65-2,
한국지역난방공사67-1(녹),
한국지역난방공사68-2,
한국지역난방공사71-2(녹),
한국철강,104700
한국철도공사,
한국철도공사183,
한국철도공사204,
한국철도공사243,
한국철도공사265,
한국철도공사90,
한국철도시설채권19,
한국철도시설채권27,
한국철도시설채권28,
한국카본,017960
한국캐피탈 20250703-364-5,
한국캐피탈538-1,
한국캐피탈544-1,
한국캐피탈558-1,
한국콜마,161890
한국타이어앤테크놀로지,161390
한국토지신탁,034830
한국투자금융지주 20250610-364-10,
한국투자금융지주 20250610-364-11,
한국투자금융지주 20250610-364-12,
한국투자금융지주 20250610-364-13,
한국투자금융지주 20250701-364-13,
한국투자금융지주 20250701-364-14,
한국투자금융지주 20251001-364-1,
한국투자금융지주 20251001-364-2,
한국투자금융지주 20251001-364-5,
한국투자금융지주 20251001-364-6,
한국투자금융지주 20251013-352-34,
한국투자금융지주 20251013-352-36,
한국투자금융지주 20251216-363-39,
한국투자금융지주 20251216-363-40,
한국투자금융지주 20260123-319-1,
한국투자금융지주 20260123-319-2,
한국투자금융지주 20260123-319-3,
한국투자금융지주 20260123-319-4,
한국투자금융지주 20260123-319-5,
한국투자금융지주 20260123-319-6,
한국투자금융지주 20260123-319-7,
한국투자금융지주 20260226-274-198,
한국투자금융지주 20260226-274-199,
한국투자금융지주 20260226-274-200,
한국투자금융지주 20260226-274-201,
한국투자금융지주 20260226-274-202,
한국투자금융지주 20260409-152-10,
한국투자금융지주 20260409-152-7,
한국투자금융지주 20260409-152-8,
한국투자금융지주 20260409-152-9,
한국투자금융지주 20260409-243-25,
한국투자금융지주 20260409-243-26,
한국투자금융지주 20260409-243-27,
한국투자금융지주 20260409-243-28,
한국투자금융지주(CP),J69USI
한국투자금융지주(CP)_10,
한국투자금융지주(CP)_11,
한국투자금융지주(CP)_12,
한국투자금융지주(CP)_13,
한국투자금융지주(CP)_14,
한국투자금융지주(CP)_15,
한국투자금융지주(CP)_16,
한국투자금융지주(CP)_17,
한국투자금융지주(CP)_18,
한국투자금융지주(CP)_19,
한국투자금융지주(CP)_2,
한국투자금융지주(CP)_20,
한국투자금융지주(CP)_21,
한국투자금융지주(CP)_22,
한국투자금융지주(CP)_23,
한국투자금융지주(CP)_24,
한국투자금융지주(CP)_25,
한국투자금융지주(CP)_26,
한국투자금융지주(CP)_27,
한국투자금융지주(CP)_28,
한국투자금융지주(CP)_29,
한국투자금융지주(CP)_3,
한국투자금융지주(CP)_30,
한국투자금융지주(CP)_4,
한국투자금융지주(CP)_5,
한국투자금융지주(CP)_6,
한국투자금융지주(CP)_7,
한국투자금융지주(CP)_8,
한국투자금융지주(CP)_9,
한국투자증권 20250516-361-115,
한국투자증권 20250516-361-116,
한국투자증권 20251124-364-110,
한국투자증권 20251230-364-196,
한국투자증권 20251230-364-197,
한국투자증권 20251230-364-198,
한국투자증권 20251230-364-199,
한국투자증권 20260126-364-11,
한국투자증권 20260126-364-12,
한국투자증권 20260507-1-31(단),
한국투자증권 20260507-1-32(단),
한국투자증권 20260507-1-33(단),
한국투자증권 20260507-1-34(단),
한국투자증권(CP),J69USI
한국투자증권(CP)_10,
한국투자증권(CP)_11,
한국투자증권(CP)_12,
한국투자증권(CP)_13,
한국투자증권(CP)_14,
한국투자증권(CP)_15,
한국투자증권(CP)_16,
한국투자증권(CP)_17,
한국투자증권(CP)_18,
한국투자증권(CP)_19,
한국투자증권(CP)_2,
한국투자증권(CP)_20,
한국투자증권(CP)_21,
한국투자증권(CP)_22,
한국투자증권(CP)_23,
한국투자증권(CP)_24,
한국투자증권(CP)_25,
한국투자증권(CP)_26,
한국투자증권(CP)_3,
한국투자증권(CP)_4,
한국투자증권(CP)_5,
한국투자증권(CP)_6,
한국투자증권(CP)_7,
한국투자증권(CP)_8,
한국투자증권(CP)_9,
한국투자증권21-2,
한국투자증권27-2,
한국투자증권28-2,
한국투자캐피탈113-2,
한국투자캐피탈127-2,
한국투자캐피탈128-4,
한국투자캐피탈130-2,
한국투자캐피탈132-2,
한국특강,007280
한국항공우주,047810
한국항공우주산업28-2,
한국화장품,123690
한국화장품제조,003350
한글과컴퓨터,030520
한농화성,011500
한독,002390
한미글로벌,053690
한미반도체,042700
한미사이언스,008930
한미약품,128940
한샘,009240
한섬,020000
한성기업,003680
한세실업,105630
한세예스24홀딩스,016450
한솔로지스틱스,009180
한솔제지,213500
한솔케미칼,014680
한솔테크닉스,004710
한솔홀딩스,004150
한솔홈데코,025750
한신공영,004960
한신기계,011700
한양증권,001750
한양증권 20260422-90-8(단),
한양증권 20260427-91-14(단),
한온시스템,018880
한온시스템11-3,
한온시스템12-2,
한온시스템15-2,
한올바이오파마,009420
한익스프레스,014130
한일시멘트,300720
한일철강,002220
한일홀딩스,003300
한전KPS,051600
한전기술,052690
한전산업,130660
한중엔시에스,107640
한진,002320
한진중공업홀딩스,003480
한진칼,180640
한창,005110
한컴라이프케어,372910
한화,000880
한화갤러리아,452260
한화리츠,451800
한화비전,489790
한화생명,088350
한화생명금융서비 (CP),J69USI
한화생명금융서비 (CP)_2,
한화생명금융서비 (CP)_3,
한화생명금융서비 (CP)_4,
한화생명금융서비 (CP)_5,
한화생명금융서비 (CP)_6,
한화손해보험,000370
한화솔루션,009830
한화솔루션 20250728-364-40,
한화솔루션 20250728-364-41,
한화솔루션 20250728-364-42,
한화솔루션287-2,
한화시스템,272210
한화에어로스페이스,012450
한화에어로스페이스128-1(녹),
한화엔진,082740
한화오션,042660
한화임팩트(CP),J69USI
한화임팩트(CP)_2,
한화임팩트(CP)_3,
한화임팩트(CP)_4,
한화토탈에너지스25-2(녹),
한화토탈에너지스27-3,
한화투자증권,003530
한화투자증권 20250521-364-10,
한화투자증권 20250521-364-5,
한화투자증권 20250521-364-6,
한화투자증권 20250521-364-7,
한화투자증권 20250521-364-8,
한화투자증권 20250521-364-9,
한화투자증권 20251013-364-11,
한화투자증권 20251013-364-12,
해성디에스,195870
해태제과식품,101530
핸즈코퍼레이션,143210
현대건설,000720
현대건설307-2,
현대건설309-2,
현대그린푸드,453340
현대글로비스,086280
현대로템,064350
현대리바트,079430
현대모비스,012330
현대무벡스,319400
현대바이오,048410
현대백화점,069960
현대비앤지스틸,004560
현대사료,016790
현대약품,004310
현대엘리베이터,017800
현대오토에버,307950
현대위아,011210
현대제철,004020
현대제철140-3,
현대제철141-3,
현대제철142-2,
현대제철142-3,
현대지에프홀딩스,005440
현대차,005380
현대차2우B,2B7KDE
현대차강소아이티제일차 20260429-30-1(단),
현대차우,
현대차증권,001500
현대첨단소재 20260223-364-1,
현대카드828-2,
현대카드883-2,
현대카드902-1,
현대카드905-1,
현대카드913-4,
현대카드921-1,
현대카드926-2,
현대카드927-3,
현대카드943-2,
현대카드944-2,
현대카드945-1,
현대카드946-4,
현대카드947-4,
현대카드948-4,
현대카드957-1,
현대캐피탈1868-6,
현대캐피탈1977-1,
현대캐피탈1999-6,
현대캐피탈2006-4,
현대캐피탈2018-1,
현대캐피탈2040-2,
현대캐피탈2050-3(녹),
현대캐피탈2056-1,
현대캐피탈2060-1,
현대캐피탈2062-1,
현대캐피탈2069,
현대캐피탈2078-3,
현대캐피탈2079-5,
현대캐피탈2082-1,
현대캐피탈2082-2,
현대커머셜 20260414-91-1(단),
현대커머셜513-3,
현대커머셜526-4,
현대커머셜529-5,
현대커머셜533-4,
현대커머셜540-2,
현대커머셜551-1,
현대커머셜562-4,
현대커머셜568-6,
현대커머셜570-1,
현대커머셜573-3,
현대코퍼레이션,011760
현대코퍼레이션홀딩스,227840
현대트랜시스47-1,
현대퓨처넷,126560
현대해상,001450
현대홈쇼핑,057050
현대힘스,460930
형지엘리트,093240
혜인,003010
호전실업,111110
호텔신라,008770
화승알앤에이,378850
화승엔터프라이즈,241590
화승인더,006060
화승코퍼레이션,013520
화신,010690
화인베스틸,133820
화천기계,010660
화천기공,000850
환인제약,016580
황금에스티,032560
효성,004800
효성ITX,094280
효성중공업,298040
효성티앤씨,298020
효성화학,298000
후성,093370
휴니드,005870
휴메딕스,200670
휴비스,079980
휴스틸,005010
휴온스글로벌,084110
휴젤,145020
흥국생명보험10(후),
흥국화재,000540
흥아해운,003280
