component_name,component_code
3M,MMM
3M CO,MMM
3M COMPANY,MMM
3M CORP,MMM
3M CORPORATION,MMM
3M INC,MMM
3M INC.,MMM
3M LTD,MMM
3M PLC,MMM
A O SMITH,AOS
A O SMITH CO,AOS
A O SMITH COMPANY,AOS
A O SMITH CORP,AOS
A O SMITH CORPORATION,AOS
A O SMITH INC,AOS
A O SMITH INC.,AOS
A O SMITH LTD,AOS
A O SMITH PLC,AOS
A. O. SMITH,AOS
A. O. Smith,AOS
ABBOTT LABORATORIES,ABT
ABBOTT LABORATORIES CO,ABT
ABBOTT LABORATORIES COMPANY,ABT
ABBOTT LABORATORIES CORP,ABT
ABBOTT LABORATORIES CORPORATION,ABT
ABBOTT LABORATORIES INC,ABT
ABBOTT LABORATORIES INC.,ABT
ABBOTT LABORATORIES LTD,ABT
ABBOTT LABORATORIES PLC,ABT
Abbott Laboratories,ABT
ABBVIE,ABBV
ABBVIE CO,ABBV
ABBVIE COMPANY,ABBV
ABBVIE CORP,ABBV
ABBVIE CORPORATION,ABBV
ABBVIE INC,ABBV
ABBVIE INC.,ABBV
ABBVIE LTD,ABBV
ABBVIE PLC,ABBV
AbbVie,ABBV
ACCENTURE,ACN
ACCENTURE CO,ACN
ACCENTURE COMPANY,ACN
ACCENTURE CORP,ACN
ACCENTURE CORPORATION,ACN
ACCENTURE INC,ACN
ACCENTURE INC.,ACN
ACCENTURE LTD,ACN
ACCENTURE PLC,ACN
Accenture,ACN
ADOBE,ADBE
ADOBE CO,ADBE
ADOBE COMPANY,ADBE
ADOBE CORP,ADBE
ADOBE CORPORATION,ADBE
ADOBE INC,ADBE
ADOBE INC.,ADBE
ADOBE LTD,ADBE
ADOBE PLC,ADBE
Adobe Inc.,ADBE
ADVANCED MICRO DEVICES,AMD
ADVANCED MICRO DEVICES CO,AMD
ADVANCED MICRO DEVICES COMPANY,AMD
ADVANCED MICRO DEVICES CORP,AMD
ADVANCED MICRO DEVICES CORPORATION,AMD
ADVANCED MICRO DEVICES INC,AMD
ADVANCED MICRO DEVICES INC.,AMD
ADVANCED MICRO DEVICES LTD,AMD
ADVANCED MICRO DEVICES PLC,AMD
Advanced Micro Devices,AMD
AES,AES
AES CO,AES
AES COMPANY,AES
AES CORP,AES
AES CORPORATION,AES
AES Corporation,AES
AES INC,AES
AES INC.,AES
AES LTD,AES
AES PLC,AES
AFLAC,AFL
AFLAC CO,AFL
AFLAC COMPANY,AFL
AFLAC CORP,AFL
AFLAC CORPORATION,AFL
AFLAC INC,AFL
AFLAC INC.,AFL
AFLAC LTD,AFL
AFLAC PLC,AFL
Aflac,AFL
AGILENT TECHNOLOGIES,A
AGILENT TECHNOLOGIES CO,A
AGILENT TECHNOLOGIES COMPANY,A
AGILENT TECHNOLOGIES CORP,A
AGILENT TECHNOLOGIES CORPORATION,A
AGILENT TECHNOLOGIES INC,A
AGILENT TECHNOLOGIES INC.,A
AGILENT TECHNOLOGIES LTD,A
AGILENT TECHNOLOGIES PLC,A
Agilent Technologies,A
AIR PRODUCTS,APD
AIR PRODUCTS CO,APD
AIR PRODUCTS COMPANY,APD
AIR PRODUCTS CORP,APD
AIR PRODUCTS CORPORATION,APD
AIR PRODUCTS INC,APD
AIR PRODUCTS INC.,APD
AIR PRODUCTS LTD,APD
AIR PRODUCTS PLC,APD
Air Products,APD
AIRBNB,ABNB
AIRBNB CO,ABNB
AIRBNB COMPANY,ABNB
AIRBNB CORP,ABNB
AIRBNB CORPORATION,ABNB
AIRBNB INC,ABNB
AIRBNB INC.,ABNB
AIRBNB LTD,ABNB
AIRBNB PLC,ABNB
Airbnb,ABNB
AKAMAI TECHNOLOGIES,AKAM
AKAMAI TECHNOLOGIES CO,AKAM
AKAMAI TECHNOLOGIES COMPANY,AKAM
AKAMAI TECHNOLOGIES CORP,AKAM
AKAMAI TECHNOLOGIES CORPORATION,AKAM
AKAMAI TECHNOLOGIES INC,AKAM
AKAMAI TECHNOLOGIES INC.,AKAM
AKAMAI TECHNOLOGIES LTD,AKAM
AKAMAI TECHNOLOGIES PLC,AKAM
Akamai Technologies,AKAM
ALBEMARLE,ALB
ALBEMARLE CO,ALB
ALBEMARLE COMPANY,ALB
ALBEMARLE CORP,ALB
ALBEMARLE CORPORATION,ALB
ALBEMARLE INC,ALB
ALBEMARLE INC.,ALB
ALBEMARLE LTD,ALB
ALBEMARLE PLC,ALB
Albemarle Corporation,ALB
ALEXANDRIA REAL ESTATE EQUITIES,ARE
ALEXANDRIA REAL ESTATE EQUITIES CO,ARE
ALEXANDRIA REAL ESTATE EQUITIES COMPANY,ARE
ALEXANDRIA REAL ESTATE EQUITIES CORP,ARE
ALEXANDRIA REAL ESTATE EQUITIES CORPORATION,ARE
ALEXANDRIA REAL ESTATE EQUITIES INC,ARE
ALEXANDRIA REAL ESTATE EQUITIES INC.,ARE
ALEXANDRIA REAL ESTATE EQUITIES LTD,ARE
ALEXANDRIA REAL ESTATE EQUITIES PLC,ARE
Alexandria Real Estate Equities,ARE
ALIGN TECHNOLOGY,ALGN
ALIGN TECHNOLOGY CO,ALGN
ALIGN TECHNOLOGY COMPANY,ALGN
ALIGN TECHNOLOGY CORP,ALGN
ALIGN TECHNOLOGY CORPORATION,ALGN
ALIGN TECHNOLOGY INC,ALGN
ALIGN TECHNOLOGY INC.,ALGN
ALIGN TECHNOLOGY LTD,ALGN
ALIGN TECHNOLOGY PLC,ALGN
Align Technology,ALGN
ALLEGION,ALLE
ALLEGION CO,ALLE
ALLEGION COMPANY,ALLE
ALLEGION CORP,ALLE
ALLEGION CORPORATION,ALLE
ALLEGION INC,ALLE
ALLEGION INC.,ALLE
ALLEGION LTD,ALLE
ALLEGION PLC,ALLE
Allegion,ALLE
ALLIANT ENERGY,LNT
ALLIANT ENERGY CO,LNT
ALLIANT ENERGY COMPANY,LNT
ALLIANT ENERGY CORP,LNT
ALLIANT ENERGY CORPORATION,LNT
ALLIANT ENERGY INC,LNT
ALLIANT ENERGY INC.,LNT
ALLIANT ENERGY LTD,LNT
ALLIANT ENERGY PLC,LNT
Alliant Energy,LNT
ALLSTATE,ALL
ALLSTATE CO,ALL
ALLSTATE COMPANY,ALL
ALLSTATE CORP,ALL
ALLSTATE CORPORATION,ALL
ALLSTATE INC,ALL
ALLSTATE INC.,ALL
ALLSTATE LTD,ALL
ALLSTATE PLC,ALL
Allstate,ALL
ALPHABET INC (CLASS A),GOOGL
ALPHABET INC (CLASS A) CO,GOOGL
ALPHABET INC (CLASS A) COMPANY,GOOGL
ALPHABET INC (CLASS A) CORP,GOOGL
ALPHABET INC (CLASS A) CORPORATION,GOOGL
ALPHABET INC (CLASS A) INC,GOOGL
ALPHABET INC (CLASS A) INC.,GOOGL
ALPHABET INC (CLASS A) LTD,GOOGL
ALPHABET INC (CLASS A) PLC,GOOGL
ALPHABET INC. (CLASS A),GOOGL
Alphabet Inc. (Class A),GOOGL
ALPHABET INC (CLASS C),GOOG
ALPHABET INC (CLASS C) CO,GOOG
ALPHABET INC (CLASS C) COMPANY,GOOG
ALPHABET INC (CLASS C) CORP,GOOG
ALPHABET INC (CLASS C) CORPORATION,GOOG
ALPHABET INC (CLASS C) INC,GOOG
ALPHABET INC (CLASS C) INC.,GOOG
ALPHABET INC (CLASS C) LTD,GOOG
ALPHABET INC (CLASS C) PLC,GOOG
ALPHABET INC. (CLASS C),GOOG
Alphabet Inc. (Class C),GOOG
ALTRIA,MO
ALTRIA CO,MO
ALTRIA COMPANY,MO
ALTRIA CORP,MO
ALTRIA CORPORATION,MO
ALTRIA INC,MO
ALTRIA INC.,MO
ALTRIA LTD,MO
ALTRIA PLC,MO
Altria,MO
AMAZON,AMZN
AMAZON CO,AMZN
AMAZON COMPANY,AMZN
AMAZON CORP,AMZN
AMAZON CORPORATION,AMZN
AMAZON INC,AMZN
AMAZON INC.,AMZN
AMAZON LTD,AMZN
AMAZON PLC,AMZN
Amazon,AMZN
AMCOR,AMCR
AMCOR CO,AMCR
AMCOR COMPANY,AMCR
AMCOR CORP,AMCR
AMCOR CORPORATION,AMCR
AMCOR INC,AMCR
AMCOR INC.,AMCR
AMCOR LTD,AMCR
AMCOR PLC,AMCR
Amcor,AMCR
AMEREN,AEE
AMEREN CO,AEE
AMEREN COMPANY,AEE
AMEREN CORP,AEE
AMEREN CORPORATION,AEE
AMEREN INC,AEE
AMEREN INC.,AEE
AMEREN LTD,AEE
AMEREN PLC,AEE
Ameren,AEE
AMERICAN ELECTRIC POWER,AEP
AMERICAN ELECTRIC POWER CO,AEP
AMERICAN ELECTRIC POWER COMPANY,AEP
AMERICAN ELECTRIC POWER CORP,AEP
AMERICAN ELECTRIC POWER CORPORATION,AEP
AMERICAN ELECTRIC POWER INC,AEP
AMERICAN ELECTRIC POWER INC.,AEP
AMERICAN ELECTRIC POWER LTD,AEP
AMERICAN ELECTRIC POWER PLC,AEP
American Electric Power,AEP
AMERICAN EXPRESS,AXP
AMERICAN EXPRESS CO,AXP
AMERICAN EXPRESS COMPANY,AXP
AMERICAN EXPRESS CORP,AXP
AMERICAN EXPRESS CORPORATION,AXP
AMERICAN EXPRESS INC,AXP
AMERICAN EXPRESS INC.,AXP
AMERICAN EXPRESS LTD,AXP
AMERICAN EXPRESS PLC,AXP
American Express,AXP
AMERICAN INTERNATIONAL GROUP,AIG
AMERICAN INTERNATIONAL GROUP CO,AIG
AMERICAN INTERNATIONAL GROUP COMPANY,AIG
AMERICAN INTERNATIONAL GROUP CORP,AIG
AMERICAN INTERNATIONAL GROUP CORPORATION,AIG
AMERICAN INTERNATIONAL GROUP INC,AIG
AMERICAN INTERNATIONAL GROUP INC.,AIG
AMERICAN INTERNATIONAL GROUP LTD,AIG
AMERICAN INTERNATIONAL GROUP PLC,AIG
American International Group,AIG
AMERICAN TOWER,AMT
AMERICAN TOWER CO,AMT
AMERICAN TOWER COMPANY,AMT
AMERICAN TOWER CORP,AMT
AMERICAN TOWER CORPORATION,AMT
AMERICAN TOWER INC,AMT
AMERICAN TOWER INC.,AMT
AMERICAN TOWER LTD,AMT
AMERICAN TOWER PLC,AMT
American Tower,AMT
AMERICAN WATER WORKS,AWK
AMERICAN WATER WORKS CO,AWK
AMERICAN WATER WORKS COMPANY,AWK
AMERICAN WATER WORKS CORP,AWK
AMERICAN WATER WORKS CORPORATION,AWK
AMERICAN WATER WORKS INC,AWK
AMERICAN WATER WORKS INC.,AWK
AMERICAN WATER WORKS LTD,AWK
AMERICAN WATER WORKS PLC,AWK
American Water Works,AWK
AMERIPRISE FINANCIAL,AMP
AMERIPRISE FINANCIAL CO,AMP
AMERIPRISE FINANCIAL COMPANY,AMP
AMERIPRISE FINANCIAL CORP,AMP
AMERIPRISE FINANCIAL CORPORATION,AMP
AMERIPRISE FINANCIAL INC,AMP
AMERIPRISE FINANCIAL INC.,AMP
AMERIPRISE FINANCIAL LTD,AMP
AMERIPRISE FINANCIAL PLC,AMP
Ameriprise Financial,AMP
AMETEK,AME
AMETEK CO,AME
AMETEK COMPANY,AME
AMETEK CORP,AME
AMETEK CORPORATION,AME
AMETEK INC,AME
AMETEK INC.,AME
AMETEK LTD,AME
AMETEK PLC,AME
Ametek,AME
AMGEN,AMGN
AMGEN CO,AMGN
AMGEN COMPANY,AMGN
AMGEN CORP,AMGN
AMGEN CORPORATION,AMGN
AMGEN INC,AMGN
AMGEN INC.,AMGN
AMGEN LTD,AMGN
AMGEN PLC,AMGN
Amgen,AMGN
AMPHENOL,APH
AMPHENOL CO,APH
AMPHENOL COMPANY,APH
AMPHENOL CORP,APH
AMPHENOL CORPORATION,APH
AMPHENOL INC,APH
AMPHENOL INC.,APH
AMPHENOL LTD,APH
AMPHENOL PLC,APH
Amphenol,APH
ANALOG DEVICES,ADI
ANALOG DEVICES CO,ADI
ANALOG DEVICES COMPANY,ADI
ANALOG DEVICES CORP,ADI
ANALOG DEVICES CORPORATION,ADI
ANALOG DEVICES INC,ADI
ANALOG DEVICES INC.,ADI
ANALOG DEVICES LTD,ADI
ANALOG DEVICES PLC,ADI
Analog Devices,ADI
AON,AON
AON CO,AON
AON COMPANY,AON
AON CORP,AON
AON CORPORATION,AON
AON INC,AON
AON INC.,AON
AON LTD,AON
AON PLC,AON
Aon plc,AON
APA,APA
APA CO,APA
APA COMPANY,APA
APA CORP,APA
APA CORPORATION,APA
APA Corporation,APA
APA INC,APA
APA INC.,APA
APA LTD,APA
APA PLC,APA
APOLLO GLOBAL MANAGEMENT,APO
APOLLO GLOBAL MANAGEMENT CO,APO
APOLLO GLOBAL MANAGEMENT COMPANY,APO
APOLLO GLOBAL MANAGEMENT CORP,APO
APOLLO GLOBAL MANAGEMENT CORPORATION,APO
APOLLO GLOBAL MANAGEMENT INC,APO
APOLLO GLOBAL MANAGEMENT INC.,APO
APOLLO GLOBAL MANAGEMENT LTD,APO
APOLLO GLOBAL MANAGEMENT PLC,APO
Apollo Global Management,APO
APPLE,AAPL
APPLE CO,AAPL
APPLE COMPANY,AAPL
APPLE CORP,AAPL
APPLE CORPORATION,AAPL
APPLE INC,AAPL
APPLE INC.,AAPL
APPLE LTD,AAPL
APPLE PLC,AAPL
Apple Inc.,AAPL
APPLIED MATERIALS,AMAT
APPLIED MATERIALS CO,AMAT
APPLIED MATERIALS COMPANY,AMAT
APPLIED MATERIALS CORP,AMAT
APPLIED MATERIALS CORPORATION,AMAT
APPLIED MATERIALS INC,AMAT
APPLIED MATERIALS INC.,AMAT
APPLIED MATERIALS LTD,AMAT
APPLIED MATERIALS PLC,AMAT
Applied Materials,AMAT
APPLOVIN,APP
APPLOVIN CO,APP
APPLOVIN COMPANY,APP
APPLOVIN CORP,APP
APPLOVIN CORPORATION,APP
APPLOVIN INC,APP
APPLOVIN INC.,APP
APPLOVIN LTD,APP
APPLOVIN PLC,APP
AppLovin,APP
APTIV,APTV
APTIV CO,APTV
APTIV COMPANY,APTV
APTIV CORP,APTV
APTIV CORPORATION,APTV
APTIV INC,APTV
APTIV INC.,APTV
APTIV LTD,APTV
APTIV PLC,APTV
Aptiv,APTV
ARCH CAPITAL GROUP,ACGL
ARCH CAPITAL GROUP CO,ACGL
ARCH CAPITAL GROUP COMPANY,ACGL
ARCH CAPITAL GROUP CORP,ACGL
ARCH CAPITAL GROUP CORPORATION,ACGL
ARCH CAPITAL GROUP INC,ACGL
ARCH CAPITAL GROUP INC.,ACGL
ARCH CAPITAL GROUP LTD,ACGL
ARCH CAPITAL GROUP PLC,ACGL
Arch Capital Group,ACGL
ARCHER DANIELS MIDLAND,ADM
ARCHER DANIELS MIDLAND CO,ADM
ARCHER DANIELS MIDLAND COMPANY,ADM
ARCHER DANIELS MIDLAND CORP,ADM
ARCHER DANIELS MIDLAND CORPORATION,ADM
ARCHER DANIELS MIDLAND INC,ADM
ARCHER DANIELS MIDLAND INC.,ADM
ARCHER DANIELS MIDLAND LTD,ADM
ARCHER DANIELS MIDLAND PLC,ADM
Archer Daniels Midland,ADM
ARES MANAGEMENT,ARES
ARES MANAGEMENT CO,ARES
ARES MANAGEMENT COMPANY,ARES
ARES MANAGEMENT CORP,ARES
ARES MANAGEMENT CORPORATION,ARES
ARES MANAGEMENT INC,ARES
ARES MANAGEMENT INC.,ARES
ARES MANAGEMENT LTD,ARES
ARES MANAGEMENT PLC,ARES
Ares Management,ARES
ARISTA NETWORKS,ANET
ARISTA NETWORKS CO,ANET
ARISTA NETWORKS COMPANY,ANET
ARISTA NETWORKS CORP,ANET
ARISTA NETWORKS CORPORATION,ANET
ARISTA NETWORKS INC,ANET
ARISTA NETWORKS INC.,ANET
ARISTA NETWORKS LTD,ANET
ARISTA NETWORKS PLC,ANET
Arista Networks,ANET
ARTHUR J GALLAGHER &,AJG
ARTHUR J GALLAGHER & CO,AJG
ARTHUR J GALLAGHER & COMPANY,AJG
ARTHUR J GALLAGHER & CORP,AJG
ARTHUR J GALLAGHER & CORPORATION,AJG
ARTHUR J GALLAGHER & INC,AJG
ARTHUR J GALLAGHER & INC.,AJG
ARTHUR J GALLAGHER & LTD,AJG
ARTHUR J GALLAGHER & PLC,AJG
ARTHUR J. GALLAGHER & CO.,AJG
Arthur J. Gallagher & Co.,AJG
ASSURANT,AIZ
ASSURANT CO,AIZ
ASSURANT COMPANY,AIZ
ASSURANT CORP,AIZ
ASSURANT CORPORATION,AIZ
ASSURANT INC,AIZ
ASSURANT INC.,AIZ
ASSURANT LTD,AIZ
ASSURANT PLC,AIZ
Assurant,AIZ
AT&T,T
AT&T CO,T
AT&T COMPANY,T
AT&T CORP,T
AT&T CORPORATION,T
AT&T INC,T
AT&T INC.,T
AT&T LTD,T
AT&T PLC,T
ATMOS ENERGY,ATO
ATMOS ENERGY CO,ATO
ATMOS ENERGY COMPANY,ATO
ATMOS ENERGY CORP,ATO
ATMOS ENERGY CORPORATION,ATO
ATMOS ENERGY INC,ATO
ATMOS ENERGY INC.,ATO
ATMOS ENERGY LTD,ATO
ATMOS ENERGY PLC,ATO
Atmos Energy,ATO
AUTODESK,ADSK
AUTODESK CO,ADSK
AUTODESK COMPANY,ADSK
AUTODESK CORP,ADSK
AUTODESK CORPORATION,ADSK
AUTODESK INC,ADSK
AUTODESK INC.,ADSK
AUTODESK LTD,ADSK
AUTODESK PLC,ADSK
Autodesk,ADSK
AUTOMATIC DATA PROCESSING,ADP
AUTOMATIC DATA PROCESSING CO,ADP
AUTOMATIC DATA PROCESSING COMPANY,ADP
AUTOMATIC DATA PROCESSING CORP,ADP
AUTOMATIC DATA PROCESSING CORPORATION,ADP
AUTOMATIC DATA PROCESSING INC,ADP
AUTOMATIC DATA PROCESSING INC.,ADP
AUTOMATIC DATA PROCESSING LTD,ADP
AUTOMATIC DATA PROCESSING PLC,ADP
Automatic Data Processing,ADP
AUTOZONE,AZO
AUTOZONE CO,AZO
AUTOZONE COMPANY,AZO
AUTOZONE CORP,AZO
AUTOZONE CORPORATION,AZO
AUTOZONE INC,AZO
AUTOZONE INC.,AZO
AUTOZONE LTD,AZO
AUTOZONE PLC,AZO
AutoZone,AZO
AVALONBAY COMMUNITIES,AVB
AVALONBAY COMMUNITIES CO,AVB
AVALONBAY COMMUNITIES COMPANY,AVB
AVALONBAY COMMUNITIES CORP,AVB
AVALONBAY COMMUNITIES CORPORATION,AVB
AVALONBAY COMMUNITIES INC,AVB
AVALONBAY COMMUNITIES INC.,AVB
AVALONBAY COMMUNITIES LTD,AVB
AVALONBAY COMMUNITIES PLC,AVB
AvalonBay Communities,AVB
AVERY DENNISON,AVY
AVERY DENNISON CO,AVY
AVERY DENNISON COMPANY,AVY
AVERY DENNISON CORP,AVY
AVERY DENNISON CORPORATION,AVY
AVERY DENNISON INC,AVY
AVERY DENNISON INC.,AVY
AVERY DENNISON LTD,AVY
AVERY DENNISON PLC,AVY
Avery Dennison,AVY
AXON ENTERPRISE,AXON
AXON ENTERPRISE CO,AXON
AXON ENTERPRISE COMPANY,AXON
AXON ENTERPRISE CORP,AXON
AXON ENTERPRISE CORPORATION,AXON
AXON ENTERPRISE INC,AXON
AXON ENTERPRISE INC.,AXON
AXON ENTERPRISE LTD,AXON
AXON ENTERPRISE PLC,AXON
Axon Enterprise,AXON
BAKER HUGHES,BKR
BAKER HUGHES CO,BKR
BAKER HUGHES COMPANY,BKR
BAKER HUGHES CORP,BKR
BAKER HUGHES CORPORATION,BKR
BAKER HUGHES INC,BKR
BAKER HUGHES INC.,BKR
BAKER HUGHES LTD,BKR
BAKER HUGHES PLC,BKR
Baker Hughes,BKR
BALL,BALL
BALL CO,BALL
BALL COMPANY,BALL
BALL CORP,BALL
BALL CORPORATION,BALL
BALL INC,BALL
BALL INC.,BALL
BALL LTD,BALL
BALL PLC,BALL
Ball Corporation,BALL
BANK OF AMERICA,BAC
BANK OF AMERICA CO,BAC
BANK OF AMERICA COMPANY,BAC
BANK OF AMERICA CORP,BAC
BANK OF AMERICA CORPORATION,BAC
BANK OF AMERICA INC,BAC
BANK OF AMERICA INC.,BAC
BANK OF AMERICA LTD,BAC
BANK OF AMERICA PLC,BAC
Bank of America,BAC
BAXTER INTERNATIONAL,BAX
BAXTER INTERNATIONAL CO,BAX
BAXTER INTERNATIONAL COMPANY,BAX
BAXTER INTERNATIONAL CORP,BAX
BAXTER INTERNATIONAL CORPORATION,BAX
BAXTER INTERNATIONAL INC,BAX
BAXTER INTERNATIONAL INC.,BAX
BAXTER INTERNATIONAL LTD,BAX
BAXTER INTERNATIONAL PLC,BAX
Baxter International,BAX
BECTON DICKINSON,BDX
BECTON DICKINSON CO,BDX
BECTON DICKINSON COMPANY,BDX
BECTON DICKINSON CORP,BDX
BECTON DICKINSON CORPORATION,BDX
BECTON DICKINSON INC,BDX
BECTON DICKINSON INC.,BDX
BECTON DICKINSON LTD,BDX
BECTON DICKINSON PLC,BDX
Becton Dickinson,BDX
BERKSHIRE HATHAWAY,BRK-B
BERKSHIRE HATHAWAY CO,BRK-B
BERKSHIRE HATHAWAY COMPANY,BRK-B
BERKSHIRE HATHAWAY CORP,BRK-B
BERKSHIRE HATHAWAY CORPORATION,BRK-B
BERKSHIRE HATHAWAY INC,BRK-B
BERKSHIRE HATHAWAY INC.,BRK-B
BERKSHIRE HATHAWAY LTD,BRK-B
BERKSHIRE HATHAWAY PLC,BRK-B
Berkshire Hathaway,BRK-B
BEST BUY,BBY
BEST BUY CO,BBY
BEST BUY COMPANY,BBY
BEST BUY CORP,BBY
BEST BUY CORPORATION,BBY
BEST BUY INC,BBY
BEST BUY INC.,BBY
BEST BUY LTD,BBY
BEST BUY PLC,BBY
Best Buy,BBY
BIO-TECHNE,TECH
BIO-TECHNE CO,TECH
BIO-TECHNE COMPANY,TECH
BIO-TECHNE CORP,TECH
BIO-TECHNE CORPORATION,TECH
BIO-TECHNE INC,TECH
BIO-TECHNE INC.,TECH
BIO-TECHNE LTD,TECH
BIO-TECHNE PLC,TECH
Bio-Techne,TECH
BIOGEN,BIIB
BIOGEN CO,BIIB
BIOGEN COMPANY,BIIB
BIOGEN CORP,BIIB
BIOGEN CORPORATION,BIIB
BIOGEN INC,BIIB
BIOGEN INC.,BIIB
BIOGEN LTD,BIIB
BIOGEN PLC,BIIB
Biogen,BIIB
BLACKROCK,BLK
BLACKROCK CO,BLK
BLACKROCK COMPANY,BLK
BLACKROCK CORP,BLK
BLACKROCK CORPORATION,BLK
BLACKROCK INC,BLK
BLACKROCK INC.,BLK
BLACKROCK LTD,BLK
BLACKROCK PLC,BLK
BlackRock,BLK
BLACKSTONE,BX
BLACKSTONE CO,BX
BLACKSTONE COMPANY,BX
BLACKSTONE CORP,BX
BLACKSTONE CORPORATION,BX
BLACKSTONE INC,BX
BLACKSTONE INC.,BX
BLACKSTONE LTD,BX
BLACKSTONE PLC,BX
Blackstone Inc.,BX
BLOCK,XYZ
BLOCK CO,XYZ
BLOCK COMPANY,XYZ
BLOCK CORP,XYZ
BLOCK CORPORATION,XYZ
BLOCK INC,XYZ
BLOCK INC.,XYZ
BLOCK LTD,XYZ
BLOCK PLC,XYZ
"BLOCK, INC.",XYZ
"Block, Inc.",XYZ
BNY MELLON,BK
BNY MELLON CO,BK
BNY MELLON COMPANY,BK
BNY MELLON CORP,BK
BNY MELLON CORPORATION,BK
BNY MELLON INC,BK
BNY MELLON INC.,BK
BNY MELLON LTD,BK
BNY MELLON PLC,BK
BNY Mellon,BK
BOEING,BA
BOEING CO,BA
BOEING COMPANY,BA
BOEING CORP,BA
BOEING CORPORATION,BA
BOEING INC,BA
BOEING INC.,BA
BOEING LTD,BA
BOEING PLC,BA
Boeing,BA
BOOKING HOLDINGS,BKNG
BOOKING HOLDINGS CO,BKNG
BOOKING HOLDINGS COMPANY,BKNG
BOOKING HOLDINGS CORP,BKNG
BOOKING HOLDINGS CORPORATION,BKNG
BOOKING HOLDINGS INC,BKNG
BOOKING HOLDINGS INC.,BKNG
BOOKING HOLDINGS LTD,BKNG
BOOKING HOLDINGS PLC,BKNG
Booking Holdings,BKNG
BOSTON SCIENTIFIC,BSX
BOSTON SCIENTIFIC CO,BSX
BOSTON SCIENTIFIC COMPANY,BSX
BOSTON SCIENTIFIC CORP,BSX
BOSTON SCIENTIFIC CORPORATION,BSX
BOSTON SCIENTIFIC INC,BSX
BOSTON SCIENTIFIC INC.,BSX
BOSTON SCIENTIFIC LTD,BSX
BOSTON SCIENTIFIC PLC,BSX
Boston Scientific,BSX
BRISTOL MYERS SQUIBB,BMY
BRISTOL MYERS SQUIBB CO,BMY
BRISTOL MYERS SQUIBB COMPANY,BMY
BRISTOL MYERS SQUIBB CORP,BMY
BRISTOL MYERS SQUIBB CORPORATION,BMY
BRISTOL MYERS SQUIBB INC,BMY
BRISTOL MYERS SQUIBB INC.,BMY
BRISTOL MYERS SQUIBB LTD,BMY
BRISTOL MYERS SQUIBB PLC,BMY
Bristol Myers Squibb,BMY
BROADCOM,AVGO
BROADCOM CO,AVGO
BROADCOM COMPANY,AVGO
BROADCOM CORP,AVGO
BROADCOM CORPORATION,AVGO
BROADCOM INC,AVGO
BROADCOM INC.,AVGO
BROADCOM LTD,AVGO
BROADCOM PLC,AVGO
Broadcom,AVGO
BROADRIDGE FINANCIAL SOLUTIONS,BR
BROADRIDGE FINANCIAL SOLUTIONS CO,BR
BROADRIDGE FINANCIAL SOLUTIONS COMPANY,BR
BROADRIDGE FINANCIAL SOLUTIONS CORP,BR
BROADRIDGE FINANCIAL SOLUTIONS CORPORATION,BR
BROADRIDGE FINANCIAL SOLUTIONS INC,BR
BROADRIDGE FINANCIAL SOLUTIONS INC.,BR
BROADRIDGE FINANCIAL SOLUTIONS LTD,BR
BROADRIDGE FINANCIAL SOLUTIONS PLC,BR
Broadridge Financial Solutions,BR
BROWN & BROWN,BRO
BROWN & BROWN CO,BRO
BROWN & BROWN COMPANY,BRO
BROWN & BROWN CORP,BRO
BROWN & BROWN CORPORATION,BRO
BROWN & BROWN INC,BRO
BROWN & BROWN INC.,BRO
BROWN & BROWN LTD,BRO
BROWN & BROWN PLC,BRO
Brown & Brown,BRO
BROWN–FORMAN,BF-B
BROWN–FORMAN CO,BF-B
BROWN–FORMAN COMPANY,BF-B
BROWN–FORMAN CORP,BF-B
BROWN–FORMAN CORPORATION,BF-B
BROWN–FORMAN INC,BF-B
BROWN–FORMAN INC.,BF-B
BROWN–FORMAN LTD,BF-B
BROWN–FORMAN PLC,BF-B
Brown–Forman,BF-B
BUILDERS FIRSTSOURCE,BLDR
BUILDERS FIRSTSOURCE CO,BLDR
BUILDERS FIRSTSOURCE COMPANY,BLDR
BUILDERS FIRSTSOURCE CORP,BLDR
BUILDERS FIRSTSOURCE CORPORATION,BLDR
BUILDERS FIRSTSOURCE INC,BLDR
BUILDERS FIRSTSOURCE INC.,BLDR
BUILDERS FIRSTSOURCE LTD,BLDR
BUILDERS FIRSTSOURCE PLC,BLDR
Builders FirstSource,BLDR
BUNGE GLOBAL,BG
BUNGE GLOBAL CO,BG
BUNGE GLOBAL COMPANY,BG
BUNGE GLOBAL CORP,BG
BUNGE GLOBAL CORPORATION,BG
BUNGE GLOBAL INC,BG
BUNGE GLOBAL INC.,BG
BUNGE GLOBAL LTD,BG
BUNGE GLOBAL PLC,BG
Bunge Global,BG
BXP,BXP
BXP CO,BXP
BXP COMPANY,BXP
BXP CORP,BXP
BXP CORPORATION,BXP
BXP INC,BXP
BXP INC.,BXP
BXP LTD,BXP
BXP PLC,BXP
"BXP, INC.",BXP
"BXP, Inc.",BXP
C.H. ROBINSON,CHRW
C.H. Robinson,CHRW
CH ROBINSON,CHRW
CH ROBINSON CO,CHRW
CH ROBINSON COMPANY,CHRW
CH ROBINSON CORP,CHRW
CH ROBINSON CORPORATION,CHRW
CH ROBINSON INC,CHRW
CH ROBINSON INC.,CHRW
CH ROBINSON LTD,CHRW
CH ROBINSON PLC,CHRW
CADENCE DESIGN SYSTEMS,CDNS
CADENCE DESIGN SYSTEMS CO,CDNS
CADENCE DESIGN SYSTEMS COMPANY,CDNS
CADENCE DESIGN SYSTEMS CORP,CDNS
CADENCE DESIGN SYSTEMS CORPORATION,CDNS
CADENCE DESIGN SYSTEMS INC,CDNS
CADENCE DESIGN SYSTEMS INC.,CDNS
CADENCE DESIGN SYSTEMS LTD,CDNS
CADENCE DESIGN SYSTEMS PLC,CDNS
Cadence Design Systems,CDNS
CAMDEN PROPERTY TRUST,CPT
CAMDEN PROPERTY TRUST CO,CPT
CAMDEN PROPERTY TRUST COMPANY,CPT
CAMDEN PROPERTY TRUST CORP,CPT
CAMDEN PROPERTY TRUST CORPORATION,CPT
CAMDEN PROPERTY TRUST INC,CPT
CAMDEN PROPERTY TRUST INC.,CPT
CAMDEN PROPERTY TRUST LTD,CPT
CAMDEN PROPERTY TRUST PLC,CPT
Camden Property Trust,CPT
CAMPBELL'S COMPANY (THE),CPB
CAMPBELL'S COMPANY (THE) CO,CPB
CAMPBELL'S COMPANY (THE) COMPANY,CPB
CAMPBELL'S COMPANY (THE) CORP,CPB
CAMPBELL'S COMPANY (THE) CORPORATION,CPB
CAMPBELL'S COMPANY (THE) INC,CPB
CAMPBELL'S COMPANY (THE) INC.,CPB
CAMPBELL'S COMPANY (THE) LTD,CPB
CAMPBELL'S COMPANY (THE) PLC,CPB
Campbell's Company (The),CPB
CAPITAL ONE,COF
CAPITAL ONE CO,COF
CAPITAL ONE COMPANY,COF
CAPITAL ONE CORP,COF
CAPITAL ONE CORPORATION,COF
CAPITAL ONE INC,COF
CAPITAL ONE INC.,COF
CAPITAL ONE LTD,COF
CAPITAL ONE PLC,COF
Capital One,COF
CARDINAL HEALTH,CAH
CARDINAL HEALTH CO,CAH
CARDINAL HEALTH COMPANY,CAH
CARDINAL HEALTH CORP,CAH
CARDINAL HEALTH CORPORATION,CAH
CARDINAL HEALTH INC,CAH
CARDINAL HEALTH INC.,CAH
CARDINAL HEALTH LTD,CAH
CARDINAL HEALTH PLC,CAH
Cardinal Health,CAH
CARNIVAL,CCL
CARNIVAL CO,CCL
CARNIVAL COMPANY,CCL
CARNIVAL CORP,CCL
CARNIVAL CORPORATION,CCL
CARNIVAL INC,CCL
CARNIVAL INC.,CCL
CARNIVAL LTD,CCL
CARNIVAL PLC,CCL
Carnival,CCL
CARRIER GLOBAL,CARR
CARRIER GLOBAL CO,CARR
CARRIER GLOBAL COMPANY,CARR
CARRIER GLOBAL CORP,CARR
CARRIER GLOBAL CORPORATION,CARR
CARRIER GLOBAL INC,CARR
CARRIER GLOBAL INC.,CARR
CARRIER GLOBAL LTD,CARR
CARRIER GLOBAL PLC,CARR
Carrier Global,CARR
CARVANA,CVNA
CARVANA CO,CVNA
CARVANA COMPANY,CVNA
CARVANA CORP,CVNA
CARVANA CORPORATION,CVNA
CARVANA INC,CVNA
CARVANA INC.,CVNA
CARVANA LTD,CVNA
CARVANA PLC,CVNA
Carvana,CVNA
CASEY'S,CASY
CASEY'S CO,CASY
CASEY'S COMPANY,CASY
CASEY'S CORP,CASY
CASEY'S CORPORATION,CASY
CASEY'S INC,CASY
CASEY'S INC.,CASY
CASEY'S LTD,CASY
CASEY'S PLC,CASY
Casey's,CASY
CATERPILLAR,CAT
CATERPILLAR CO,CAT
CATERPILLAR COMPANY,CAT
CATERPILLAR CORP,CAT
CATERPILLAR CORPORATION,CAT
CATERPILLAR INC,CAT
CATERPILLAR INC.,CAT
CATERPILLAR LTD,CAT
CATERPILLAR PLC,CAT
Caterpillar Inc.,CAT
CBOE GLOBAL MARKETS,CBOE
CBOE GLOBAL MARKETS CO,CBOE
CBOE GLOBAL MARKETS COMPANY,CBOE
CBOE GLOBAL MARKETS CORP,CBOE
CBOE GLOBAL MARKETS CORPORATION,CBOE
CBOE GLOBAL MARKETS INC,CBOE
CBOE GLOBAL MARKETS INC.,CBOE
CBOE GLOBAL MARKETS LTD,CBOE
CBOE GLOBAL MARKETS PLC,CBOE
Cboe Global Markets,CBOE
CBRE GROUP,CBRE
CBRE GROUP CO,CBRE
CBRE GROUP COMPANY,CBRE
CBRE GROUP CORP,CBRE
CBRE GROUP CORPORATION,CBRE
CBRE GROUP INC,CBRE
CBRE GROUP INC.,CBRE
CBRE GROUP LTD,CBRE
CBRE GROUP PLC,CBRE
CBRE Group,CBRE
CDW,CDW
CDW CO,CDW
CDW COMPANY,CDW
CDW CORP,CDW
CDW CORPORATION,CDW
CDW Corporation,CDW
CDW INC,CDW
CDW INC.,CDW
CDW LTD,CDW
CDW PLC,CDW
CENCORA,COR
CENCORA CO,COR
CENCORA COMPANY,COR
CENCORA CORP,COR
CENCORA CORPORATION,COR
CENCORA INC,COR
CENCORA INC.,COR
CENCORA LTD,COR
CENCORA PLC,COR
Cencora,COR
CENTENE,CNC
CENTENE CO,CNC
CENTENE COMPANY,CNC
CENTENE CORP,CNC
CENTENE CORPORATION,CNC
CENTENE INC,CNC
CENTENE INC.,CNC
CENTENE LTD,CNC
CENTENE PLC,CNC
Centene Corporation,CNC
CENTERPOINT ENERGY,CNP
CENTERPOINT ENERGY CO,CNP
CENTERPOINT ENERGY COMPANY,CNP
CENTERPOINT ENERGY CORP,CNP
CENTERPOINT ENERGY CORPORATION,CNP
CENTERPOINT ENERGY INC,CNP
CENTERPOINT ENERGY INC.,CNP
CENTERPOINT ENERGY LTD,CNP
CENTERPOINT ENERGY PLC,CNP
CenterPoint Energy,CNP
CF INDUSTRIES,CF
CF INDUSTRIES CO,CF
CF INDUSTRIES COMPANY,CF
CF INDUSTRIES CORP,CF
CF INDUSTRIES CORPORATION,CF
CF INDUSTRIES INC,CF
CF INDUSTRIES INC.,CF
CF INDUSTRIES LTD,CF
CF INDUSTRIES PLC,CF
CF Industries,CF
CHARLES RIVER LABORATORIES,CRL
CHARLES RIVER LABORATORIES CO,CRL
CHARLES RIVER LABORATORIES COMPANY,CRL
CHARLES RIVER LABORATORIES CORP,CRL
CHARLES RIVER LABORATORIES CORPORATION,CRL
CHARLES RIVER LABORATORIES INC,CRL
CHARLES RIVER LABORATORIES INC.,CRL
CHARLES RIVER LABORATORIES LTD,CRL
CHARLES RIVER LABORATORIES PLC,CRL
Charles River Laboratories,CRL
CHARLES SCHWAB,SCHW
CHARLES SCHWAB CO,SCHW
CHARLES SCHWAB COMPANY,SCHW
CHARLES SCHWAB CORP,SCHW
CHARLES SCHWAB CORPORATION,SCHW
CHARLES SCHWAB INC,SCHW
CHARLES SCHWAB INC.,SCHW
CHARLES SCHWAB LTD,SCHW
CHARLES SCHWAB PLC,SCHW
Charles Schwab Corporation,SCHW
CHARTER COMMUNICATIONS,CHTR
CHARTER COMMUNICATIONS CO,CHTR
CHARTER COMMUNICATIONS COMPANY,CHTR
CHARTER COMMUNICATIONS CORP,CHTR
CHARTER COMMUNICATIONS CORPORATION,CHTR
CHARTER COMMUNICATIONS INC,CHTR
CHARTER COMMUNICATIONS INC.,CHTR
CHARTER COMMUNICATIONS LTD,CHTR
CHARTER COMMUNICATIONS PLC,CHTR
Charter Communications,CHTR
CHEVRON,CVX
CHEVRON CO,CVX
CHEVRON COMPANY,CVX
CHEVRON CORP,CVX
CHEVRON CORPORATION,CVX
CHEVRON INC,CVX
CHEVRON INC.,CVX
CHEVRON LTD,CVX
CHEVRON PLC,CVX
Chevron Corporation,CVX
CHIPOTLE MEXICAN GRILL,CMG
CHIPOTLE MEXICAN GRILL CO,CMG
CHIPOTLE MEXICAN GRILL COMPANY,CMG
CHIPOTLE MEXICAN GRILL CORP,CMG
CHIPOTLE MEXICAN GRILL CORPORATION,CMG
CHIPOTLE MEXICAN GRILL INC,CMG
CHIPOTLE MEXICAN GRILL INC.,CMG
CHIPOTLE MEXICAN GRILL LTD,CMG
CHIPOTLE MEXICAN GRILL PLC,CMG
Chipotle Mexican Grill,CMG
CHUBB LIMITED,CB
CHUBB LIMITED CO,CB
CHUBB LIMITED COMPANY,CB
CHUBB LIMITED CORP,CB
CHUBB LIMITED CORPORATION,CB
CHUBB LIMITED INC,CB
CHUBB LIMITED INC.,CB
CHUBB LIMITED LTD,CB
CHUBB LIMITED PLC,CB
Chubb Limited,CB
CHURCH & DWIGHT,CHD
CHURCH & DWIGHT CO,CHD
CHURCH & DWIGHT COMPANY,CHD
CHURCH & DWIGHT CORP,CHD
CHURCH & DWIGHT CORPORATION,CHD
CHURCH & DWIGHT INC,CHD
CHURCH & DWIGHT INC.,CHD
CHURCH & DWIGHT LTD,CHD
CHURCH & DWIGHT PLC,CHD
Church & Dwight,CHD
CIENA,CIEN
CIENA CO,CIEN
CIENA COMPANY,CIEN
CIENA CORP,CIEN
CIENA CORPORATION,CIEN
CIENA INC,CIEN
CIENA INC.,CIEN
CIENA LTD,CIEN
CIENA PLC,CIEN
Ciena,CIEN
CIGNA,CI
CIGNA CO,CI
CIGNA COMPANY,CI
CIGNA CORP,CI
CIGNA CORPORATION,CI
CIGNA INC,CI
CIGNA INC.,CI
CIGNA LTD,CI
CIGNA PLC,CI
Cigna,CI
CINCINNATI FINANCIAL,CINF
CINCINNATI FINANCIAL CO,CINF
CINCINNATI FINANCIAL COMPANY,CINF
CINCINNATI FINANCIAL CORP,CINF
CINCINNATI FINANCIAL CORPORATION,CINF
CINCINNATI FINANCIAL INC,CINF
CINCINNATI FINANCIAL INC.,CINF
CINCINNATI FINANCIAL LTD,CINF
CINCINNATI FINANCIAL PLC,CINF
Cincinnati Financial,CINF
CINTAS,CTAS
CINTAS CO,CTAS
CINTAS COMPANY,CTAS
CINTAS CORP,CTAS
CINTAS CORPORATION,CTAS
CINTAS INC,CTAS
CINTAS INC.,CTAS
CINTAS LTD,CTAS
CINTAS PLC,CTAS
Cintas,CTAS
CISCO,CSCO
CISCO CO,CSCO
CISCO COMPANY,CSCO
CISCO CORP,CSCO
CISCO CORPORATION,CSCO
CISCO INC,CSCO
CISCO INC.,CSCO
CISCO LTD,CSCO
CISCO PLC,CSCO
Cisco,CSCO
CITIGROUP,C
CITIGROUP CO,C
CITIGROUP COMPANY,C
CITIGROUP CORP,C
CITIGROUP CORPORATION,C
CITIGROUP INC,C
CITIGROUP INC.,C
CITIGROUP LTD,C
CITIGROUP PLC,C
Citigroup,C
CITIZENS FINANCIAL GROUP,CFG
CITIZENS FINANCIAL GROUP CO,CFG
CITIZENS FINANCIAL GROUP COMPANY,CFG
CITIZENS FINANCIAL GROUP CORP,CFG
CITIZENS FINANCIAL GROUP CORPORATION,CFG
CITIZENS FINANCIAL GROUP INC,CFG
CITIZENS FINANCIAL GROUP INC.,CFG
CITIZENS FINANCIAL GROUP LTD,CFG
CITIZENS FINANCIAL GROUP PLC,CFG
Citizens Financial Group,CFG
CLOROX,CLX
CLOROX CO,CLX
CLOROX COMPANY,CLX
CLOROX CORP,CLX
CLOROX CORPORATION,CLX
CLOROX INC,CLX
CLOROX INC.,CLX
CLOROX LTD,CLX
CLOROX PLC,CLX
Clorox,CLX
CME GROUP,CME
CME GROUP CO,CME
CME GROUP COMPANY,CME
CME GROUP CORP,CME
CME GROUP CORPORATION,CME
CME GROUP INC,CME
CME GROUP INC.,CME
CME GROUP LTD,CME
CME GROUP PLC,CME
CME Group,CME
CMS ENERGY,CMS
CMS ENERGY CO,CMS
CMS ENERGY COMPANY,CMS
CMS ENERGY CORP,CMS
CMS ENERGY CORPORATION,CMS
CMS ENERGY INC,CMS
CMS ENERGY INC.,CMS
CMS ENERGY LTD,CMS
CMS ENERGY PLC,CMS
CMS Energy,CMS
COCA-COLA COMPANY (THE),KO
COCA-COLA COMPANY (THE) CO,KO
COCA-COLA COMPANY (THE) COMPANY,KO
COCA-COLA COMPANY (THE) CORP,KO
COCA-COLA COMPANY (THE) CORPORATION,KO
COCA-COLA COMPANY (THE) INC,KO
COCA-COLA COMPANY (THE) INC.,KO
COCA-COLA COMPANY (THE) LTD,KO
COCA-COLA COMPANY (THE) PLC,KO
Coca-Cola Company (The),KO
COGNIZANT,CTSH
COGNIZANT CO,CTSH
COGNIZANT COMPANY,CTSH
COGNIZANT CORP,CTSH
COGNIZANT CORPORATION,CTSH
COGNIZANT INC,CTSH
COGNIZANT INC.,CTSH
COGNIZANT LTD,CTSH
COGNIZANT PLC,CTSH
Cognizant,CTSH
COHERENT,COHR
COHERENT CO,COHR
COHERENT COMPANY,COHR
COHERENT CORP,COHR
COHERENT CORP.,COHR
COHERENT CORPORATION,COHR
COHERENT INC,COHR
COHERENT INC.,COHR
COHERENT LTD,COHR
COHERENT PLC,COHR
Coherent Corp.,COHR
COINBASE,COIN
COINBASE CO,COIN
COINBASE COMPANY,COIN
COINBASE CORP,COIN
COINBASE CORPORATION,COIN
COINBASE INC,COIN
COINBASE INC.,COIN
COINBASE LTD,COIN
COINBASE PLC,COIN
Coinbase,COIN
COLGATE-PALMOLIVE,CL
COLGATE-PALMOLIVE CO,CL
COLGATE-PALMOLIVE COMPANY,CL
COLGATE-PALMOLIVE CORP,CL
COLGATE-PALMOLIVE CORPORATION,CL
COLGATE-PALMOLIVE INC,CL
COLGATE-PALMOLIVE INC.,CL
COLGATE-PALMOLIVE LTD,CL
COLGATE-PALMOLIVE PLC,CL
Colgate-Palmolive,CL
COMCAST,CMCSA
COMCAST CO,CMCSA
COMCAST COMPANY,CMCSA
COMCAST CORP,CMCSA
COMCAST CORPORATION,CMCSA
COMCAST INC,CMCSA
COMCAST INC.,CMCSA
COMCAST LTD,CMCSA
COMCAST PLC,CMCSA
Comcast,CMCSA
COMFORT SYSTEMS USA,FIX
COMFORT SYSTEMS USA CO,FIX
COMFORT SYSTEMS USA COMPANY,FIX
COMFORT SYSTEMS USA CORP,FIX
COMFORT SYSTEMS USA CORPORATION,FIX
COMFORT SYSTEMS USA INC,FIX
COMFORT SYSTEMS USA INC.,FIX
COMFORT SYSTEMS USA LTD,FIX
COMFORT SYSTEMS USA PLC,FIX
Comfort Systems USA,FIX
CONAGRA BRANDS,CAG
CONAGRA BRANDS CO,CAG
CONAGRA BRANDS COMPANY,CAG
CONAGRA BRANDS CORP,CAG
CONAGRA BRANDS CORPORATION,CAG
CONAGRA BRANDS INC,CAG
CONAGRA BRANDS INC.,CAG
CONAGRA BRANDS LTD,CAG
CONAGRA BRANDS PLC,CAG
Conagra Brands,CAG
CONOCOPHILLIPS,COP
CONOCOPHILLIPS CO,COP
CONOCOPHILLIPS COMPANY,COP
CONOCOPHILLIPS CORP,COP
CONOCOPHILLIPS CORPORATION,COP
CONOCOPHILLIPS INC,COP
CONOCOPHILLIPS INC.,COP
CONOCOPHILLIPS LTD,COP
CONOCOPHILLIPS PLC,COP
ConocoPhillips,COP
CONSOLIDATED EDISON,ED
CONSOLIDATED EDISON CO,ED
CONSOLIDATED EDISON COMPANY,ED
CONSOLIDATED EDISON CORP,ED
CONSOLIDATED EDISON CORPORATION,ED
CONSOLIDATED EDISON INC,ED
CONSOLIDATED EDISON INC.,ED
CONSOLIDATED EDISON LTD,ED
CONSOLIDATED EDISON PLC,ED
Consolidated Edison,ED
CONSTELLATION BRANDS,STZ
CONSTELLATION BRANDS CO,STZ
CONSTELLATION BRANDS COMPANY,STZ
CONSTELLATION BRANDS CORP,STZ
CONSTELLATION BRANDS CORPORATION,STZ
CONSTELLATION BRANDS INC,STZ
CONSTELLATION BRANDS INC.,STZ
CONSTELLATION BRANDS LTD,STZ
CONSTELLATION BRANDS PLC,STZ
Constellation Brands,STZ
CONSTELLATION ENERGY,CEG
CONSTELLATION ENERGY CO,CEG
CONSTELLATION ENERGY COMPANY,CEG
CONSTELLATION ENERGY CORP,CEG
CONSTELLATION ENERGY CORPORATION,CEG
CONSTELLATION ENERGY INC,CEG
CONSTELLATION ENERGY INC.,CEG
CONSTELLATION ENERGY LTD,CEG
CONSTELLATION ENERGY PLC,CEG
Constellation Energy,CEG
COOPER COMPANIES (THE),COO
COOPER COMPANIES (THE) CO,COO
COOPER COMPANIES (THE) COMPANY,COO
COOPER COMPANIES (THE) CORP,COO
COOPER COMPANIES (THE) CORPORATION,COO
COOPER COMPANIES (THE) INC,COO
COOPER COMPANIES (THE) INC.,COO
COOPER COMPANIES (THE) LTD,COO
COOPER COMPANIES (THE) PLC,COO
Cooper Companies (The),COO
COPART,CPRT
COPART CO,CPRT
COPART COMPANY,CPRT
COPART CORP,CPRT
COPART CORPORATION,CPRT
COPART INC,CPRT
COPART INC.,CPRT
COPART LTD,CPRT
COPART PLC,CPRT
Copart,CPRT
CORNING,GLW
CORNING CO,GLW
CORNING COMPANY,GLW
CORNING CORP,GLW
CORNING CORPORATION,GLW
CORNING INC,GLW
CORNING INC.,GLW
CORNING LTD,GLW
CORNING PLC,GLW
Corning Inc.,GLW
CORPAY,CPAY
CORPAY CO,CPAY
CORPAY COMPANY,CPAY
CORPAY CORP,CPAY
CORPAY CORPORATION,CPAY
CORPAY INC,CPAY
CORPAY INC.,CPAY
CORPAY LTD,CPAY
CORPAY PLC,CPAY
Corpay,CPAY
CORTEVA,CTVA
CORTEVA CO,CTVA
CORTEVA COMPANY,CTVA
CORTEVA CORP,CTVA
CORTEVA CORPORATION,CTVA
CORTEVA INC,CTVA
CORTEVA INC.,CTVA
CORTEVA LTD,CTVA
CORTEVA PLC,CTVA
Corteva,CTVA
COSTAR GROUP,CSGP
COSTAR GROUP CO,CSGP
COSTAR GROUP COMPANY,CSGP
COSTAR GROUP CORP,CSGP
COSTAR GROUP CORPORATION,CSGP
COSTAR GROUP INC,CSGP
COSTAR GROUP INC.,CSGP
COSTAR GROUP LTD,CSGP
COSTAR GROUP PLC,CSGP
CoStar Group,CSGP
COSTCO,COST
COSTCO CO,COST
COSTCO COMPANY,COST
COSTCO CORP,COST
COSTCO CORPORATION,COST
COSTCO INC,COST
COSTCO INC.,COST
COSTCO LTD,COST
COSTCO PLC,COST
Costco,COST
CRH,CRH
CRH CO,CRH
CRH COMPANY,CRH
CRH CORP,CRH
CRH CORPORATION,CRH
CRH INC,CRH
CRH INC.,CRH
CRH LTD,CRH
CRH PLC,CRH
CRH plc,CRH
CROWDSTRIKE,CRWD
CROWDSTRIKE CO,CRWD
CROWDSTRIKE COMPANY,CRWD
CROWDSTRIKE CORP,CRWD
CROWDSTRIKE CORPORATION,CRWD
CROWDSTRIKE INC,CRWD
CROWDSTRIKE INC.,CRWD
CROWDSTRIKE LTD,CRWD
CROWDSTRIKE PLC,CRWD
CrowdStrike,CRWD
CROWN CASTLE,CCI
CROWN CASTLE CO,CCI
CROWN CASTLE COMPANY,CCI
CROWN CASTLE CORP,CCI
CROWN CASTLE CORPORATION,CCI
CROWN CASTLE INC,CCI
CROWN CASTLE INC.,CCI
CROWN CASTLE LTD,CCI
CROWN CASTLE PLC,CCI
Crown Castle,CCI
CSX,CSX
CSX CO,CSX
CSX COMPANY,CSX
CSX CORP,CSX
CSX CORPORATION,CSX
CSX Corporation,CSX
CSX INC,CSX
CSX INC.,CSX
CSX LTD,CSX
CSX PLC,CSX
CUMMINS,CMI
CUMMINS CO,CMI
CUMMINS COMPANY,CMI
CUMMINS CORP,CMI
CUMMINS CORPORATION,CMI
CUMMINS INC,CMI
CUMMINS INC.,CMI
CUMMINS LTD,CMI
CUMMINS PLC,CMI
Cummins,CMI
CVS HEALTH,CVS
CVS HEALTH CO,CVS
CVS HEALTH COMPANY,CVS
CVS HEALTH CORP,CVS
CVS HEALTH CORPORATION,CVS
CVS HEALTH INC,CVS
CVS HEALTH INC.,CVS
CVS HEALTH LTD,CVS
CVS HEALTH PLC,CVS
CVS Health,CVS
DANAHER,DHR
DANAHER CO,DHR
DANAHER COMPANY,DHR
DANAHER CORP,DHR
DANAHER CORPORATION,DHR
DANAHER INC,DHR
DANAHER INC.,DHR
DANAHER LTD,DHR
DANAHER PLC,DHR
Danaher Corporation,DHR
DARDEN RESTAURANTS,DRI
DARDEN RESTAURANTS CO,DRI
DARDEN RESTAURANTS COMPANY,DRI
DARDEN RESTAURANTS CORP,DRI
DARDEN RESTAURANTS CORPORATION,DRI
DARDEN RESTAURANTS INC,DRI
DARDEN RESTAURANTS INC.,DRI
DARDEN RESTAURANTS LTD,DRI
DARDEN RESTAURANTS PLC,DRI
Darden Restaurants,DRI
DATADOG,DDOG
DATADOG CO,DDOG
DATADOG COMPANY,DDOG
DATADOG CORP,DDOG
DATADOG CORPORATION,DDOG
DATADOG INC,DDOG
DATADOG INC.,DDOG
DATADOG LTD,DDOG
DATADOG PLC,DDOG
Datadog,DDOG
DAVITA,DVA
DAVITA CO,DVA
DAVITA COMPANY,DVA
DAVITA CORP,DVA
DAVITA CORPORATION,DVA
DAVITA INC,DVA
DAVITA INC.,DVA
DAVITA LTD,DVA
DAVITA PLC,DVA
DaVita,DVA
DECKERS BRANDS,DECK
DECKERS BRANDS CO,DECK
DECKERS BRANDS COMPANY,DECK
DECKERS BRANDS CORP,DECK
DECKERS BRANDS CORPORATION,DECK
DECKERS BRANDS INC,DECK
DECKERS BRANDS INC.,DECK
DECKERS BRANDS LTD,DECK
DECKERS BRANDS PLC,DECK
Deckers Brands,DECK
DEERE &,DE
DEERE & CO,DE
DEERE & COMPANY,DE
DEERE & CORP,DE
DEERE & CORPORATION,DE
DEERE & INC,DE
DEERE & INC.,DE
DEERE & LTD,DE
DEERE & PLC,DE
Deere & Company,DE
DELL TECHNOLOGIES,DELL
DELL TECHNOLOGIES CO,DELL
DELL TECHNOLOGIES COMPANY,DELL
DELL TECHNOLOGIES CORP,DELL
DELL TECHNOLOGIES CORPORATION,DELL
DELL TECHNOLOGIES INC,DELL
DELL TECHNOLOGIES INC.,DELL
DELL TECHNOLOGIES LTD,DELL
DELL TECHNOLOGIES PLC,DELL
Dell Technologies,DELL
DELTA AIR LINES,DAL
DELTA AIR LINES CO,DAL
DELTA AIR LINES COMPANY,DAL
DELTA AIR LINES CORP,DAL
DELTA AIR LINES CORPORATION,DAL
DELTA AIR LINES INC,DAL
DELTA AIR LINES INC.,DAL
DELTA AIR LINES LTD,DAL
DELTA AIR LINES PLC,DAL
Delta Air Lines,DAL
DEVON ENERGY,DVN
DEVON ENERGY CO,DVN
DEVON ENERGY COMPANY,DVN
DEVON ENERGY CORP,DVN
DEVON ENERGY CORPORATION,DVN
DEVON ENERGY INC,DVN
DEVON ENERGY INC.,DVN
DEVON ENERGY LTD,DVN
DEVON ENERGY PLC,DVN
Devon Energy,DVN
DEXCOM,DXCM
DEXCOM CO,DXCM
DEXCOM COMPANY,DXCM
DEXCOM CORP,DXCM
DEXCOM CORPORATION,DXCM
DEXCOM INC,DXCM
DEXCOM INC.,DXCM
DEXCOM LTD,DXCM
DEXCOM PLC,DXCM
Dexcom,DXCM
DIAMONDBACK ENERGY,FANG
DIAMONDBACK ENERGY CO,FANG
DIAMONDBACK ENERGY COMPANY,FANG
DIAMONDBACK ENERGY CORP,FANG
DIAMONDBACK ENERGY CORPORATION,FANG
DIAMONDBACK ENERGY INC,FANG
DIAMONDBACK ENERGY INC.,FANG
DIAMONDBACK ENERGY LTD,FANG
DIAMONDBACK ENERGY PLC,FANG
Diamondback Energy,FANG
DIGITAL REALTY,DLR
DIGITAL REALTY CO,DLR
DIGITAL REALTY COMPANY,DLR
DIGITAL REALTY CORP,DLR
DIGITAL REALTY CORPORATION,DLR
DIGITAL REALTY INC,DLR
DIGITAL REALTY INC.,DLR
DIGITAL REALTY LTD,DLR
DIGITAL REALTY PLC,DLR
Digital Realty,DLR
DOLLAR GENERAL,DG
DOLLAR GENERAL CO,DG
DOLLAR GENERAL COMPANY,DG
DOLLAR GENERAL CORP,DG
DOLLAR GENERAL CORPORATION,DG
DOLLAR GENERAL INC,DG
DOLLAR GENERAL INC.,DG
DOLLAR GENERAL LTD,DG
DOLLAR GENERAL PLC,DG
Dollar General,DG
DOLLAR TREE,DLTR
DOLLAR TREE CO,DLTR
DOLLAR TREE COMPANY,DLTR
DOLLAR TREE CORP,DLTR
DOLLAR TREE CORPORATION,DLTR
DOLLAR TREE INC,DLTR
DOLLAR TREE INC.,DLTR
DOLLAR TREE LTD,DLTR
DOLLAR TREE PLC,DLTR
Dollar Tree,DLTR
DOMINION ENERGY,D
DOMINION ENERGY CO,D
DOMINION ENERGY COMPANY,D
DOMINION ENERGY CORP,D
DOMINION ENERGY CORPORATION,D
DOMINION ENERGY INC,D
DOMINION ENERGY INC.,D
DOMINION ENERGY LTD,D
DOMINION ENERGY PLC,D
Dominion Energy,D
DOMINO'S,DPZ
DOMINO'S CO,DPZ
DOMINO'S COMPANY,DPZ
DOMINO'S CORP,DPZ
DOMINO'S CORPORATION,DPZ
DOMINO'S INC,DPZ
DOMINO'S INC.,DPZ
DOMINO'S LTD,DPZ
DOMINO'S PLC,DPZ
Domino's,DPZ
DOORDASH,DASH
DOORDASH CO,DASH
DOORDASH COMPANY,DASH
DOORDASH CORP,DASH
DOORDASH CORPORATION,DASH
DOORDASH INC,DASH
DOORDASH INC.,DASH
DOORDASH LTD,DASH
DOORDASH PLC,DASH
DoorDash,DASH
DOVER,DOV
DOVER CO,DOV
DOVER COMPANY,DOV
DOVER CORP,DOV
DOVER CORPORATION,DOV
DOVER INC,DOV
DOVER INC.,DOV
DOVER LTD,DOV
DOVER PLC,DOV
Dover Corporation,DOV
DOW,DOW
DOW CO,DOW
DOW COMPANY,DOW
DOW CORP,DOW
DOW CORPORATION,DOW
DOW INC,DOW
DOW INC.,DOW
DOW LTD,DOW
DOW PLC,DOW
Dow Inc.,DOW
D R HORTON,DHI
D R HORTON CO,DHI
D R HORTON COMPANY,DHI
D R HORTON CORP,DHI
D R HORTON CORPORATION,DHI
D R HORTON INC,DHI
D R HORTON INC.,DHI
D R HORTON LTD,DHI
D R HORTON PLC,DHI
D. R. HORTON,DHI
D. R. Horton,DHI
DTE ENERGY,DTE
DTE ENERGY CO,DTE
DTE ENERGY COMPANY,DTE
DTE ENERGY CORP,DTE
DTE ENERGY CORPORATION,DTE
DTE ENERGY INC,DTE
DTE ENERGY INC.,DTE
DTE ENERGY LTD,DTE
DTE ENERGY PLC,DTE
DTE Energy,DTE
DUKE ENERGY,DUK
DUKE ENERGY CO,DUK
DUKE ENERGY COMPANY,DUK
DUKE ENERGY CORP,DUK
DUKE ENERGY CORPORATION,DUK
DUKE ENERGY INC,DUK
DUKE ENERGY INC.,DUK
DUKE ENERGY LTD,DUK
DUKE ENERGY PLC,DUK
Duke Energy,DUK
DUPONT,DD
DUPONT CO,DD
DUPONT COMPANY,DD
DUPONT CORP,DD
DUPONT CORPORATION,DD
DUPONT INC,DD
DUPONT INC.,DD
DUPONT LTD,DD
DUPONT PLC,DD
DuPont,DD
EATON,ETN
EATON CO,ETN
EATON COMPANY,ETN
EATON CORP,ETN
EATON CORPORATION,ETN
EATON INC,ETN
EATON INC.,ETN
EATON LTD,ETN
EATON PLC,ETN
Eaton Corporation,ETN
EBAY,EBAY
EBAY CO,EBAY
EBAY COMPANY,EBAY
EBAY CORP,EBAY
EBAY CORPORATION,EBAY
EBAY INC,EBAY
EBAY INC.,EBAY
EBAY LTD,EBAY
EBAY PLC,EBAY
eBay Inc.,EBAY
ECHOSTAR,SATS
ECHOSTAR CO,SATS
ECHOSTAR COMPANY,SATS
ECHOSTAR CORP,SATS
ECHOSTAR CORPORATION,SATS
ECHOSTAR INC,SATS
ECHOSTAR INC.,SATS
ECHOSTAR LTD,SATS
ECHOSTAR PLC,SATS
EchoStar,SATS
ECOLAB,ECL
ECOLAB CO,ECL
ECOLAB COMPANY,ECL
ECOLAB CORP,ECL
ECOLAB CORPORATION,ECL
ECOLAB INC,ECL
ECOLAB INC.,ECL
ECOLAB LTD,ECL
ECOLAB PLC,ECL
Ecolab,ECL
EDISON INTERNATIONAL,EIX
EDISON INTERNATIONAL CO,EIX
EDISON INTERNATIONAL COMPANY,EIX
EDISON INTERNATIONAL CORP,EIX
EDISON INTERNATIONAL CORPORATION,EIX
EDISON INTERNATIONAL INC,EIX
EDISON INTERNATIONAL INC.,EIX
EDISON INTERNATIONAL LTD,EIX
EDISON INTERNATIONAL PLC,EIX
Edison International,EIX
EDWARDS LIFESCIENCES,EW
EDWARDS LIFESCIENCES CO,EW
EDWARDS LIFESCIENCES COMPANY,EW
EDWARDS LIFESCIENCES CORP,EW
EDWARDS LIFESCIENCES CORPORATION,EW
EDWARDS LIFESCIENCES INC,EW
EDWARDS LIFESCIENCES INC.,EW
EDWARDS LIFESCIENCES LTD,EW
EDWARDS LIFESCIENCES PLC,EW
Edwards Lifesciences,EW
ELECTRONIC ARTS,EA
ELECTRONIC ARTS CO,EA
ELECTRONIC ARTS COMPANY,EA
ELECTRONIC ARTS CORP,EA
ELECTRONIC ARTS CORPORATION,EA
ELECTRONIC ARTS INC,EA
ELECTRONIC ARTS INC.,EA
ELECTRONIC ARTS LTD,EA
ELECTRONIC ARTS PLC,EA
Electronic Arts,EA
ELEVANCE HEALTH,ELV
ELEVANCE HEALTH CO,ELV
ELEVANCE HEALTH COMPANY,ELV
ELEVANCE HEALTH CORP,ELV
ELEVANCE HEALTH CORPORATION,ELV
ELEVANCE HEALTH INC,ELV
ELEVANCE HEALTH INC.,ELV
ELEVANCE HEALTH LTD,ELV
ELEVANCE HEALTH PLC,ELV
Elevance Health,ELV
EMCOR,EME
EMCOR CO,EME
EMCOR COMPANY,EME
EMCOR CORP,EME
EMCOR CORPORATION,EME
EMCOR INC,EME
EMCOR INC.,EME
EMCOR LTD,EME
EMCOR PLC,EME
Emcor,EME
EMERSON ELECTRIC,EMR
EMERSON ELECTRIC CO,EMR
EMERSON ELECTRIC COMPANY,EMR
EMERSON ELECTRIC CORP,EMR
EMERSON ELECTRIC CORPORATION,EMR
EMERSON ELECTRIC INC,EMR
EMERSON ELECTRIC INC.,EMR
EMERSON ELECTRIC LTD,EMR
EMERSON ELECTRIC PLC,EMR
Emerson Electric,EMR
ENTERGY,ETR
ENTERGY CO,ETR
ENTERGY COMPANY,ETR
ENTERGY CORP,ETR
ENTERGY CORPORATION,ETR
ENTERGY INC,ETR
ENTERGY INC.,ETR
ENTERGY LTD,ETR
ENTERGY PLC,ETR
Entergy,ETR
EOG RESOURCES,EOG
EOG RESOURCES CO,EOG
EOG RESOURCES COMPANY,EOG
EOG RESOURCES CORP,EOG
EOG RESOURCES CORPORATION,EOG
EOG RESOURCES INC,EOG
EOG RESOURCES INC.,EOG
EOG RESOURCES LTD,EOG
EOG RESOURCES PLC,EOG
EOG Resources,EOG
EPAM SYSTEMS,EPAM
EPAM SYSTEMS CO,EPAM
EPAM SYSTEMS COMPANY,EPAM
EPAM SYSTEMS CORP,EPAM
EPAM SYSTEMS CORPORATION,EPAM
EPAM SYSTEMS INC,EPAM
EPAM SYSTEMS INC.,EPAM
EPAM SYSTEMS LTD,EPAM
EPAM SYSTEMS PLC,EPAM
EPAM Systems,EPAM
EQT,EQT
EQT CO,EQT
EQT COMPANY,EQT
EQT CORP,EQT
EQT CORPORATION,EQT
EQT Corporation,EQT
EQT INC,EQT
EQT INC.,EQT
EQT LTD,EQT
EQT PLC,EQT
EQUIFAX,EFX
EQUIFAX CO,EFX
EQUIFAX COMPANY,EFX
EQUIFAX CORP,EFX
EQUIFAX CORPORATION,EFX
EQUIFAX INC,EFX
EQUIFAX INC.,EFX
EQUIFAX LTD,EFX
EQUIFAX PLC,EFX
Equifax,EFX
EQUINIX,EQIX
EQUINIX CO,EQIX
EQUINIX COMPANY,EQIX
EQUINIX CORP,EQIX
EQUINIX CORPORATION,EQIX
EQUINIX INC,EQIX
EQUINIX INC.,EQIX
EQUINIX LTD,EQIX
EQUINIX PLC,EQIX
Equinix,EQIX
EQUITY RESIDENTIAL,EQR
EQUITY RESIDENTIAL CO,EQR
EQUITY RESIDENTIAL COMPANY,EQR
EQUITY RESIDENTIAL CORP,EQR
EQUITY RESIDENTIAL CORPORATION,EQR
EQUITY RESIDENTIAL INC,EQR
EQUITY RESIDENTIAL INC.,EQR
EQUITY RESIDENTIAL LTD,EQR
EQUITY RESIDENTIAL PLC,EQR
Equity Residential,EQR
ERIE INDEMNITY,ERIE
ERIE INDEMNITY CO,ERIE
ERIE INDEMNITY COMPANY,ERIE
ERIE INDEMNITY CORP,ERIE
ERIE INDEMNITY CORPORATION,ERIE
ERIE INDEMNITY INC,ERIE
ERIE INDEMNITY INC.,ERIE
ERIE INDEMNITY LTD,ERIE
ERIE INDEMNITY PLC,ERIE
Erie Indemnity,ERIE
ESSEX PROPERTY TRUST,ESS
ESSEX PROPERTY TRUST CO,ESS
ESSEX PROPERTY TRUST COMPANY,ESS
ESSEX PROPERTY TRUST CORP,ESS
ESSEX PROPERTY TRUST CORPORATION,ESS
ESSEX PROPERTY TRUST INC,ESS
ESSEX PROPERTY TRUST INC.,ESS
ESSEX PROPERTY TRUST LTD,ESS
ESSEX PROPERTY TRUST PLC,ESS
Essex Property Trust,ESS
ESTÉE LAUDER COMPANIES (THE),EL
ESTÉE LAUDER COMPANIES (THE) CO,EL
ESTÉE LAUDER COMPANIES (THE) COMPANY,EL
ESTÉE LAUDER COMPANIES (THE) CORP,EL
ESTÉE LAUDER COMPANIES (THE) CORPORATION,EL
ESTÉE LAUDER COMPANIES (THE) INC,EL
ESTÉE LAUDER COMPANIES (THE) INC.,EL
ESTÉE LAUDER COMPANIES (THE) LTD,EL
ESTÉE LAUDER COMPANIES (THE) PLC,EL
Estée Lauder Companies (The),EL
EVEREST GROUP,EG
EVEREST GROUP CO,EG
EVEREST GROUP COMPANY,EG
EVEREST GROUP CORP,EG
EVEREST GROUP CORPORATION,EG
EVEREST GROUP INC,EG
EVEREST GROUP INC.,EG
EVEREST GROUP LTD,EG
EVEREST GROUP PLC,EG
Everest Group,EG
EVERGY,EVRG
EVERGY CO,EVRG
EVERGY COMPANY,EVRG
EVERGY CORP,EVRG
EVERGY CORPORATION,EVRG
EVERGY INC,EVRG
EVERGY INC.,EVRG
EVERGY LTD,EVRG
EVERGY PLC,EVRG
Evergy,EVRG
EVERSOURCE ENERGY,ES
EVERSOURCE ENERGY CO,ES
EVERSOURCE ENERGY COMPANY,ES
EVERSOURCE ENERGY CORP,ES
EVERSOURCE ENERGY CORPORATION,ES
EVERSOURCE ENERGY INC,ES
EVERSOURCE ENERGY INC.,ES
EVERSOURCE ENERGY LTD,ES
EVERSOURCE ENERGY PLC,ES
Eversource Energy,ES
EXELON,EXC
EXELON CO,EXC
EXELON COMPANY,EXC
EXELON CORP,EXC
EXELON CORPORATION,EXC
EXELON INC,EXC
EXELON INC.,EXC
EXELON LTD,EXC
EXELON PLC,EXC
Exelon,EXC
EXPAND ENERGY,EXE
EXPAND ENERGY CO,EXE
EXPAND ENERGY COMPANY,EXE
EXPAND ENERGY CORP,EXE
EXPAND ENERGY CORPORATION,EXE
EXPAND ENERGY INC,EXE
EXPAND ENERGY INC.,EXE
EXPAND ENERGY LTD,EXE
EXPAND ENERGY PLC,EXE
Expand Energy,EXE
EXPEDIA GROUP,EXPE
EXPEDIA GROUP CO,EXPE
EXPEDIA GROUP COMPANY,EXPE
EXPEDIA GROUP CORP,EXPE
EXPEDIA GROUP CORPORATION,EXPE
EXPEDIA GROUP INC,EXPE
EXPEDIA GROUP INC.,EXPE
EXPEDIA GROUP LTD,EXPE
EXPEDIA GROUP PLC,EXPE
Expedia Group,EXPE
EXPEDITORS INTERNATIONAL,EXPD
EXPEDITORS INTERNATIONAL CO,EXPD
EXPEDITORS INTERNATIONAL COMPANY,EXPD
EXPEDITORS INTERNATIONAL CORP,EXPD
EXPEDITORS INTERNATIONAL CORPORATION,EXPD
EXPEDITORS INTERNATIONAL INC,EXPD
EXPEDITORS INTERNATIONAL INC.,EXPD
EXPEDITORS INTERNATIONAL LTD,EXPD
EXPEDITORS INTERNATIONAL PLC,EXPD
Expeditors International,EXPD
EXTRA SPACE STORAGE,EXR
EXTRA SPACE STORAGE CO,EXR
EXTRA SPACE STORAGE COMPANY,EXR
EXTRA SPACE STORAGE CORP,EXR
EXTRA SPACE STORAGE CORPORATION,EXR
EXTRA SPACE STORAGE INC,EXR
EXTRA SPACE STORAGE INC.,EXR
EXTRA SPACE STORAGE LTD,EXR
EXTRA SPACE STORAGE PLC,EXR
Extra Space Storage,EXR
EXXONMOBIL,XOM
EXXONMOBIL CO,XOM
EXXONMOBIL COMPANY,XOM
EXXONMOBIL CORP,XOM
EXXONMOBIL CORPORATION,XOM
EXXONMOBIL INC,XOM
EXXONMOBIL INC.,XOM
EXXONMOBIL LTD,XOM
EXXONMOBIL PLC,XOM
ExxonMobil,XOM
F5,FFIV
F5 CO,FFIV
F5 COMPANY,FFIV
F5 CORP,FFIV
F5 CORPORATION,FFIV
F5 INC,FFIV
F5 INC.,FFIV
F5 LTD,FFIV
F5 PLC,FFIV
"F5, INC.",FFIV
"F5, Inc.",FFIV
FACTSET,FDS
FACTSET CO,FDS
FACTSET COMPANY,FDS
FACTSET CORP,FDS
FACTSET CORPORATION,FDS
FACTSET INC,FDS
FACTSET INC.,FDS
FACTSET LTD,FDS
FACTSET PLC,FDS
FactSet,FDS
FAIR ISAAC,FICO
FAIR ISAAC CO,FICO
FAIR ISAAC COMPANY,FICO
FAIR ISAAC CORP,FICO
FAIR ISAAC CORPORATION,FICO
FAIR ISAAC INC,FICO
FAIR ISAAC INC.,FICO
FAIR ISAAC LTD,FICO
FAIR ISAAC PLC,FICO
Fair Isaac,FICO
FASTENAL,FAST
FASTENAL CO,FAST
FASTENAL COMPANY,FAST
FASTENAL CORP,FAST
FASTENAL CORPORATION,FAST
FASTENAL INC,FAST
FASTENAL INC.,FAST
FASTENAL LTD,FAST
FASTENAL PLC,FAST
Fastenal,FAST
FEDERAL REALTY INVESTMENT TRUST,FRT
FEDERAL REALTY INVESTMENT TRUST CO,FRT
FEDERAL REALTY INVESTMENT TRUST COMPANY,FRT
FEDERAL REALTY INVESTMENT TRUST CORP,FRT
FEDERAL REALTY INVESTMENT TRUST CORPORATION,FRT
FEDERAL REALTY INVESTMENT TRUST INC,FRT
FEDERAL REALTY INVESTMENT TRUST INC.,FRT
FEDERAL REALTY INVESTMENT TRUST LTD,FRT
FEDERAL REALTY INVESTMENT TRUST PLC,FRT
Federal Realty Investment Trust,FRT
FEDEX,FDX
FEDEX CO,FDX
FEDEX COMPANY,FDX
FEDEX CORP,FDX
FEDEX CORPORATION,FDX
FEDEX INC,FDX
FEDEX INC.,FDX
FEDEX LTD,FDX
FEDEX PLC,FDX
FedEx,FDX
FIDELITY NATIONAL INFORMATION SERVICES,FIS
FIDELITY NATIONAL INFORMATION SERVICES CO,FIS
FIDELITY NATIONAL INFORMATION SERVICES COMPANY,FIS
FIDELITY NATIONAL INFORMATION SERVICES CORP,FIS
FIDELITY NATIONAL INFORMATION SERVICES CORPORATION,FIS
FIDELITY NATIONAL INFORMATION SERVICES INC,FIS
FIDELITY NATIONAL INFORMATION SERVICES INC.,FIS
FIDELITY NATIONAL INFORMATION SERVICES LTD,FIS
FIDELITY NATIONAL INFORMATION SERVICES PLC,FIS
Fidelity National Information Services,FIS
FIFTH THIRD BANCORP,FITB
FIFTH THIRD BANCORP CO,FITB
FIFTH THIRD BANCORP COMPANY,FITB
FIFTH THIRD BANCORP CORP,FITB
FIFTH THIRD BANCORP CORPORATION,FITB
FIFTH THIRD BANCORP INC,FITB
FIFTH THIRD BANCORP INC.,FITB
FIFTH THIRD BANCORP LTD,FITB
FIFTH THIRD BANCORP PLC,FITB
Fifth Third Bancorp,FITB
FIRST SOLAR,FSLR
FIRST SOLAR CO,FSLR
FIRST SOLAR COMPANY,FSLR
FIRST SOLAR CORP,FSLR
FIRST SOLAR CORPORATION,FSLR
FIRST SOLAR INC,FSLR
FIRST SOLAR INC.,FSLR
FIRST SOLAR LTD,FSLR
FIRST SOLAR PLC,FSLR
First Solar,FSLR
FIRSTENERGY,FE
FIRSTENERGY CO,FE
FIRSTENERGY COMPANY,FE
FIRSTENERGY CORP,FE
FIRSTENERGY CORPORATION,FE
FIRSTENERGY INC,FE
FIRSTENERGY INC.,FE
FIRSTENERGY LTD,FE
FIRSTENERGY PLC,FE
FirstEnergy,FE
FISERV,FISV
FISERV CO,FISV
FISERV COMPANY,FISV
FISERV CORP,FISV
FISERV CORPORATION,FISV
FISERV INC,FISV
FISERV INC.,FISV
FISERV LTD,FISV
FISERV PLC,FISV
Fiserv,FISV
FORD MOTOR,F
FORD MOTOR CO,F
FORD MOTOR COMPANY,F
FORD MOTOR CORP,F
FORD MOTOR CORPORATION,F
FORD MOTOR INC,F
FORD MOTOR INC.,F
FORD MOTOR LTD,F
FORD MOTOR PLC,F
Ford Motor Company,F
FORTINET,FTNT
FORTINET CO,FTNT
FORTINET COMPANY,FTNT
FORTINET CORP,FTNT
FORTINET CORPORATION,FTNT
FORTINET INC,FTNT
FORTINET INC.,FTNT
FORTINET LTD,FTNT
FORTINET PLC,FTNT
Fortinet,FTNT
FORTIVE,FTV
FORTIVE CO,FTV
FORTIVE COMPANY,FTV
FORTIVE CORP,FTV
FORTIVE CORPORATION,FTV
FORTIVE INC,FTV
FORTIVE INC.,FTV
FORTIVE LTD,FTV
FORTIVE PLC,FTV
Fortive,FTV
FOX CORPORATION (CLASS A),FOXA
FOX CORPORATION (CLASS A) CO,FOXA
FOX CORPORATION (CLASS A) COMPANY,FOXA
FOX CORPORATION (CLASS A) CORP,FOXA
FOX CORPORATION (CLASS A) CORPORATION,FOXA
FOX CORPORATION (CLASS A) INC,FOXA
FOX CORPORATION (CLASS A) INC.,FOXA
FOX CORPORATION (CLASS A) LTD,FOXA
FOX CORPORATION (CLASS A) PLC,FOXA
Fox Corporation (Class A),FOXA
FOX CORPORATION (CLASS B),FOX
FOX CORPORATION (CLASS B) CO,FOX
FOX CORPORATION (CLASS B) COMPANY,FOX
FOX CORPORATION (CLASS B) CORP,FOX
FOX CORPORATION (CLASS B) CORPORATION,FOX
FOX CORPORATION (CLASS B) INC,FOX
FOX CORPORATION (CLASS B) INC.,FOX
FOX CORPORATION (CLASS B) LTD,FOX
FOX CORPORATION (CLASS B) PLC,FOX
Fox Corporation (Class B),FOX
FRANKLIN RESOURCES,BEN
FRANKLIN RESOURCES CO,BEN
FRANKLIN RESOURCES COMPANY,BEN
FRANKLIN RESOURCES CORP,BEN
FRANKLIN RESOURCES CORPORATION,BEN
FRANKLIN RESOURCES INC,BEN
FRANKLIN RESOURCES INC.,BEN
FRANKLIN RESOURCES LTD,BEN
FRANKLIN RESOURCES PLC,BEN
Franklin Resources,BEN
FREEPORT-MCMORAN,FCX
FREEPORT-MCMORAN CO,FCX
FREEPORT-MCMORAN COMPANY,FCX
FREEPORT-MCMORAN CORP,FCX
FREEPORT-MCMORAN CORPORATION,FCX
FREEPORT-MCMORAN INC,FCX
FREEPORT-MCMORAN INC.,FCX
FREEPORT-MCMORAN LTD,FCX
FREEPORT-MCMORAN PLC,FCX
Freeport-McMoRan,FCX
GARMIN,GRMN
GARMIN CO,GRMN
GARMIN COMPANY,GRMN
GARMIN CORP,GRMN
GARMIN CORPORATION,GRMN
GARMIN INC,GRMN
GARMIN INC.,GRMN
GARMIN LTD,GRMN
GARMIN PLC,GRMN
Garmin,GRMN
GARTNER,IT
GARTNER CO,IT
GARTNER COMPANY,IT
GARTNER CORP,IT
GARTNER CORPORATION,IT
GARTNER INC,IT
GARTNER INC.,IT
GARTNER LTD,IT
GARTNER PLC,IT
Gartner,IT
GE AEROSPACE,GE
GE AEROSPACE CO,GE
GE AEROSPACE COMPANY,GE
GE AEROSPACE CORP,GE
GE AEROSPACE CORPORATION,GE
GE AEROSPACE INC,GE
GE AEROSPACE INC.,GE
GE AEROSPACE LTD,GE
GE AEROSPACE PLC,GE
GE Aerospace,GE
GE HEALTHCARE,GEHC
GE HEALTHCARE CO,GEHC
GE HEALTHCARE COMPANY,GEHC
GE HEALTHCARE CORP,GEHC
GE HEALTHCARE CORPORATION,GEHC
GE HEALTHCARE INC,GEHC
GE HEALTHCARE INC.,GEHC
GE HEALTHCARE LTD,GEHC
GE HEALTHCARE PLC,GEHC
GE HealthCare,GEHC
GE VERNOVA,GEV
GE VERNOVA CO,GEV
GE VERNOVA COMPANY,GEV
GE VERNOVA CORP,GEV
GE VERNOVA CORPORATION,GEV
GE VERNOVA INC,GEV
GE VERNOVA INC.,GEV
GE VERNOVA LTD,GEV
GE VERNOVA PLC,GEV
GE Vernova,GEV
GEN DIGITAL,GEN
GEN DIGITAL CO,GEN
GEN DIGITAL COMPANY,GEN
GEN DIGITAL CORP,GEN
GEN DIGITAL CORPORATION,GEN
GEN DIGITAL INC,GEN
GEN DIGITAL INC.,GEN
GEN DIGITAL LTD,GEN
GEN DIGITAL PLC,GEN
Gen Digital,GEN
GENERAC,GNRC
GENERAC CO,GNRC
GENERAC COMPANY,GNRC
GENERAC CORP,GNRC
GENERAC CORPORATION,GNRC
GENERAC INC,GNRC
GENERAC INC.,GNRC
GENERAC LTD,GNRC
GENERAC PLC,GNRC
Generac,GNRC
GENERAL DYNAMICS,GD
GENERAL DYNAMICS CO,GD
GENERAL DYNAMICS COMPANY,GD
GENERAL DYNAMICS CORP,GD
GENERAL DYNAMICS CORPORATION,GD
GENERAL DYNAMICS INC,GD
GENERAL DYNAMICS INC.,GD
GENERAL DYNAMICS LTD,GD
GENERAL DYNAMICS PLC,GD
General Dynamics,GD
GENERAL MILLS,GIS
GENERAL MILLS CO,GIS
GENERAL MILLS COMPANY,GIS
GENERAL MILLS CORP,GIS
GENERAL MILLS CORPORATION,GIS
GENERAL MILLS INC,GIS
GENERAL MILLS INC.,GIS
GENERAL MILLS LTD,GIS
GENERAL MILLS PLC,GIS
General Mills,GIS
GENERAL MOTORS,GM
GENERAL MOTORS CO,GM
GENERAL MOTORS COMPANY,GM
GENERAL MOTORS CORP,GM
GENERAL MOTORS CORPORATION,GM
GENERAL MOTORS INC,GM
GENERAL MOTORS INC.,GM
GENERAL MOTORS LTD,GM
GENERAL MOTORS PLC,GM
General Motors,GM
GENUINE PARTS,GPC
GENUINE PARTS CO,GPC
GENUINE PARTS COMPANY,GPC
GENUINE PARTS CORP,GPC
GENUINE PARTS CORPORATION,GPC
GENUINE PARTS INC,GPC
GENUINE PARTS INC.,GPC
GENUINE PARTS LTD,GPC
GENUINE PARTS PLC,GPC
Genuine Parts Company,GPC
GILEAD SCIENCES,GILD
GILEAD SCIENCES CO,GILD
GILEAD SCIENCES COMPANY,GILD
GILEAD SCIENCES CORP,GILD
GILEAD SCIENCES CORPORATION,GILD
GILEAD SCIENCES INC,GILD
GILEAD SCIENCES INC.,GILD
GILEAD SCIENCES LTD,GILD
GILEAD SCIENCES PLC,GILD
Gilead Sciences,GILD
GLOBAL PAYMENTS,GPN
GLOBAL PAYMENTS CO,GPN
GLOBAL PAYMENTS COMPANY,GPN
GLOBAL PAYMENTS CORP,GPN
GLOBAL PAYMENTS CORPORATION,GPN
GLOBAL PAYMENTS INC,GPN
GLOBAL PAYMENTS INC.,GPN
GLOBAL PAYMENTS LTD,GPN
GLOBAL PAYMENTS PLC,GPN
Global Payments,GPN
GLOBE LIFE,GL
GLOBE LIFE CO,GL
GLOBE LIFE COMPANY,GL
GLOBE LIFE CORP,GL
GLOBE LIFE CORPORATION,GL
GLOBE LIFE INC,GL
GLOBE LIFE INC.,GL
GLOBE LIFE LTD,GL
GLOBE LIFE PLC,GL
Globe Life,GL
GODADDY,GDDY
GODADDY CO,GDDY
GODADDY COMPANY,GDDY
GODADDY CORP,GDDY
GODADDY CORPORATION,GDDY
GODADDY INC,GDDY
GODADDY INC.,GDDY
GODADDY LTD,GDDY
GODADDY PLC,GDDY
GoDaddy,GDDY
GOLDMAN SACHS,GS
GOLDMAN SACHS CO,GS
GOLDMAN SACHS COMPANY,GS
GOLDMAN SACHS CORP,GS
GOLDMAN SACHS CORPORATION,GS
GOLDMAN SACHS INC,GS
GOLDMAN SACHS INC.,GS
GOLDMAN SACHS LTD,GS
GOLDMAN SACHS PLC,GS
Goldman Sachs,GS
HALLIBURTON,HAL
HALLIBURTON CO,HAL
HALLIBURTON COMPANY,HAL
HALLIBURTON CORP,HAL
HALLIBURTON CORPORATION,HAL
HALLIBURTON INC,HAL
HALLIBURTON INC.,HAL
HALLIBURTON LTD,HAL
HALLIBURTON PLC,HAL
Halliburton,HAL
HARTFORD (THE),HIG
HARTFORD (THE) CO,HIG
HARTFORD (THE) COMPANY,HIG
HARTFORD (THE) CORP,HIG
HARTFORD (THE) CORPORATION,HIG
HARTFORD (THE) INC,HIG
HARTFORD (THE) INC.,HIG
HARTFORD (THE) LTD,HIG
HARTFORD (THE) PLC,HIG
Hartford (The),HIG
HASBRO,HAS
HASBRO CO,HAS
HASBRO COMPANY,HAS
HASBRO CORP,HAS
HASBRO CORPORATION,HAS
HASBRO INC,HAS
HASBRO INC.,HAS
HASBRO LTD,HAS
HASBRO PLC,HAS
Hasbro,HAS
HCA HEALTHCARE,HCA
HCA HEALTHCARE CO,HCA
HCA HEALTHCARE COMPANY,HCA
HCA HEALTHCARE CORP,HCA
HCA HEALTHCARE CORPORATION,HCA
HCA HEALTHCARE INC,HCA
HCA HEALTHCARE INC.,HCA
HCA HEALTHCARE LTD,HCA
HCA HEALTHCARE PLC,HCA
HCA Healthcare,HCA
HEALTHPEAK PROPERTIES,DOC
HEALTHPEAK PROPERTIES CO,DOC
HEALTHPEAK PROPERTIES COMPANY,DOC
HEALTHPEAK PROPERTIES CORP,DOC
HEALTHPEAK PROPERTIES CORPORATION,DOC
HEALTHPEAK PROPERTIES INC,DOC
HEALTHPEAK PROPERTIES INC.,DOC
HEALTHPEAK PROPERTIES LTD,DOC
HEALTHPEAK PROPERTIES PLC,DOC
Healthpeak Properties,DOC
HENRY SCHEIN,HSIC
HENRY SCHEIN CO,HSIC
HENRY SCHEIN COMPANY,HSIC
HENRY SCHEIN CORP,HSIC
HENRY SCHEIN CORPORATION,HSIC
HENRY SCHEIN INC,HSIC
HENRY SCHEIN INC.,HSIC
HENRY SCHEIN LTD,HSIC
HENRY SCHEIN PLC,HSIC
Henry Schein,HSIC
HERSHEY COMPANY (THE),HSY
HERSHEY COMPANY (THE) CO,HSY
HERSHEY COMPANY (THE) COMPANY,HSY
HERSHEY COMPANY (THE) CORP,HSY
HERSHEY COMPANY (THE) CORPORATION,HSY
HERSHEY COMPANY (THE) INC,HSY
HERSHEY COMPANY (THE) INC.,HSY
HERSHEY COMPANY (THE) LTD,HSY
HERSHEY COMPANY (THE) PLC,HSY
Hershey Company (The),HSY
HEWLETT PACKARD ENTERPRISE,HPE
HEWLETT PACKARD ENTERPRISE CO,HPE
HEWLETT PACKARD ENTERPRISE COMPANY,HPE
HEWLETT PACKARD ENTERPRISE CORP,HPE
HEWLETT PACKARD ENTERPRISE CORPORATION,HPE
HEWLETT PACKARD ENTERPRISE INC,HPE
HEWLETT PACKARD ENTERPRISE INC.,HPE
HEWLETT PACKARD ENTERPRISE LTD,HPE
HEWLETT PACKARD ENTERPRISE PLC,HPE
Hewlett Packard Enterprise,HPE
HILTON WORLDWIDE,HLT
HILTON WORLDWIDE CO,HLT
HILTON WORLDWIDE COMPANY,HLT
HILTON WORLDWIDE CORP,HLT
HILTON WORLDWIDE CORPORATION,HLT
HILTON WORLDWIDE INC,HLT
HILTON WORLDWIDE INC.,HLT
HILTON WORLDWIDE LTD,HLT
HILTON WORLDWIDE PLC,HLT
Hilton Worldwide,HLT
HOME DEPOT (THE),HD
HOME DEPOT (THE) CO,HD
HOME DEPOT (THE) COMPANY,HD
HOME DEPOT (THE) CORP,HD
HOME DEPOT (THE) CORPORATION,HD
HOME DEPOT (THE) INC,HD
HOME DEPOT (THE) INC.,HD
HOME DEPOT (THE) LTD,HD
HOME DEPOT (THE) PLC,HD
Home Depot (The),HD
HONEYWELL,HON
HONEYWELL CO,HON
HONEYWELL COMPANY,HON
HONEYWELL CORP,HON
HONEYWELL CORPORATION,HON
HONEYWELL INC,HON
HONEYWELL INC.,HON
HONEYWELL LTD,HON
HONEYWELL PLC,HON
Honeywell,HON
HORMEL FOODS,HRL
HORMEL FOODS CO,HRL
HORMEL FOODS COMPANY,HRL
HORMEL FOODS CORP,HRL
HORMEL FOODS CORPORATION,HRL
HORMEL FOODS INC,HRL
HORMEL FOODS INC.,HRL
HORMEL FOODS LTD,HRL
HORMEL FOODS PLC,HRL
Hormel Foods,HRL
HOST HOTELS & RESORTS,HST
HOST HOTELS & RESORTS CO,HST
HOST HOTELS & RESORTS COMPANY,HST
HOST HOTELS & RESORTS CORP,HST
HOST HOTELS & RESORTS CORPORATION,HST
HOST HOTELS & RESORTS INC,HST
HOST HOTELS & RESORTS INC.,HST
HOST HOTELS & RESORTS LTD,HST
HOST HOTELS & RESORTS PLC,HST
Host Hotels & Resorts,HST
HOWMET AEROSPACE,HWM
HOWMET AEROSPACE CO,HWM
HOWMET AEROSPACE COMPANY,HWM
HOWMET AEROSPACE CORP,HWM
HOWMET AEROSPACE CORPORATION,HWM
HOWMET AEROSPACE INC,HWM
HOWMET AEROSPACE INC.,HWM
HOWMET AEROSPACE LTD,HWM
HOWMET AEROSPACE PLC,HWM
Howmet Aerospace,HWM
HP,HPQ
HP CO,HPQ
HP COMPANY,HPQ
HP CORP,HPQ
HP CORPORATION,HPQ
HP INC,HPQ
HP INC.,HPQ
HP Inc.,HPQ
HP LTD,HPQ
HP PLC,HPQ
HUBBELL INCORPORATED,HUBB
HUBBELL INCORPORATED CO,HUBB
HUBBELL INCORPORATED COMPANY,HUBB
HUBBELL INCORPORATED CORP,HUBB
HUBBELL INCORPORATED CORPORATION,HUBB
HUBBELL INCORPORATED INC,HUBB
HUBBELL INCORPORATED INC.,HUBB
HUBBELL INCORPORATED LTD,HUBB
HUBBELL INCORPORATED PLC,HUBB
Hubbell Incorporated,HUBB
HUMANA,HUM
HUMANA CO,HUM
HUMANA COMPANY,HUM
HUMANA CORP,HUM
HUMANA CORPORATION,HUM
HUMANA INC,HUM
HUMANA INC.,HUM
HUMANA LTD,HUM
HUMANA PLC,HUM
Humana,HUM
HUNTINGTON BANCSHARES,HBAN
HUNTINGTON BANCSHARES CO,HBAN
HUNTINGTON BANCSHARES COMPANY,HBAN
HUNTINGTON BANCSHARES CORP,HBAN
HUNTINGTON BANCSHARES CORPORATION,HBAN
HUNTINGTON BANCSHARES INC,HBAN
HUNTINGTON BANCSHARES INC.,HBAN
HUNTINGTON BANCSHARES LTD,HBAN
HUNTINGTON BANCSHARES PLC,HBAN
Huntington Bancshares,HBAN
HUNTINGTON INGALLS INDUSTRIES,HII
HUNTINGTON INGALLS INDUSTRIES CO,HII
HUNTINGTON INGALLS INDUSTRIES COMPANY,HII
HUNTINGTON INGALLS INDUSTRIES CORP,HII
HUNTINGTON INGALLS INDUSTRIES CORPORATION,HII
HUNTINGTON INGALLS INDUSTRIES INC,HII
HUNTINGTON INGALLS INDUSTRIES INC.,HII
HUNTINGTON INGALLS INDUSTRIES LTD,HII
HUNTINGTON INGALLS INDUSTRIES PLC,HII
Huntington Ingalls Industries,HII
IBM,IBM
IBM CO,IBM
IBM COMPANY,IBM
IBM CORP,IBM
IBM CORPORATION,IBM
IBM INC,IBM
IBM INC.,IBM
IBM LTD,IBM
IBM PLC,IBM
IDEX,IEX
IDEX CO,IEX
IDEX COMPANY,IEX
IDEX CORP,IEX
IDEX CORPORATION,IEX
IDEX Corporation,IEX
IDEX INC,IEX
IDEX INC.,IEX
IDEX LTD,IEX
IDEX PLC,IEX
IDEXX LABORATORIES,IDXX
IDEXX LABORATORIES CO,IDXX
IDEXX LABORATORIES COMPANY,IDXX
IDEXX LABORATORIES CORP,IDXX
IDEXX LABORATORIES CORPORATION,IDXX
IDEXX LABORATORIES INC,IDXX
IDEXX LABORATORIES INC.,IDXX
IDEXX LABORATORIES LTD,IDXX
IDEXX LABORATORIES PLC,IDXX
Idexx Laboratories,IDXX
ILLINOIS TOOL WORKS,ITW
ILLINOIS TOOL WORKS CO,ITW
ILLINOIS TOOL WORKS COMPANY,ITW
ILLINOIS TOOL WORKS CORP,ITW
ILLINOIS TOOL WORKS CORPORATION,ITW
ILLINOIS TOOL WORKS INC,ITW
ILLINOIS TOOL WORKS INC.,ITW
ILLINOIS TOOL WORKS LTD,ITW
ILLINOIS TOOL WORKS PLC,ITW
Illinois Tool Works,ITW
INCYTE,INCY
INCYTE CO,INCY
INCYTE COMPANY,INCY
INCYTE CORP,INCY
INCYTE CORPORATION,INCY
INCYTE INC,INCY
INCYTE INC.,INCY
INCYTE LTD,INCY
INCYTE PLC,INCY
Incyte,INCY
INGERSOLL RAND,IR
INGERSOLL RAND CO,IR
INGERSOLL RAND COMPANY,IR
INGERSOLL RAND CORP,IR
INGERSOLL RAND CORPORATION,IR
INGERSOLL RAND INC,IR
INGERSOLL RAND INC.,IR
INGERSOLL RAND LTD,IR
INGERSOLL RAND PLC,IR
Ingersoll Rand,IR
INSULET,PODD
INSULET CO,PODD
INSULET COMPANY,PODD
INSULET CORP,PODD
INSULET CORPORATION,PODD
INSULET INC,PODD
INSULET INC.,PODD
INSULET LTD,PODD
INSULET PLC,PODD
Insulet Corporation,PODD
INTEL,INTC
INTEL CO,INTC
INTEL COMPANY,INTC
INTEL CORP,INTC
INTEL CORPORATION,INTC
INTEL INC,INTC
INTEL INC.,INTC
INTEL LTD,INTC
INTEL PLC,INTC
Intel,INTC
INTERACTIVE BROKERS,IBKR
INTERACTIVE BROKERS CO,IBKR
INTERACTIVE BROKERS COMPANY,IBKR
INTERACTIVE BROKERS CORP,IBKR
INTERACTIVE BROKERS CORPORATION,IBKR
INTERACTIVE BROKERS INC,IBKR
INTERACTIVE BROKERS INC.,IBKR
INTERACTIVE BROKERS LTD,IBKR
INTERACTIVE BROKERS PLC,IBKR
Interactive Brokers,IBKR
INTERCONTINENTAL EXCHANGE,ICE
INTERCONTINENTAL EXCHANGE CO,ICE
INTERCONTINENTAL EXCHANGE COMPANY,ICE
INTERCONTINENTAL EXCHANGE CORP,ICE
INTERCONTINENTAL EXCHANGE CORPORATION,ICE
INTERCONTINENTAL EXCHANGE INC,ICE
INTERCONTINENTAL EXCHANGE INC.,ICE
INTERCONTINENTAL EXCHANGE LTD,ICE
INTERCONTINENTAL EXCHANGE PLC,ICE
Intercontinental Exchange,ICE
INTERNATIONAL FLAVORS & FRAGRANCES,IFF
INTERNATIONAL FLAVORS & FRAGRANCES CO,IFF
INTERNATIONAL FLAVORS & FRAGRANCES COMPANY,IFF
INTERNATIONAL FLAVORS & FRAGRANCES CORP,IFF
INTERNATIONAL FLAVORS & FRAGRANCES CORPORATION,IFF
INTERNATIONAL FLAVORS & FRAGRANCES INC,IFF
INTERNATIONAL FLAVORS & FRAGRANCES INC.,IFF
INTERNATIONAL FLAVORS & FRAGRANCES LTD,IFF
INTERNATIONAL FLAVORS & FRAGRANCES PLC,IFF
International Flavors & Fragrances,IFF
INTERNATIONAL PAPER,IP
INTERNATIONAL PAPER CO,IP
INTERNATIONAL PAPER COMPANY,IP
INTERNATIONAL PAPER CORP,IP
INTERNATIONAL PAPER CORPORATION,IP
INTERNATIONAL PAPER INC,IP
INTERNATIONAL PAPER INC.,IP
INTERNATIONAL PAPER LTD,IP
INTERNATIONAL PAPER PLC,IP
International Paper,IP
INTUIT,INTU
INTUIT CO,INTU
INTUIT COMPANY,INTU
INTUIT CORP,INTU
INTUIT CORPORATION,INTU
INTUIT INC,INTU
INTUIT INC.,INTU
INTUIT LTD,INTU
INTUIT PLC,INTU
Intuit,INTU
INTUITIVE SURGICAL,ISRG
INTUITIVE SURGICAL CO,ISRG
INTUITIVE SURGICAL COMPANY,ISRG
INTUITIVE SURGICAL CORP,ISRG
INTUITIVE SURGICAL CORPORATION,ISRG
INTUITIVE SURGICAL INC,ISRG
INTUITIVE SURGICAL INC.,ISRG
INTUITIVE SURGICAL LTD,ISRG
INTUITIVE SURGICAL PLC,ISRG
Intuitive Surgical,ISRG
INVESCO,IVZ
INVESCO CO,IVZ
INVESCO COMPANY,IVZ
INVESCO CORP,IVZ
INVESCO CORPORATION,IVZ
INVESCO INC,IVZ
INVESCO INC.,IVZ
INVESCO LTD,IVZ
INVESCO PLC,IVZ
Invesco,IVZ
INVITATION HOMES,INVH
INVITATION HOMES CO,INVH
INVITATION HOMES COMPANY,INVH
INVITATION HOMES CORP,INVH
INVITATION HOMES CORPORATION,INVH
INVITATION HOMES INC,INVH
INVITATION HOMES INC.,INVH
INVITATION HOMES LTD,INVH
INVITATION HOMES PLC,INVH
Invitation Homes,INVH
IQVIA,IQV
IQVIA CO,IQV
IQVIA COMPANY,IQV
IQVIA CORP,IQV
IQVIA CORPORATION,IQV
IQVIA INC,IQV
IQVIA INC.,IQV
IQVIA LTD,IQV
IQVIA PLC,IQV
IRON MOUNTAIN,IRM
IRON MOUNTAIN CO,IRM
IRON MOUNTAIN COMPANY,IRM
IRON MOUNTAIN CORP,IRM
IRON MOUNTAIN CORPORATION,IRM
IRON MOUNTAIN INC,IRM
IRON MOUNTAIN INC.,IRM
IRON MOUNTAIN LTD,IRM
IRON MOUNTAIN PLC,IRM
Iron Mountain,IRM
J.B. HUNT,JBHT
J.B. Hunt,JBHT
JB HUNT,JBHT
JB HUNT CO,JBHT
JB HUNT COMPANY,JBHT
JB HUNT CORP,JBHT
JB HUNT CORPORATION,JBHT
JB HUNT INC,JBHT
JB HUNT INC.,JBHT
JB HUNT LTD,JBHT
JB HUNT PLC,JBHT
JABIL,JBL
JABIL CO,JBL
JABIL COMPANY,JBL
JABIL CORP,JBL
JABIL CORPORATION,JBL
JABIL INC,JBL
JABIL INC.,JBL
JABIL LTD,JBL
JABIL PLC,JBL
Jabil,JBL
JACK HENRY & ASSOCIATES,JKHY
JACK HENRY & ASSOCIATES CO,JKHY
JACK HENRY & ASSOCIATES COMPANY,JKHY
JACK HENRY & ASSOCIATES CORP,JKHY
JACK HENRY & ASSOCIATES CORPORATION,JKHY
JACK HENRY & ASSOCIATES INC,JKHY
JACK HENRY & ASSOCIATES INC.,JKHY
JACK HENRY & ASSOCIATES LTD,JKHY
JACK HENRY & ASSOCIATES PLC,JKHY
Jack Henry & Associates,JKHY
JACOBS SOLUTIONS,J
JACOBS SOLUTIONS CO,J
JACOBS SOLUTIONS COMPANY,J
JACOBS SOLUTIONS CORP,J
JACOBS SOLUTIONS CORPORATION,J
JACOBS SOLUTIONS INC,J
JACOBS SOLUTIONS INC.,J
JACOBS SOLUTIONS LTD,J
JACOBS SOLUTIONS PLC,J
Jacobs Solutions,J
JOHNSON & JOHNSON,JNJ
JOHNSON & JOHNSON CO,JNJ
JOHNSON & JOHNSON COMPANY,JNJ
JOHNSON & JOHNSON CORP,JNJ
JOHNSON & JOHNSON CORPORATION,JNJ
JOHNSON & JOHNSON INC,JNJ
JOHNSON & JOHNSON INC.,JNJ
JOHNSON & JOHNSON LTD,JNJ
JOHNSON & JOHNSON PLC,JNJ
Johnson & Johnson,JNJ
JOHNSON CONTROLS,JCI
JOHNSON CONTROLS CO,JCI
JOHNSON CONTROLS COMPANY,JCI
JOHNSON CONTROLS CORP,JCI
JOHNSON CONTROLS CORPORATION,JCI
JOHNSON CONTROLS INC,JCI
JOHNSON CONTROLS INC.,JCI
JOHNSON CONTROLS LTD,JCI
JOHNSON CONTROLS PLC,JCI
Johnson Controls,JCI
JPMORGAN CHASE,JPM
JPMORGAN CHASE CO,JPM
JPMORGAN CHASE COMPANY,JPM
JPMORGAN CHASE CORP,JPM
JPMORGAN CHASE CORPORATION,JPM
JPMORGAN CHASE INC,JPM
JPMORGAN CHASE INC.,JPM
JPMORGAN CHASE LTD,JPM
JPMORGAN CHASE PLC,JPM
JPMorgan Chase,JPM
KENVUE,KVUE
KENVUE CO,KVUE
KENVUE COMPANY,KVUE
KENVUE CORP,KVUE
KENVUE CORPORATION,KVUE
KENVUE INC,KVUE
KENVUE INC.,KVUE
KENVUE LTD,KVUE
KENVUE PLC,KVUE
Kenvue,KVUE
KEURIG DR PEPPER,KDP
KEURIG DR PEPPER CO,KDP
KEURIG DR PEPPER COMPANY,KDP
KEURIG DR PEPPER CORP,KDP
KEURIG DR PEPPER CORPORATION,KDP
KEURIG DR PEPPER INC,KDP
KEURIG DR PEPPER INC.,KDP
KEURIG DR PEPPER LTD,KDP
KEURIG DR PEPPER PLC,KDP
Keurig Dr Pepper,KDP
KEYCORP,KEY
KEYCORP CO,KEY
KEYCORP COMPANY,KEY
KEYCORP CORP,KEY
KEYCORP CORPORATION,KEY
KEYCORP INC,KEY
KEYCORP INC.,KEY
KEYCORP LTD,KEY
KEYCORP PLC,KEY
KeyCorp,KEY
KEYSIGHT TECHNOLOGIES,KEYS
KEYSIGHT TECHNOLOGIES CO,KEYS
KEYSIGHT TECHNOLOGIES COMPANY,KEYS
KEYSIGHT TECHNOLOGIES CORP,KEYS
KEYSIGHT TECHNOLOGIES CORPORATION,KEYS
KEYSIGHT TECHNOLOGIES INC,KEYS
KEYSIGHT TECHNOLOGIES INC.,KEYS
KEYSIGHT TECHNOLOGIES LTD,KEYS
KEYSIGHT TECHNOLOGIES PLC,KEYS
Keysight Technologies,KEYS
KIMBERLY-CLARK,KMB
KIMBERLY-CLARK CO,KMB
KIMBERLY-CLARK COMPANY,KMB
KIMBERLY-CLARK CORP,KMB
KIMBERLY-CLARK CORPORATION,KMB
KIMBERLY-CLARK INC,KMB
KIMBERLY-CLARK INC.,KMB
KIMBERLY-CLARK LTD,KMB
KIMBERLY-CLARK PLC,KMB
Kimberly-Clark,KMB
KIMCO REALTY,KIM
KIMCO REALTY CO,KIM
KIMCO REALTY COMPANY,KIM
KIMCO REALTY CORP,KIM
KIMCO REALTY CORPORATION,KIM
KIMCO REALTY INC,KIM
KIMCO REALTY INC.,KIM
KIMCO REALTY LTD,KIM
KIMCO REALTY PLC,KIM
Kimco Realty,KIM
KINDER MORGAN,KMI
KINDER MORGAN CO,KMI
KINDER MORGAN COMPANY,KMI
KINDER MORGAN CORP,KMI
KINDER MORGAN CORPORATION,KMI
KINDER MORGAN INC,KMI
KINDER MORGAN INC.,KMI
KINDER MORGAN LTD,KMI
KINDER MORGAN PLC,KMI
Kinder Morgan,KMI
KKR &,KKR
KKR & CO,KKR
KKR & CO.,KKR
KKR & COMPANY,KKR
KKR & CORP,KKR
KKR & CORPORATION,KKR
KKR & Co.,KKR
KKR & INC,KKR
KKR & INC.,KKR
KKR & LTD,KKR
KKR & PLC,KKR
KLA,KLAC
KLA CO,KLAC
KLA COMPANY,KLAC
KLA CORP,KLAC
KLA CORPORATION,KLAC
KLA Corporation,KLAC
KLA INC,KLAC
KLA INC.,KLAC
KLA LTD,KLAC
KLA PLC,KLAC
KRAFT HEINZ,KHC
KRAFT HEINZ CO,KHC
KRAFT HEINZ COMPANY,KHC
KRAFT HEINZ CORP,KHC
KRAFT HEINZ CORPORATION,KHC
KRAFT HEINZ INC,KHC
KRAFT HEINZ INC.,KHC
KRAFT HEINZ LTD,KHC
KRAFT HEINZ PLC,KHC
Kraft Heinz,KHC
KROGER,KR
KROGER CO,KR
KROGER COMPANY,KR
KROGER CORP,KR
KROGER CORPORATION,KR
KROGER INC,KR
KROGER INC.,KR
KROGER LTD,KR
KROGER PLC,KR
Kroger,KR
L3HARRIS,LHX
L3HARRIS CO,LHX
L3HARRIS COMPANY,LHX
L3HARRIS CORP,LHX
L3HARRIS CORPORATION,LHX
L3HARRIS INC,LHX
L3HARRIS INC.,LHX
L3HARRIS LTD,LHX
L3HARRIS PLC,LHX
L3Harris,LHX
LABCORP,LH
LABCORP CO,LH
LABCORP COMPANY,LH
LABCORP CORP,LH
LABCORP CORPORATION,LH
LABCORP INC,LH
LABCORP INC.,LH
LABCORP LTD,LH
LABCORP PLC,LH
Labcorp,LH
LAM RESEARCH,LRCX
LAM RESEARCH CO,LRCX
LAM RESEARCH COMPANY,LRCX
LAM RESEARCH CORP,LRCX
LAM RESEARCH CORPORATION,LRCX
LAM RESEARCH INC,LRCX
LAM RESEARCH INC.,LRCX
LAM RESEARCH LTD,LRCX
LAM RESEARCH PLC,LRCX
Lam Research,LRCX
LAS VEGAS SANDS,LVS
LAS VEGAS SANDS CO,LVS
LAS VEGAS SANDS COMPANY,LVS
LAS VEGAS SANDS CORP,LVS
LAS VEGAS SANDS CORPORATION,LVS
LAS VEGAS SANDS INC,LVS
LAS VEGAS SANDS INC.,LVS
LAS VEGAS SANDS LTD,LVS
LAS VEGAS SANDS PLC,LVS
Las Vegas Sands,LVS
LEIDOS,LDOS
LEIDOS CO,LDOS
LEIDOS COMPANY,LDOS
LEIDOS CORP,LDOS
LEIDOS CORPORATION,LDOS
LEIDOS INC,LDOS
LEIDOS INC.,LDOS
LEIDOS LTD,LDOS
LEIDOS PLC,LDOS
Leidos,LDOS
LENNAR,LEN
LENNAR CO,LEN
LENNAR COMPANY,LEN
LENNAR CORP,LEN
LENNAR CORPORATION,LEN
LENNAR INC,LEN
LENNAR INC.,LEN
LENNAR LTD,LEN
LENNAR PLC,LEN
Lennar,LEN
LENNOX INTERNATIONAL,LII
LENNOX INTERNATIONAL CO,LII
LENNOX INTERNATIONAL COMPANY,LII
LENNOX INTERNATIONAL CORP,LII
LENNOX INTERNATIONAL CORPORATION,LII
LENNOX INTERNATIONAL INC,LII
LENNOX INTERNATIONAL INC.,LII
LENNOX INTERNATIONAL LTD,LII
LENNOX INTERNATIONAL PLC,LII
Lennox International,LII
LILLY (ELI),LLY
LILLY (ELI) CO,LLY
LILLY (ELI) COMPANY,LLY
LILLY (ELI) CORP,LLY
LILLY (ELI) CORPORATION,LLY
LILLY (ELI) INC,LLY
LILLY (ELI) INC.,LLY
LILLY (ELI) LTD,LLY
LILLY (ELI) PLC,LLY
Lilly (Eli),LLY
LINDE,LIN
LINDE CO,LIN
LINDE COMPANY,LIN
LINDE CORP,LIN
LINDE CORPORATION,LIN
LINDE INC,LIN
LINDE INC.,LIN
LINDE LTD,LIN
LINDE PLC,LIN
Linde plc,LIN
LIVE NATION ENTERTAINMENT,LYV
LIVE NATION ENTERTAINMENT CO,LYV
LIVE NATION ENTERTAINMENT COMPANY,LYV
LIVE NATION ENTERTAINMENT CORP,LYV
LIVE NATION ENTERTAINMENT CORPORATION,LYV
LIVE NATION ENTERTAINMENT INC,LYV
LIVE NATION ENTERTAINMENT INC.,LYV
LIVE NATION ENTERTAINMENT LTD,LYV
LIVE NATION ENTERTAINMENT PLC,LYV
Live Nation Entertainment,LYV
LOCKHEED MARTIN,LMT
LOCKHEED MARTIN CO,LMT
LOCKHEED MARTIN COMPANY,LMT
LOCKHEED MARTIN CORP,LMT
LOCKHEED MARTIN CORPORATION,LMT
LOCKHEED MARTIN INC,LMT
LOCKHEED MARTIN INC.,LMT
LOCKHEED MARTIN LTD,LMT
LOCKHEED MARTIN PLC,LMT
Lockheed Martin,LMT
LOEWS,L
LOEWS CO,L
LOEWS COMPANY,L
LOEWS CORP,L
LOEWS CORPORATION,L
LOEWS INC,L
LOEWS INC.,L
LOEWS LTD,L
LOEWS PLC,L
Loews Corporation,L
LOWE'S,LOW
LOWE'S CO,LOW
LOWE'S COMPANY,LOW
LOWE'S CORP,LOW
LOWE'S CORPORATION,LOW
LOWE'S INC,LOW
LOWE'S INC.,LOW
LOWE'S LTD,LOW
LOWE'S PLC,LOW
Lowe's,LOW
LULULEMON ATHLETICA,LULU
LULULEMON ATHLETICA CO,LULU
LULULEMON ATHLETICA COMPANY,LULU
LULULEMON ATHLETICA CORP,LULU
LULULEMON ATHLETICA CORPORATION,LULU
LULULEMON ATHLETICA INC,LULU
LULULEMON ATHLETICA INC.,LULU
LULULEMON ATHLETICA LTD,LULU
LULULEMON ATHLETICA PLC,LULU
Lululemon Athletica,LULU
LUMENTUM,LITE
LUMENTUM CO,LITE
LUMENTUM COMPANY,LITE
LUMENTUM CORP,LITE
LUMENTUM CORPORATION,LITE
LUMENTUM INC,LITE
LUMENTUM INC.,LITE
LUMENTUM LTD,LITE
LUMENTUM PLC,LITE
Lumentum,LITE
LYONDELLBASELL,LYB
LYONDELLBASELL CO,LYB
LYONDELLBASELL COMPANY,LYB
LYONDELLBASELL CORP,LYB
LYONDELLBASELL CORPORATION,LYB
LYONDELLBASELL INC,LYB
LYONDELLBASELL INC.,LYB
LYONDELLBASELL LTD,LYB
LYONDELLBASELL PLC,LYB
LyondellBasell,LYB
M&T BANK,MTB
M&T BANK CO,MTB
M&T BANK COMPANY,MTB
M&T BANK CORP,MTB
M&T BANK CORPORATION,MTB
M&T BANK INC,MTB
M&T BANK INC.,MTB
M&T BANK LTD,MTB
M&T BANK PLC,MTB
M&T Bank,MTB
MARATHON PETROLEUM,MPC
MARATHON PETROLEUM CO,MPC
MARATHON PETROLEUM COMPANY,MPC
MARATHON PETROLEUM CORP,MPC
MARATHON PETROLEUM CORPORATION,MPC
MARATHON PETROLEUM INC,MPC
MARATHON PETROLEUM INC.,MPC
MARATHON PETROLEUM LTD,MPC
MARATHON PETROLEUM PLC,MPC
Marathon Petroleum,MPC
MARRIOTT INTERNATIONAL,MAR
MARRIOTT INTERNATIONAL CO,MAR
MARRIOTT INTERNATIONAL COMPANY,MAR
MARRIOTT INTERNATIONAL CORP,MAR
MARRIOTT INTERNATIONAL CORPORATION,MAR
MARRIOTT INTERNATIONAL INC,MAR
MARRIOTT INTERNATIONAL INC.,MAR
MARRIOTT INTERNATIONAL LTD,MAR
MARRIOTT INTERNATIONAL PLC,MAR
Marriott International,MAR
MARSH MCLENNAN,MRSH
MARSH MCLENNAN CO,MRSH
MARSH MCLENNAN COMPANY,MRSH
MARSH MCLENNAN CORP,MRSH
MARSH MCLENNAN CORPORATION,MRSH
MARSH MCLENNAN INC,MRSH
MARSH MCLENNAN INC.,MRSH
MARSH MCLENNAN LTD,MRSH
MARSH MCLENNAN PLC,MRSH
Marsh McLennan,MRSH
MARTIN MARIETTA MATERIALS,MLM
MARTIN MARIETTA MATERIALS CO,MLM
MARTIN MARIETTA MATERIALS COMPANY,MLM
MARTIN MARIETTA MATERIALS CORP,MLM
MARTIN MARIETTA MATERIALS CORPORATION,MLM
MARTIN MARIETTA MATERIALS INC,MLM
MARTIN MARIETTA MATERIALS INC.,MLM
MARTIN MARIETTA MATERIALS LTD,MLM
MARTIN MARIETTA MATERIALS PLC,MLM
Martin Marietta Materials,MLM
MASCO,MAS
MASCO CO,MAS
MASCO COMPANY,MAS
MASCO CORP,MAS
MASCO CORPORATION,MAS
MASCO INC,MAS
MASCO INC.,MAS
MASCO LTD,MAS
MASCO PLC,MAS
Masco,MAS
MASTERCARD,MA
MASTERCARD CO,MA
MASTERCARD COMPANY,MA
MASTERCARD CORP,MA
MASTERCARD CORPORATION,MA
MASTERCARD INC,MA
MASTERCARD INC.,MA
MASTERCARD LTD,MA
MASTERCARD PLC,MA
Mastercard,MA
MCCORMICK &,MKC
MCCORMICK & CO,MKC
MCCORMICK & COMPANY,MKC
MCCORMICK & CORP,MKC
MCCORMICK & CORPORATION,MKC
MCCORMICK & INC,MKC
MCCORMICK & INC.,MKC
MCCORMICK & LTD,MKC
MCCORMICK & PLC,MKC
McCormick & Company,MKC
MCDONALD'S,MCD
MCDONALD'S CO,MCD
MCDONALD'S COMPANY,MCD
MCDONALD'S CORP,MCD
MCDONALD'S CORPORATION,MCD
MCDONALD'S INC,MCD
MCDONALD'S INC.,MCD
MCDONALD'S LTD,MCD
MCDONALD'S PLC,MCD
McDonald's,MCD
MCKESSON,MCK
MCKESSON CO,MCK
MCKESSON COMPANY,MCK
MCKESSON CORP,MCK
MCKESSON CORPORATION,MCK
MCKESSON INC,MCK
MCKESSON INC.,MCK
MCKESSON LTD,MCK
MCKESSON PLC,MCK
McKesson Corporation,MCK
MEDTRONIC,MDT
MEDTRONIC CO,MDT
MEDTRONIC COMPANY,MDT
MEDTRONIC CORP,MDT
MEDTRONIC CORPORATION,MDT
MEDTRONIC INC,MDT
MEDTRONIC INC.,MDT
MEDTRONIC LTD,MDT
MEDTRONIC PLC,MDT
Medtronic,MDT
MERCK &,MRK
MERCK & CO,MRK
MERCK & CO.,MRK
MERCK & COMPANY,MRK
MERCK & CORP,MRK
MERCK & CORPORATION,MRK
MERCK & INC,MRK
MERCK & INC.,MRK
MERCK & LTD,MRK
MERCK & PLC,MRK
Merck & Co.,MRK
META PLATFORMS,META
META PLATFORMS CO,META
META PLATFORMS COMPANY,META
META PLATFORMS CORP,META
META PLATFORMS CORPORATION,META
META PLATFORMS INC,META
META PLATFORMS INC.,META
META PLATFORMS LTD,META
META PLATFORMS PLC,META
Meta Platforms,META
METLIFE,MET
METLIFE CO,MET
METLIFE COMPANY,MET
METLIFE CORP,MET
METLIFE CORPORATION,MET
METLIFE INC,MET
METLIFE INC.,MET
METLIFE LTD,MET
METLIFE PLC,MET
MetLife,MET
METTLER TOLEDO,MTD
METTLER TOLEDO CO,MTD
METTLER TOLEDO COMPANY,MTD
METTLER TOLEDO CORP,MTD
METTLER TOLEDO CORPORATION,MTD
METTLER TOLEDO INC,MTD
METTLER TOLEDO INC.,MTD
METTLER TOLEDO LTD,MTD
METTLER TOLEDO PLC,MTD
Mettler Toledo,MTD
MGM RESORTS,MGM
MGM RESORTS CO,MGM
MGM RESORTS COMPANY,MGM
MGM RESORTS CORP,MGM
MGM RESORTS CORPORATION,MGM
MGM RESORTS INC,MGM
MGM RESORTS INC.,MGM
MGM RESORTS LTD,MGM
MGM RESORTS PLC,MGM
MGM Resorts,MGM
MICROCHIP TECHNOLOGY,MCHP
MICROCHIP TECHNOLOGY CO,MCHP
MICROCHIP TECHNOLOGY COMPANY,MCHP
MICROCHIP TECHNOLOGY CORP,MCHP
MICROCHIP TECHNOLOGY CORPORATION,MCHP
MICROCHIP TECHNOLOGY INC,MCHP
MICROCHIP TECHNOLOGY INC.,MCHP
MICROCHIP TECHNOLOGY LTD,MCHP
MICROCHIP TECHNOLOGY PLC,MCHP
Microchip Technology,MCHP
MICRON TECHNOLOGY,MU
MICRON TECHNOLOGY CO,MU
MICRON TECHNOLOGY COMPANY,MU
MICRON TECHNOLOGY CORP,MU
MICRON TECHNOLOGY CORPORATION,MU
MICRON TECHNOLOGY INC,MU
MICRON TECHNOLOGY INC.,MU
MICRON TECHNOLOGY LTD,MU
MICRON TECHNOLOGY PLC,MU
Micron Technology,MU
MICROSOFT,MSFT
MICROSOFT CO,MSFT
MICROSOFT COMPANY,MSFT
MICROSOFT CORP,MSFT
MICROSOFT CORPORATION,MSFT
MICROSOFT INC,MSFT
MICROSOFT INC.,MSFT
MICROSOFT LTD,MSFT
MICROSOFT PLC,MSFT
Microsoft,MSFT
MID-AMERICA APARTMENT COMMUNITIES,MAA
MID-AMERICA APARTMENT COMMUNITIES CO,MAA
MID-AMERICA APARTMENT COMMUNITIES COMPANY,MAA
MID-AMERICA APARTMENT COMMUNITIES CORP,MAA
MID-AMERICA APARTMENT COMMUNITIES CORPORATION,MAA
MID-AMERICA APARTMENT COMMUNITIES INC,MAA
MID-AMERICA APARTMENT COMMUNITIES INC.,MAA
MID-AMERICA APARTMENT COMMUNITIES LTD,MAA
MID-AMERICA APARTMENT COMMUNITIES PLC,MAA
Mid-America Apartment Communities,MAA
MODERNA,MRNA
MODERNA CO,MRNA
MODERNA COMPANY,MRNA
MODERNA CORP,MRNA
MODERNA CORPORATION,MRNA
MODERNA INC,MRNA
MODERNA INC.,MRNA
MODERNA LTD,MRNA
MODERNA PLC,MRNA
Moderna,MRNA
MOLSON COORS BEVERAGE,TAP
MOLSON COORS BEVERAGE CO,TAP
MOLSON COORS BEVERAGE COMPANY,TAP
MOLSON COORS BEVERAGE CORP,TAP
MOLSON COORS BEVERAGE CORPORATION,TAP
MOLSON COORS BEVERAGE INC,TAP
MOLSON COORS BEVERAGE INC.,TAP
MOLSON COORS BEVERAGE LTD,TAP
MOLSON COORS BEVERAGE PLC,TAP
Molson Coors Beverage Company,TAP
MONDELEZ INTERNATIONAL,MDLZ
MONDELEZ INTERNATIONAL CO,MDLZ
MONDELEZ INTERNATIONAL COMPANY,MDLZ
MONDELEZ INTERNATIONAL CORP,MDLZ
MONDELEZ INTERNATIONAL CORPORATION,MDLZ
MONDELEZ INTERNATIONAL INC,MDLZ
MONDELEZ INTERNATIONAL INC.,MDLZ
MONDELEZ INTERNATIONAL LTD,MDLZ
MONDELEZ INTERNATIONAL PLC,MDLZ
Mondelez International,MDLZ
MONOLITHIC POWER SYSTEMS,MPWR
MONOLITHIC POWER SYSTEMS CO,MPWR
MONOLITHIC POWER SYSTEMS COMPANY,MPWR
MONOLITHIC POWER SYSTEMS CORP,MPWR
MONOLITHIC POWER SYSTEMS CORPORATION,MPWR
MONOLITHIC POWER SYSTEMS INC,MPWR
MONOLITHIC POWER SYSTEMS INC.,MPWR
MONOLITHIC POWER SYSTEMS LTD,MPWR
MONOLITHIC POWER SYSTEMS PLC,MPWR
Monolithic Power Systems,MPWR
MONSTER BEVERAGE,MNST
MONSTER BEVERAGE CO,MNST
MONSTER BEVERAGE COMPANY,MNST
MONSTER BEVERAGE CORP,MNST
MONSTER BEVERAGE CORPORATION,MNST
MONSTER BEVERAGE INC,MNST
MONSTER BEVERAGE INC.,MNST
MONSTER BEVERAGE LTD,MNST
MONSTER BEVERAGE PLC,MNST
Monster Beverage,MNST
MOODY'S,MCO
MOODY'S CO,MCO
MOODY'S COMPANY,MCO
MOODY'S CORP,MCO
MOODY'S CORPORATION,MCO
MOODY'S INC,MCO
MOODY'S INC.,MCO
MOODY'S LTD,MCO
MOODY'S PLC,MCO
Moody's Corporation,MCO
MORGAN STANLEY,MS
MORGAN STANLEY CO,MS
MORGAN STANLEY COMPANY,MS
MORGAN STANLEY CORP,MS
MORGAN STANLEY CORPORATION,MS
MORGAN STANLEY INC,MS
MORGAN STANLEY INC.,MS
MORGAN STANLEY LTD,MS
MORGAN STANLEY PLC,MS
Morgan Stanley,MS
MOSAIC COMPANY (THE),MOS
MOSAIC COMPANY (THE) CO,MOS
MOSAIC COMPANY (THE) COMPANY,MOS
MOSAIC COMPANY (THE) CORP,MOS
MOSAIC COMPANY (THE) CORPORATION,MOS
MOSAIC COMPANY (THE) INC,MOS
MOSAIC COMPANY (THE) INC.,MOS
MOSAIC COMPANY (THE) LTD,MOS
MOSAIC COMPANY (THE) PLC,MOS
Mosaic Company (The),MOS
MOTOROLA SOLUTIONS,MSI
MOTOROLA SOLUTIONS CO,MSI
MOTOROLA SOLUTIONS COMPANY,MSI
MOTOROLA SOLUTIONS CORP,MSI
MOTOROLA SOLUTIONS CORPORATION,MSI
MOTOROLA SOLUTIONS INC,MSI
MOTOROLA SOLUTIONS INC.,MSI
MOTOROLA SOLUTIONS LTD,MSI
MOTOROLA SOLUTIONS PLC,MSI
Motorola Solutions,MSI
MSCI,MSCI
MSCI CO,MSCI
MSCI COMPANY,MSCI
MSCI CORP,MSCI
MSCI CORPORATION,MSCI
MSCI INC,MSCI
MSCI INC.,MSCI
MSCI Inc.,MSCI
MSCI LTD,MSCI
MSCI PLC,MSCI
NASDAQ,NDAQ
NASDAQ CO,NDAQ
NASDAQ COMPANY,NDAQ
NASDAQ CORP,NDAQ
NASDAQ CORPORATION,NDAQ
NASDAQ INC,NDAQ
NASDAQ INC.,NDAQ
NASDAQ LTD,NDAQ
NASDAQ PLC,NDAQ
"NASDAQ, INC.",NDAQ
"Nasdaq, Inc.",NDAQ
NETAPP,NTAP
NETAPP CO,NTAP
NETAPP COMPANY,NTAP
NETAPP CORP,NTAP
NETAPP CORPORATION,NTAP
NETAPP INC,NTAP
NETAPP INC.,NTAP
NETAPP LTD,NTAP
NETAPP PLC,NTAP
NetApp,NTAP
NETFLIX,NFLX
NETFLIX CO,NFLX
NETFLIX COMPANY,NFLX
NETFLIX CORP,NFLX
NETFLIX CORPORATION,NFLX
NETFLIX INC,NFLX
NETFLIX INC.,NFLX
NETFLIX LTD,NFLX
NETFLIX PLC,NFLX
Netflix,NFLX
NEWMONT,NEM
NEWMONT CO,NEM
NEWMONT COMPANY,NEM
NEWMONT CORP,NEM
NEWMONT CORPORATION,NEM
NEWMONT INC,NEM
NEWMONT INC.,NEM
NEWMONT LTD,NEM
NEWMONT PLC,NEM
Newmont,NEM
NEWS CORP (CLASS A),NWSA
NEWS CORP (CLASS A) CO,NWSA
NEWS CORP (CLASS A) COMPANY,NWSA
NEWS CORP (CLASS A) CORP,NWSA
NEWS CORP (CLASS A) CORPORATION,NWSA
NEWS CORP (CLASS A) INC,NWSA
NEWS CORP (CLASS A) INC.,NWSA
NEWS CORP (CLASS A) LTD,NWSA
NEWS CORP (CLASS A) PLC,NWSA
News Corp (Class A),NWSA
NEWS CORP (CLASS B),NWS
NEWS CORP (CLASS B) CO,NWS
NEWS CORP (CLASS B) COMPANY,NWS
NEWS CORP (CLASS B) CORP,NWS
NEWS CORP (CLASS B) CORPORATION,NWS
NEWS CORP (CLASS B) INC,NWS
NEWS CORP (CLASS B) INC.,NWS
NEWS CORP (CLASS B) LTD,NWS
NEWS CORP (CLASS B) PLC,NWS
News Corp (Class B),NWS
NEXTERA ENERGY,NEE
NEXTERA ENERGY CO,NEE
NEXTERA ENERGY COMPANY,NEE
NEXTERA ENERGY CORP,NEE
NEXTERA ENERGY CORPORATION,NEE
NEXTERA ENERGY INC,NEE
NEXTERA ENERGY INC.,NEE
NEXTERA ENERGY LTD,NEE
NEXTERA ENERGY PLC,NEE
NextEra Energy,NEE
NIKE,NKE
NIKE CO,NKE
NIKE COMPANY,NKE
NIKE CORP,NKE
NIKE CORPORATION,NKE
NIKE INC,NKE
NIKE INC.,NKE
NIKE LTD,NKE
NIKE PLC,NKE
"NIKE, INC.",NKE
"Nike, Inc.",NKE
NISOURCE,NI
NISOURCE CO,NI
NISOURCE COMPANY,NI
NISOURCE CORP,NI
NISOURCE CORPORATION,NI
NISOURCE INC,NI
NISOURCE INC.,NI
NISOURCE LTD,NI
NISOURCE PLC,NI
NiSource,NI
NORDSON,NDSN
NORDSON CO,NDSN
NORDSON COMPANY,NDSN
NORDSON CORP,NDSN
NORDSON CORPORATION,NDSN
NORDSON INC,NDSN
NORDSON INC.,NDSN
NORDSON LTD,NDSN
NORDSON PLC,NDSN
Nordson Corporation,NDSN
NORFOLK SOUTHERN,NSC
NORFOLK SOUTHERN CO,NSC
NORFOLK SOUTHERN COMPANY,NSC
NORFOLK SOUTHERN CORP,NSC
NORFOLK SOUTHERN CORPORATION,NSC
NORFOLK SOUTHERN INC,NSC
NORFOLK SOUTHERN INC.,NSC
NORFOLK SOUTHERN LTD,NSC
NORFOLK SOUTHERN PLC,NSC
Norfolk Southern,NSC
NORTHERN TRUST,NTRS
NORTHERN TRUST CO,NTRS
NORTHERN TRUST COMPANY,NTRS
NORTHERN TRUST CORP,NTRS
NORTHERN TRUST CORPORATION,NTRS
NORTHERN TRUST INC,NTRS
NORTHERN TRUST INC.,NTRS
NORTHERN TRUST LTD,NTRS
NORTHERN TRUST PLC,NTRS
Northern Trust,NTRS
NORTHROP GRUMMAN,NOC
NORTHROP GRUMMAN CO,NOC
NORTHROP GRUMMAN COMPANY,NOC
NORTHROP GRUMMAN CORP,NOC
NORTHROP GRUMMAN CORPORATION,NOC
NORTHROP GRUMMAN INC,NOC
NORTHROP GRUMMAN INC.,NOC
NORTHROP GRUMMAN LTD,NOC
NORTHROP GRUMMAN PLC,NOC
Northrop Grumman,NOC
NORWEGIAN CRUISE LINE HOLDINGS,NCLH
NORWEGIAN CRUISE LINE HOLDINGS CO,NCLH
NORWEGIAN CRUISE LINE HOLDINGS COMPANY,NCLH
NORWEGIAN CRUISE LINE HOLDINGS CORP,NCLH
NORWEGIAN CRUISE LINE HOLDINGS CORPORATION,NCLH
NORWEGIAN CRUISE LINE HOLDINGS INC,NCLH
NORWEGIAN CRUISE LINE HOLDINGS INC.,NCLH
NORWEGIAN CRUISE LINE HOLDINGS LTD,NCLH
NORWEGIAN CRUISE LINE HOLDINGS PLC,NCLH
Norwegian Cruise Line Holdings,NCLH
NRG ENERGY,NRG
NRG ENERGY CO,NRG
NRG ENERGY COMPANY,NRG
NRG ENERGY CORP,NRG
NRG ENERGY CORPORATION,NRG
NRG ENERGY INC,NRG
NRG ENERGY INC.,NRG
NRG ENERGY LTD,NRG
NRG ENERGY PLC,NRG
NRG Energy,NRG
NUCOR,NUE
NUCOR CO,NUE
NUCOR COMPANY,NUE
NUCOR CORP,NUE
NUCOR CORPORATION,NUE
NUCOR INC,NUE
NUCOR INC.,NUE
NUCOR LTD,NUE
NUCOR PLC,NUE
Nucor,NUE
NVIDIA,NVDA
NVIDIA CO,NVDA
NVIDIA COMPANY,NVDA
NVIDIA CORP,NVDA
NVIDIA CORPORATION,NVDA
NVIDIA INC,NVDA
NVIDIA INC.,NVDA
NVIDIA LTD,NVDA
NVIDIA PLC,NVDA
Nvidia,NVDA
NVR,NVR
NVR CO,NVR
NVR COMPANY,NVR
NVR CORP,NVR
NVR CORPORATION,NVR
NVR INC,NVR
NVR INC.,NVR
NVR LTD,NVR
NVR PLC,NVR
"NVR, INC.",NVR
"NVR, Inc.",NVR
NXP SEMICONDUCTORS,NXPI
NXP SEMICONDUCTORS CO,NXPI
NXP SEMICONDUCTORS COMPANY,NXPI
NXP SEMICONDUCTORS CORP,NXPI
NXP SEMICONDUCTORS CORPORATION,NXPI
NXP SEMICONDUCTORS INC,NXPI
NXP SEMICONDUCTORS INC.,NXPI
NXP SEMICONDUCTORS LTD,NXPI
NXP SEMICONDUCTORS PLC,NXPI
NXP Semiconductors,NXPI
O’REILLY AUTOMOTIVE,ORLY
O’REILLY AUTOMOTIVE CO,ORLY
O’REILLY AUTOMOTIVE COMPANY,ORLY
O’REILLY AUTOMOTIVE CORP,ORLY
O’REILLY AUTOMOTIVE CORPORATION,ORLY
O’REILLY AUTOMOTIVE INC,ORLY
O’REILLY AUTOMOTIVE INC.,ORLY
O’REILLY AUTOMOTIVE LTD,ORLY
O’REILLY AUTOMOTIVE PLC,ORLY
O’Reilly Automotive,ORLY
OCCIDENTAL PETROLEUM,OXY
OCCIDENTAL PETROLEUM CO,OXY
OCCIDENTAL PETROLEUM COMPANY,OXY
OCCIDENTAL PETROLEUM CORP,OXY
OCCIDENTAL PETROLEUM CORPORATION,OXY
OCCIDENTAL PETROLEUM INC,OXY
OCCIDENTAL PETROLEUM INC.,OXY
OCCIDENTAL PETROLEUM LTD,OXY
OCCIDENTAL PETROLEUM PLC,OXY
Occidental Petroleum,OXY
OLD DOMINION,ODFL
OLD DOMINION CO,ODFL
OLD DOMINION COMPANY,ODFL
OLD DOMINION CORP,ODFL
OLD DOMINION CORPORATION,ODFL
OLD DOMINION INC,ODFL
OLD DOMINION INC.,ODFL
OLD DOMINION LTD,ODFL
OLD DOMINION PLC,ODFL
Old Dominion,ODFL
OMNICOM GROUP,OMC
OMNICOM GROUP CO,OMC
OMNICOM GROUP COMPANY,OMC
OMNICOM GROUP CORP,OMC
OMNICOM GROUP CORPORATION,OMC
OMNICOM GROUP INC,OMC
OMNICOM GROUP INC.,OMC
OMNICOM GROUP LTD,OMC
OMNICOM GROUP PLC,OMC
Omnicom Group,OMC
ON SEMICONDUCTOR,ON
ON SEMICONDUCTOR CO,ON
ON SEMICONDUCTOR COMPANY,ON
ON SEMICONDUCTOR CORP,ON
ON SEMICONDUCTOR CORPORATION,ON
ON SEMICONDUCTOR INC,ON
ON SEMICONDUCTOR INC.,ON
ON SEMICONDUCTOR LTD,ON
ON SEMICONDUCTOR PLC,ON
ON Semiconductor,ON
ONEOK,OKE
ONEOK CO,OKE
ONEOK COMPANY,OKE
ONEOK CORP,OKE
ONEOK CORPORATION,OKE
ONEOK INC,OKE
ONEOK INC.,OKE
ONEOK LTD,OKE
ONEOK PLC,OKE
Oneok,OKE
ORACLE,ORCL
ORACLE CO,ORCL
ORACLE COMPANY,ORCL
ORACLE CORP,ORCL
ORACLE CORPORATION,ORCL
ORACLE INC,ORCL
ORACLE INC.,ORCL
ORACLE LTD,ORCL
ORACLE PLC,ORCL
Oracle Corporation,ORCL
OTIS WORLDWIDE,OTIS
OTIS WORLDWIDE CO,OTIS
OTIS WORLDWIDE COMPANY,OTIS
OTIS WORLDWIDE CORP,OTIS
OTIS WORLDWIDE CORPORATION,OTIS
OTIS WORLDWIDE INC,OTIS
OTIS WORLDWIDE INC.,OTIS
OTIS WORLDWIDE LTD,OTIS
OTIS WORLDWIDE PLC,OTIS
Otis Worldwide,OTIS
PACCAR,PCAR
PACCAR CO,PCAR
PACCAR COMPANY,PCAR
PACCAR CORP,PCAR
PACCAR CORPORATION,PCAR
PACCAR INC,PCAR
PACCAR INC.,PCAR
PACCAR LTD,PCAR
PACCAR PLC,PCAR
Paccar,PCAR
PACKAGING CORPORATION OF AMERICA,PKG
PACKAGING CORPORATION OF AMERICA CO,PKG
PACKAGING CORPORATION OF AMERICA COMPANY,PKG
PACKAGING CORPORATION OF AMERICA CORP,PKG
PACKAGING CORPORATION OF AMERICA CORPORATION,PKG
PACKAGING CORPORATION OF AMERICA INC,PKG
PACKAGING CORPORATION OF AMERICA INC.,PKG
PACKAGING CORPORATION OF AMERICA LTD,PKG
PACKAGING CORPORATION OF AMERICA PLC,PKG
Packaging Corporation of America,PKG
PALANTIR TECHNOLOGIES,PLTR
PALANTIR TECHNOLOGIES CO,PLTR
PALANTIR TECHNOLOGIES COMPANY,PLTR
PALANTIR TECHNOLOGIES CORP,PLTR
PALANTIR TECHNOLOGIES CORPORATION,PLTR
PALANTIR TECHNOLOGIES INC,PLTR
PALANTIR TECHNOLOGIES INC.,PLTR
PALANTIR TECHNOLOGIES LTD,PLTR
PALANTIR TECHNOLOGIES PLC,PLTR
Palantir Technologies,PLTR
PALO ALTO NETWORKS,PANW
PALO ALTO NETWORKS CO,PANW
PALO ALTO NETWORKS COMPANY,PANW
PALO ALTO NETWORKS CORP,PANW
PALO ALTO NETWORKS CORPORATION,PANW
PALO ALTO NETWORKS INC,PANW
PALO ALTO NETWORKS INC.,PANW
PALO ALTO NETWORKS LTD,PANW
PALO ALTO NETWORKS PLC,PANW
Palo Alto Networks,PANW
PARAMOUNT SKYDANCE,PSKY
PARAMOUNT SKYDANCE CO,PSKY
PARAMOUNT SKYDANCE COMPANY,PSKY
PARAMOUNT SKYDANCE CORP,PSKY
PARAMOUNT SKYDANCE CORPORATION,PSKY
PARAMOUNT SKYDANCE INC,PSKY
PARAMOUNT SKYDANCE INC.,PSKY
PARAMOUNT SKYDANCE LTD,PSKY
PARAMOUNT SKYDANCE PLC,PSKY
Paramount Skydance Corporation,PSKY
PARKER HANNIFIN,PH
PARKER HANNIFIN CO,PH
PARKER HANNIFIN COMPANY,PH
PARKER HANNIFIN CORP,PH
PARKER HANNIFIN CORPORATION,PH
PARKER HANNIFIN INC,PH
PARKER HANNIFIN INC.,PH
PARKER HANNIFIN LTD,PH
PARKER HANNIFIN PLC,PH
Parker Hannifin,PH
PAYCHEX,PAYX
PAYCHEX CO,PAYX
PAYCHEX COMPANY,PAYX
PAYCHEX CORP,PAYX
PAYCHEX CORPORATION,PAYX
PAYCHEX INC,PAYX
PAYCHEX INC.,PAYX
PAYCHEX LTD,PAYX
PAYCHEX PLC,PAYX
Paychex,PAYX
PAYPAL,PYPL
PAYPAL CO,PYPL
PAYPAL COMPANY,PYPL
PAYPAL CORP,PYPL
PAYPAL CORPORATION,PYPL
PAYPAL INC,PYPL
PAYPAL INC.,PYPL
PAYPAL LTD,PYPL
PAYPAL PLC,PYPL
PayPal,PYPL
PENTAIR,PNR
PENTAIR CO,PNR
PENTAIR COMPANY,PNR
PENTAIR CORP,PNR
PENTAIR CORPORATION,PNR
PENTAIR INC,PNR
PENTAIR INC.,PNR
PENTAIR LTD,PNR
PENTAIR PLC,PNR
Pentair,PNR
PEPSICO,PEP
PEPSICO CO,PEP
PEPSICO COMPANY,PEP
PEPSICO CORP,PEP
PEPSICO CORPORATION,PEP
PEPSICO INC,PEP
PEPSICO INC.,PEP
PEPSICO LTD,PEP
PEPSICO PLC,PEP
PepsiCo,PEP
PFIZER,PFE
PFIZER CO,PFE
PFIZER COMPANY,PFE
PFIZER CORP,PFE
PFIZER CORPORATION,PFE
PFIZER INC,PFE
PFIZER INC.,PFE
PFIZER LTD,PFE
PFIZER PLC,PFE
Pfizer,PFE
PG&E,PCG
PG&E CO,PCG
PG&E COMPANY,PCG
PG&E CORP,PCG
PG&E CORPORATION,PCG
PG&E Corporation,PCG
PG&E INC,PCG
PG&E INC.,PCG
PG&E LTD,PCG
PG&E PLC,PCG
PHILIP MORRIS INTERNATIONAL,PM
PHILIP MORRIS INTERNATIONAL CO,PM
PHILIP MORRIS INTERNATIONAL COMPANY,PM
PHILIP MORRIS INTERNATIONAL CORP,PM
PHILIP MORRIS INTERNATIONAL CORPORATION,PM
PHILIP MORRIS INTERNATIONAL INC,PM
PHILIP MORRIS INTERNATIONAL INC.,PM
PHILIP MORRIS INTERNATIONAL LTD,PM
PHILIP MORRIS INTERNATIONAL PLC,PM
Philip Morris International,PM
PHILLIPS 66,PSX
PHILLIPS 66 CO,PSX
PHILLIPS 66 COMPANY,PSX
PHILLIPS 66 CORP,PSX
PHILLIPS 66 CORPORATION,PSX
PHILLIPS 66 INC,PSX
PHILLIPS 66 INC.,PSX
PHILLIPS 66 LTD,PSX
PHILLIPS 66 PLC,PSX
Phillips 66,PSX
PINNACLE WEST CAPITAL,PNW
PINNACLE WEST CAPITAL CO,PNW
PINNACLE WEST CAPITAL COMPANY,PNW
PINNACLE WEST CAPITAL CORP,PNW
PINNACLE WEST CAPITAL CORPORATION,PNW
PINNACLE WEST CAPITAL INC,PNW
PINNACLE WEST CAPITAL INC.,PNW
PINNACLE WEST CAPITAL LTD,PNW
PINNACLE WEST CAPITAL PLC,PNW
Pinnacle West Capital,PNW
PNC FINANCIAL SERVICES,PNC
PNC FINANCIAL SERVICES CO,PNC
PNC FINANCIAL SERVICES COMPANY,PNC
PNC FINANCIAL SERVICES CORP,PNC
PNC FINANCIAL SERVICES CORPORATION,PNC
PNC FINANCIAL SERVICES INC,PNC
PNC FINANCIAL SERVICES INC.,PNC
PNC FINANCIAL SERVICES LTD,PNC
PNC FINANCIAL SERVICES PLC,PNC
PNC Financial Services,PNC
POOL,POOL
POOL CO,POOL
POOL COMPANY,POOL
POOL CORP,POOL
POOL CORPORATION,POOL
POOL INC,POOL
POOL INC.,POOL
POOL LTD,POOL
POOL PLC,POOL
Pool Corporation,POOL
PPG INDUSTRIES,PPG
PPG INDUSTRIES CO,PPG
PPG INDUSTRIES COMPANY,PPG
PPG INDUSTRIES CORP,PPG
PPG INDUSTRIES CORPORATION,PPG
PPG INDUSTRIES INC,PPG
PPG INDUSTRIES INC.,PPG
PPG INDUSTRIES LTD,PPG
PPG INDUSTRIES PLC,PPG
PPG Industries,PPG
PPL,PPL
PPL CO,PPL
PPL COMPANY,PPL
PPL CORP,PPL
PPL CORPORATION,PPL
PPL Corporation,PPL
PPL INC,PPL
PPL INC.,PPL
PPL LTD,PPL
PPL PLC,PPL
PRINCIPAL FINANCIAL GROUP,PFG
PRINCIPAL FINANCIAL GROUP CO,PFG
PRINCIPAL FINANCIAL GROUP COMPANY,PFG
PRINCIPAL FINANCIAL GROUP CORP,PFG
PRINCIPAL FINANCIAL GROUP CORPORATION,PFG
PRINCIPAL FINANCIAL GROUP INC,PFG
PRINCIPAL FINANCIAL GROUP INC.,PFG
PRINCIPAL FINANCIAL GROUP LTD,PFG
PRINCIPAL FINANCIAL GROUP PLC,PFG
Principal Financial Group,PFG
PROCTER & GAMBLE,PG
PROCTER & GAMBLE CO,PG
PROCTER & GAMBLE COMPANY,PG
PROCTER & GAMBLE CORP,PG
PROCTER & GAMBLE CORPORATION,PG
PROCTER & GAMBLE INC,PG
PROCTER & GAMBLE INC.,PG
PROCTER & GAMBLE LTD,PG
PROCTER & GAMBLE PLC,PG
Procter & Gamble,PG
PROGRESSIVE,PGR
PROGRESSIVE CO,PGR
PROGRESSIVE COMPANY,PGR
PROGRESSIVE CORP,PGR
PROGRESSIVE CORPORATION,PGR
PROGRESSIVE INC,PGR
PROGRESSIVE INC.,PGR
PROGRESSIVE LTD,PGR
PROGRESSIVE PLC,PGR
Progressive Corporation,PGR
PROLOGIS,PLD
PROLOGIS CO,PLD
PROLOGIS COMPANY,PLD
PROLOGIS CORP,PLD
PROLOGIS CORPORATION,PLD
PROLOGIS INC,PLD
PROLOGIS INC.,PLD
PROLOGIS LTD,PLD
PROLOGIS PLC,PLD
Prologis,PLD
PRUDENTIAL FINANCIAL,PRU
PRUDENTIAL FINANCIAL CO,PRU
PRUDENTIAL FINANCIAL COMPANY,PRU
PRUDENTIAL FINANCIAL CORP,PRU
PRUDENTIAL FINANCIAL CORPORATION,PRU
PRUDENTIAL FINANCIAL INC,PRU
PRUDENTIAL FINANCIAL INC.,PRU
PRUDENTIAL FINANCIAL LTD,PRU
PRUDENTIAL FINANCIAL PLC,PRU
Prudential Financial,PRU
PUBLIC SERVICE ENTERPRISE GROUP,PEG
PUBLIC SERVICE ENTERPRISE GROUP CO,PEG
PUBLIC SERVICE ENTERPRISE GROUP COMPANY,PEG
PUBLIC SERVICE ENTERPRISE GROUP CORP,PEG
PUBLIC SERVICE ENTERPRISE GROUP CORPORATION,PEG
PUBLIC SERVICE ENTERPRISE GROUP INC,PEG
PUBLIC SERVICE ENTERPRISE GROUP INC.,PEG
PUBLIC SERVICE ENTERPRISE GROUP LTD,PEG
PUBLIC SERVICE ENTERPRISE GROUP PLC,PEG
Public Service Enterprise Group,PEG
PTC,PTC
PTC CO,PTC
PTC COMPANY,PTC
PTC CORP,PTC
PTC CORPORATION,PTC
PTC INC,PTC
PTC INC.,PTC
PTC Inc.,PTC
PTC LTD,PTC
PTC PLC,PTC
PUBLIC STORAGE,PSA
PUBLIC STORAGE CO,PSA
PUBLIC STORAGE COMPANY,PSA
PUBLIC STORAGE CORP,PSA
PUBLIC STORAGE CORPORATION,PSA
PUBLIC STORAGE INC,PSA
PUBLIC STORAGE INC.,PSA
PUBLIC STORAGE LTD,PSA
PUBLIC STORAGE PLC,PSA
Public Storage,PSA
PULTEGROUP,PHM
PULTEGROUP CO,PHM
PULTEGROUP COMPANY,PHM
PULTEGROUP CORP,PHM
PULTEGROUP CORPORATION,PHM
PULTEGROUP INC,PHM
PULTEGROUP INC.,PHM
PULTEGROUP LTD,PHM
PULTEGROUP PLC,PHM
PulteGroup,PHM
QUANTA SERVICES,PWR
QUANTA SERVICES CO,PWR
QUANTA SERVICES COMPANY,PWR
QUANTA SERVICES CORP,PWR
QUANTA SERVICES CORPORATION,PWR
QUANTA SERVICES INC,PWR
QUANTA SERVICES INC.,PWR
QUANTA SERVICES LTD,PWR
QUANTA SERVICES PLC,PWR
Quanta Services,PWR
QUALCOMM,QCOM
QUALCOMM CO,QCOM
QUALCOMM COMPANY,QCOM
QUALCOMM CORP,QCOM
QUALCOMM CORPORATION,QCOM
QUALCOMM INC,QCOM
QUALCOMM INC.,QCOM
QUALCOMM LTD,QCOM
QUALCOMM PLC,QCOM
Qualcomm,QCOM
QUEST DIAGNOSTICS,DGX
QUEST DIAGNOSTICS CO,DGX
QUEST DIAGNOSTICS COMPANY,DGX
QUEST DIAGNOSTICS CORP,DGX
QUEST DIAGNOSTICS CORPORATION,DGX
QUEST DIAGNOSTICS INC,DGX
QUEST DIAGNOSTICS INC.,DGX
QUEST DIAGNOSTICS LTD,DGX
QUEST DIAGNOSTICS PLC,DGX
Quest Diagnostics,DGX
QNITY ELECTRONICS,Q
QNITY ELECTRONICS CO,Q
QNITY ELECTRONICS COMPANY,Q
QNITY ELECTRONICS CORP,Q
QNITY ELECTRONICS CORPORATION,Q
QNITY ELECTRONICS INC,Q
QNITY ELECTRONICS INC.,Q
QNITY ELECTRONICS LTD,Q
QNITY ELECTRONICS PLC,Q
Qnity Electronics,Q
RALPH LAUREN,RL
RALPH LAUREN CO,RL
RALPH LAUREN COMPANY,RL
RALPH LAUREN CORP,RL
RALPH LAUREN CORPORATION,RL
RALPH LAUREN INC,RL
RALPH LAUREN INC.,RL
RALPH LAUREN LTD,RL
RALPH LAUREN PLC,RL
Ralph Lauren Corporation,RL
RAYMOND JAMES FINANCIAL,RJF
RAYMOND JAMES FINANCIAL CO,RJF
RAYMOND JAMES FINANCIAL COMPANY,RJF
RAYMOND JAMES FINANCIAL CORP,RJF
RAYMOND JAMES FINANCIAL CORPORATION,RJF
RAYMOND JAMES FINANCIAL INC,RJF
RAYMOND JAMES FINANCIAL INC.,RJF
RAYMOND JAMES FINANCIAL LTD,RJF
RAYMOND JAMES FINANCIAL PLC,RJF
Raymond James Financial,RJF
RTX,RTX
RTX CO,RTX
RTX COMPANY,RTX
RTX CORP,RTX
RTX CORPORATION,RTX
RTX Corporation,RTX
RTX INC,RTX
RTX INC.,RTX
RTX LTD,RTX
RTX PLC,RTX
REALTY INCOME,O
REALTY INCOME CO,O
REALTY INCOME COMPANY,O
REALTY INCOME CORP,O
REALTY INCOME CORPORATION,O
REALTY INCOME INC,O
REALTY INCOME INC.,O
REALTY INCOME LTD,O
REALTY INCOME PLC,O
Realty Income,O
REGENCY CENTERS,REG
REGENCY CENTERS CO,REG
REGENCY CENTERS COMPANY,REG
REGENCY CENTERS CORP,REG
REGENCY CENTERS CORPORATION,REG
REGENCY CENTERS INC,REG
REGENCY CENTERS INC.,REG
REGENCY CENTERS LTD,REG
REGENCY CENTERS PLC,REG
Regency Centers,REG
REGENERON PHARMACEUTICALS,REGN
REGENERON PHARMACEUTICALS CO,REGN
REGENERON PHARMACEUTICALS COMPANY,REGN
REGENERON PHARMACEUTICALS CORP,REGN
REGENERON PHARMACEUTICALS CORPORATION,REGN
REGENERON PHARMACEUTICALS INC,REGN
REGENERON PHARMACEUTICALS INC.,REGN
REGENERON PHARMACEUTICALS LTD,REGN
REGENERON PHARMACEUTICALS PLC,REGN
Regeneron Pharmaceuticals,REGN
REGIONS FINANCIAL,RF
REGIONS FINANCIAL CO,RF
REGIONS FINANCIAL COMPANY,RF
REGIONS FINANCIAL CORP,RF
REGIONS FINANCIAL CORPORATION,RF
REGIONS FINANCIAL INC,RF
REGIONS FINANCIAL INC.,RF
REGIONS FINANCIAL LTD,RF
REGIONS FINANCIAL PLC,RF
Regions Financial Corporation,RF
REPUBLIC SERVICES,RSG
REPUBLIC SERVICES CO,RSG
REPUBLIC SERVICES COMPANY,RSG
REPUBLIC SERVICES CORP,RSG
REPUBLIC SERVICES CORPORATION,RSG
REPUBLIC SERVICES INC,RSG
REPUBLIC SERVICES INC.,RSG
REPUBLIC SERVICES LTD,RSG
REPUBLIC SERVICES PLC,RSG
Republic Services,RSG
RESMED,RMD
RESMED CO,RMD
RESMED COMPANY,RMD
RESMED CORP,RMD
RESMED CORPORATION,RMD
RESMED INC,RMD
RESMED INC.,RMD
RESMED LTD,RMD
RESMED PLC,RMD
ResMed,RMD
REVVITY,RVTY
REVVITY CO,RVTY
REVVITY COMPANY,RVTY
REVVITY CORP,RVTY
REVVITY CORPORATION,RVTY
REVVITY INC,RVTY
REVVITY INC.,RVTY
REVVITY LTD,RVTY
REVVITY PLC,RVTY
Revvity,RVTY
ROBINHOOD MARKETS,HOOD
ROBINHOOD MARKETS CO,HOOD
ROBINHOOD MARKETS COMPANY,HOOD
ROBINHOOD MARKETS CORP,HOOD
ROBINHOOD MARKETS CORPORATION,HOOD
ROBINHOOD MARKETS INC,HOOD
ROBINHOOD MARKETS INC.,HOOD
ROBINHOOD MARKETS LTD,HOOD
ROBINHOOD MARKETS PLC,HOOD
Robinhood Markets,HOOD
ROCKWELL AUTOMATION,ROK
ROCKWELL AUTOMATION CO,ROK
ROCKWELL AUTOMATION COMPANY,ROK
ROCKWELL AUTOMATION CORP,ROK
ROCKWELL AUTOMATION CORPORATION,ROK
ROCKWELL AUTOMATION INC,ROK
ROCKWELL AUTOMATION INC.,ROK
ROCKWELL AUTOMATION LTD,ROK
ROCKWELL AUTOMATION PLC,ROK
Rockwell Automation,ROK
ROLLINS,ROL
ROLLINS CO,ROL
ROLLINS COMPANY,ROL
ROLLINS CORP,ROL
ROLLINS CORPORATION,ROL
ROLLINS INC,ROL
ROLLINS INC.,ROL
ROLLINS LTD,ROL
ROLLINS PLC,ROL
"ROLLINS, INC.",ROL
"Rollins, Inc.",ROL
ROPER TECHNOLOGIES,ROP
ROPER TECHNOLOGIES CO,ROP
ROPER TECHNOLOGIES COMPANY,ROP
ROPER TECHNOLOGIES CORP,ROP
ROPER TECHNOLOGIES CORPORATION,ROP
ROPER TECHNOLOGIES INC,ROP
ROPER TECHNOLOGIES INC.,ROP
ROPER TECHNOLOGIES LTD,ROP
ROPER TECHNOLOGIES PLC,ROP
Roper Technologies,ROP
ROSS STORES,ROST
ROSS STORES CO,ROST
ROSS STORES COMPANY,ROST
ROSS STORES CORP,ROST
ROSS STORES CORPORATION,ROST
ROSS STORES INC,ROST
ROSS STORES INC.,ROST
ROSS STORES LTD,ROST
ROSS STORES PLC,ROST
Ross Stores,ROST
ROYAL CARIBBEAN GROUP,RCL
ROYAL CARIBBEAN GROUP CO,RCL
ROYAL CARIBBEAN GROUP COMPANY,RCL
ROYAL CARIBBEAN GROUP CORP,RCL
ROYAL CARIBBEAN GROUP CORPORATION,RCL
ROYAL CARIBBEAN GROUP INC,RCL
ROYAL CARIBBEAN GROUP INC.,RCL
ROYAL CARIBBEAN GROUP LTD,RCL
ROYAL CARIBBEAN GROUP PLC,RCL
Royal Caribbean Group,RCL
S&P GLOBAL,SPGI
S&P GLOBAL CO,SPGI
S&P GLOBAL COMPANY,SPGI
S&P GLOBAL CORP,SPGI
S&P GLOBAL CORPORATION,SPGI
S&P GLOBAL INC,SPGI
S&P GLOBAL INC.,SPGI
S&P GLOBAL LTD,SPGI
S&P GLOBAL PLC,SPGI
S&P Global,SPGI
SALESFORCE,CRM
SALESFORCE CO,CRM
SALESFORCE COMPANY,CRM
SALESFORCE CORP,CRM
SALESFORCE CORPORATION,CRM
SALESFORCE INC,CRM
SALESFORCE INC.,CRM
SALESFORCE LTD,CRM
SALESFORCE PLC,CRM
Salesforce,CRM
SANDISK,SNDK
SANDISK CO,SNDK
SANDISK COMPANY,SNDK
SANDISK CORP,SNDK
SANDISK CORPORATION,SNDK
SANDISK INC,SNDK
SANDISK INC.,SNDK
SANDISK LTD,SNDK
SANDISK PLC,SNDK
Sandisk,SNDK
SBA COMMUNICATIONS,SBAC
SBA COMMUNICATIONS CO,SBAC
SBA COMMUNICATIONS COMPANY,SBAC
SBA COMMUNICATIONS CORP,SBAC
SBA COMMUNICATIONS CORPORATION,SBAC
SBA COMMUNICATIONS INC,SBAC
SBA COMMUNICATIONS INC.,SBAC
SBA COMMUNICATIONS LTD,SBAC
SBA COMMUNICATIONS PLC,SBAC
SBA Communications,SBAC
SCHLUMBERGER,SLB
SCHLUMBERGER CO,SLB
SCHLUMBERGER COMPANY,SLB
SCHLUMBERGER CORP,SLB
SCHLUMBERGER CORPORATION,SLB
SCHLUMBERGER INC,SLB
SCHLUMBERGER INC.,SLB
SCHLUMBERGER LTD,SLB
SCHLUMBERGER PLC,SLB
Schlumberger,SLB
SEAGATE TECHNOLOGY,STX
SEAGATE TECHNOLOGY CO,STX
SEAGATE TECHNOLOGY COMPANY,STX
SEAGATE TECHNOLOGY CORP,STX
SEAGATE TECHNOLOGY CORPORATION,STX
SEAGATE TECHNOLOGY INC,STX
SEAGATE TECHNOLOGY INC.,STX
SEAGATE TECHNOLOGY LTD,STX
SEAGATE TECHNOLOGY PLC,STX
Seagate Technology,STX
SEMPRA,SRE
SEMPRA CO,SRE
SEMPRA COMPANY,SRE
SEMPRA CORP,SRE
SEMPRA CORPORATION,SRE
SEMPRA INC,SRE
SEMPRA INC.,SRE
SEMPRA LTD,SRE
SEMPRA PLC,SRE
Sempra,SRE
SERVICENOW,NOW
SERVICENOW CO,NOW
SERVICENOW COMPANY,NOW
SERVICENOW CORP,NOW
SERVICENOW CORPORATION,NOW
SERVICENOW INC,NOW
SERVICENOW INC.,NOW
SERVICENOW LTD,NOW
SERVICENOW PLC,NOW
ServiceNow,NOW
SHERWIN-WILLIAMS,SHW
SHERWIN-WILLIAMS CO,SHW
SHERWIN-WILLIAMS COMPANY,SHW
SHERWIN-WILLIAMS CORP,SHW
SHERWIN-WILLIAMS CORPORATION,SHW
SHERWIN-WILLIAMS INC,SHW
SHERWIN-WILLIAMS INC.,SHW
SHERWIN-WILLIAMS LTD,SHW
SHERWIN-WILLIAMS PLC,SHW
Sherwin-Williams,SHW
SIMON PROPERTY GROUP,SPG
SIMON PROPERTY GROUP CO,SPG
SIMON PROPERTY GROUP COMPANY,SPG
SIMON PROPERTY GROUP CORP,SPG
SIMON PROPERTY GROUP CORPORATION,SPG
SIMON PROPERTY GROUP INC,SPG
SIMON PROPERTY GROUP INC.,SPG
SIMON PROPERTY GROUP LTD,SPG
SIMON PROPERTY GROUP PLC,SPG
Simon Property Group,SPG
SKYWORKS SOLUTIONS,SWKS
SKYWORKS SOLUTIONS CO,SWKS
SKYWORKS SOLUTIONS COMPANY,SWKS
SKYWORKS SOLUTIONS CORP,SWKS
SKYWORKS SOLUTIONS CORPORATION,SWKS
SKYWORKS SOLUTIONS INC,SWKS
SKYWORKS SOLUTIONS INC.,SWKS
SKYWORKS SOLUTIONS LTD,SWKS
SKYWORKS SOLUTIONS PLC,SWKS
Skyworks Solutions,SWKS
J.M. SMUCKER COMPANY (THE),SJM
J.M. Smucker Company (The),SJM
JM SMUCKER COMPANY (THE),SJM
JM SMUCKER COMPANY (THE) CO,SJM
JM SMUCKER COMPANY (THE) COMPANY,SJM
JM SMUCKER COMPANY (THE) CORP,SJM
JM SMUCKER COMPANY (THE) CORPORATION,SJM
JM SMUCKER COMPANY (THE) INC,SJM
JM SMUCKER COMPANY (THE) INC.,SJM
JM SMUCKER COMPANY (THE) LTD,SJM
JM SMUCKER COMPANY (THE) PLC,SJM
SMURFIT WESTROCK,SW
SMURFIT WESTROCK CO,SW
SMURFIT WESTROCK COMPANY,SW
SMURFIT WESTROCK CORP,SW
SMURFIT WESTROCK CORPORATION,SW
SMURFIT WESTROCK INC,SW
SMURFIT WESTROCK INC.,SW
SMURFIT WESTROCK LTD,SW
SMURFIT WESTROCK PLC,SW
Smurfit Westrock,SW
SNAP-ON,SNA
SNAP-ON CO,SNA
SNAP-ON COMPANY,SNA
SNAP-ON CORP,SNA
SNAP-ON CORPORATION,SNA
SNAP-ON INC,SNA
SNAP-ON INC.,SNA
SNAP-ON LTD,SNA
SNAP-ON PLC,SNA
Snap-on,SNA
SOLVENTUM,SOLV
SOLVENTUM CO,SOLV
SOLVENTUM COMPANY,SOLV
SOLVENTUM CORP,SOLV
SOLVENTUM CORPORATION,SOLV
SOLVENTUM INC,SOLV
SOLVENTUM INC.,SOLV
SOLVENTUM LTD,SOLV
SOLVENTUM PLC,SOLV
Solventum,SOLV
SOUTHERN,SO
SOUTHERN CO,SO
SOUTHERN COMPANY,SO
SOUTHERN CORP,SO
SOUTHERN CORPORATION,SO
SOUTHERN INC,SO
SOUTHERN INC.,SO
SOUTHERN LTD,SO
SOUTHERN PLC,SO
Southern Company,SO
SOUTHWEST AIRLINES,LUV
SOUTHWEST AIRLINES CO,LUV
SOUTHWEST AIRLINES COMPANY,LUV
SOUTHWEST AIRLINES CORP,LUV
SOUTHWEST AIRLINES CORPORATION,LUV
SOUTHWEST AIRLINES INC,LUV
SOUTHWEST AIRLINES INC.,LUV
SOUTHWEST AIRLINES LTD,LUV
SOUTHWEST AIRLINES PLC,LUV
Southwest Airlines,LUV
STANLEY BLACK & DECKER,SWK
STANLEY BLACK & DECKER CO,SWK
STANLEY BLACK & DECKER COMPANY,SWK
STANLEY BLACK & DECKER CORP,SWK
STANLEY BLACK & DECKER CORPORATION,SWK
STANLEY BLACK & DECKER INC,SWK
STANLEY BLACK & DECKER INC.,SWK
STANLEY BLACK & DECKER LTD,SWK
STANLEY BLACK & DECKER PLC,SWK
Stanley Black & Decker,SWK
STARBUCKS,SBUX
STARBUCKS CO,SBUX
STARBUCKS COMPANY,SBUX
STARBUCKS CORP,SBUX
STARBUCKS CORPORATION,SBUX
STARBUCKS INC,SBUX
STARBUCKS INC.,SBUX
STARBUCKS LTD,SBUX
STARBUCKS PLC,SBUX
Starbucks,SBUX
STATE STREET,STT
STATE STREET CO,STT
STATE STREET COMPANY,STT
STATE STREET CORP,STT
STATE STREET CORPORATION,STT
STATE STREET INC,STT
STATE STREET INC.,STT
STATE STREET LTD,STT
STATE STREET PLC,STT
State Street Corporation,STT
STEEL DYNAMICS,STLD
STEEL DYNAMICS CO,STLD
STEEL DYNAMICS COMPANY,STLD
STEEL DYNAMICS CORP,STLD
STEEL DYNAMICS CORPORATION,STLD
STEEL DYNAMICS INC,STLD
STEEL DYNAMICS INC.,STLD
STEEL DYNAMICS LTD,STLD
STEEL DYNAMICS PLC,STLD
Steel Dynamics,STLD
STERIS,STE
STERIS CO,STE
STERIS COMPANY,STE
STERIS CORP,STE
STERIS CORPORATION,STE
STERIS INC,STE
STERIS INC.,STE
STERIS LTD,STE
STERIS PLC,STE
Steris,STE
STRYKER,SYK
STRYKER CO,SYK
STRYKER COMPANY,SYK
STRYKER CORP,SYK
STRYKER CORPORATION,SYK
STRYKER INC,SYK
STRYKER INC.,SYK
STRYKER LTD,SYK
STRYKER PLC,SYK
Stryker Corporation,SYK
SUPERMICRO,SMCI
SUPERMICRO CO,SMCI
SUPERMICRO COMPANY,SMCI
SUPERMICRO CORP,SMCI
SUPERMICRO CORPORATION,SMCI
SUPERMICRO INC,SMCI
SUPERMICRO INC.,SMCI
SUPERMICRO LTD,SMCI
SUPERMICRO PLC,SMCI
Supermicro,SMCI
SYNCHRONY FINANCIAL,SYF
SYNCHRONY FINANCIAL CO,SYF
SYNCHRONY FINANCIAL COMPANY,SYF
SYNCHRONY FINANCIAL CORP,SYF
SYNCHRONY FINANCIAL CORPORATION,SYF
SYNCHRONY FINANCIAL INC,SYF
SYNCHRONY FINANCIAL INC.,SYF
SYNCHRONY FINANCIAL LTD,SYF
SYNCHRONY FINANCIAL PLC,SYF
Synchrony Financial,SYF
SYNOPSYS,SNPS
SYNOPSYS CO,SNPS
SYNOPSYS COMPANY,SNPS
SYNOPSYS CORP,SNPS
SYNOPSYS CORPORATION,SNPS
SYNOPSYS INC,SNPS
SYNOPSYS INC.,SNPS
SYNOPSYS LTD,SNPS
SYNOPSYS PLC,SNPS
Synopsys,SNPS
SYSCO,SYY
SYSCO CO,SYY
SYSCO COMPANY,SYY
SYSCO CORP,SYY
SYSCO CORPORATION,SYY
SYSCO INC,SYY
SYSCO INC.,SYY
SYSCO LTD,SYY
SYSCO PLC,SYY
Sysco,SYY
T-MOBILE US,TMUS
T-MOBILE US CO,TMUS
T-MOBILE US COMPANY,TMUS
T-MOBILE US CORP,TMUS
T-MOBILE US CORPORATION,TMUS
T-MOBILE US INC,TMUS
T-MOBILE US INC.,TMUS
T-MOBILE US LTD,TMUS
T-MOBILE US PLC,TMUS
T-Mobile US,TMUS
T ROWE PRICE,TROW
T ROWE PRICE CO,TROW
T ROWE PRICE COMPANY,TROW
T ROWE PRICE CORP,TROW
T ROWE PRICE CORPORATION,TROW
T ROWE PRICE INC,TROW
T ROWE PRICE INC.,TROW
T ROWE PRICE LTD,TROW
T ROWE PRICE PLC,TROW
T. ROWE PRICE,TROW
T. Rowe Price,TROW
TAKE-TWO INTERACTIVE,TTWO
TAKE-TWO INTERACTIVE CO,TTWO
TAKE-TWO INTERACTIVE COMPANY,TTWO
TAKE-TWO INTERACTIVE CORP,TTWO
TAKE-TWO INTERACTIVE CORPORATION,TTWO
TAKE-TWO INTERACTIVE INC,TTWO
TAKE-TWO INTERACTIVE INC.,TTWO
TAKE-TWO INTERACTIVE LTD,TTWO
TAKE-TWO INTERACTIVE PLC,TTWO
Take-Two Interactive,TTWO
TAPESTRY,TPR
TAPESTRY CO,TPR
TAPESTRY COMPANY,TPR
TAPESTRY CORP,TPR
TAPESTRY CORPORATION,TPR
TAPESTRY INC,TPR
TAPESTRY INC.,TPR
TAPESTRY LTD,TPR
TAPESTRY PLC,TPR
"TAPESTRY, INC.",TPR
"Tapestry, Inc.",TPR
TARGA RESOURCES,TRGP
TARGA RESOURCES CO,TRGP
TARGA RESOURCES COMPANY,TRGP
TARGA RESOURCES CORP,TRGP
TARGA RESOURCES CORPORATION,TRGP
TARGA RESOURCES INC,TRGP
TARGA RESOURCES INC.,TRGP
TARGA RESOURCES LTD,TRGP
TARGA RESOURCES PLC,TRGP
Targa Resources,TRGP
TARGET,TGT
TARGET CO,TGT
TARGET COMPANY,TGT
TARGET CORP,TGT
TARGET CORPORATION,TGT
TARGET INC,TGT
TARGET INC.,TGT
TARGET LTD,TGT
TARGET PLC,TGT
Target Corporation,TGT
TE CONNECTIVITY,TEL
TE CONNECTIVITY CO,TEL
TE CONNECTIVITY COMPANY,TEL
TE CONNECTIVITY CORP,TEL
TE CONNECTIVITY CORPORATION,TEL
TE CONNECTIVITY INC,TEL
TE CONNECTIVITY INC.,TEL
TE CONNECTIVITY LTD,TEL
TE CONNECTIVITY PLC,TEL
TE Connectivity,TEL
TELEDYNE TECHNOLOGIES,TDY
TELEDYNE TECHNOLOGIES CO,TDY
TELEDYNE TECHNOLOGIES COMPANY,TDY
TELEDYNE TECHNOLOGIES CORP,TDY
TELEDYNE TECHNOLOGIES CORPORATION,TDY
TELEDYNE TECHNOLOGIES INC,TDY
TELEDYNE TECHNOLOGIES INC.,TDY
TELEDYNE TECHNOLOGIES LTD,TDY
TELEDYNE TECHNOLOGIES PLC,TDY
Teledyne Technologies,TDY
TERADYNE,TER
TERADYNE CO,TER
TERADYNE COMPANY,TER
TERADYNE CORP,TER
TERADYNE CORPORATION,TER
TERADYNE INC,TER
TERADYNE INC.,TER
TERADYNE LTD,TER
TERADYNE PLC,TER
Teradyne,TER
TESLA,TSLA
TESLA CO,TSLA
TESLA COMPANY,TSLA
TESLA CORP,TSLA
TESLA CORPORATION,TSLA
TESLA INC,TSLA
TESLA INC.,TSLA
TESLA LTD,TSLA
TESLA PLC,TSLA
"TESLA, INC.",TSLA
"Tesla, Inc.",TSLA
TEXAS INSTRUMENTS,TXN
TEXAS INSTRUMENTS CO,TXN
TEXAS INSTRUMENTS COMPANY,TXN
TEXAS INSTRUMENTS CORP,TXN
TEXAS INSTRUMENTS CORPORATION,TXN
TEXAS INSTRUMENTS INC,TXN
TEXAS INSTRUMENTS INC.,TXN
TEXAS INSTRUMENTS LTD,TXN
TEXAS INSTRUMENTS PLC,TXN
Texas Instruments,TXN
TEXAS PACIFIC LAND,TPL
TEXAS PACIFIC LAND CO,TPL
TEXAS PACIFIC LAND COMPANY,TPL
TEXAS PACIFIC LAND CORP,TPL
TEXAS PACIFIC LAND CORPORATION,TPL
TEXAS PACIFIC LAND INC,TPL
TEXAS PACIFIC LAND INC.,TPL
TEXAS PACIFIC LAND LTD,TPL
TEXAS PACIFIC LAND PLC,TPL
Texas Pacific Land Corporation,TPL
TEXTRON,TXT
TEXTRON CO,TXT
TEXTRON COMPANY,TXT
TEXTRON CORP,TXT
TEXTRON CORPORATION,TXT
TEXTRON INC,TXT
TEXTRON INC.,TXT
TEXTRON LTD,TXT
TEXTRON PLC,TXT
Textron,TXT
THERMO FISHER SCIENTIFIC,TMO
THERMO FISHER SCIENTIFIC CO,TMO
THERMO FISHER SCIENTIFIC COMPANY,TMO
THERMO FISHER SCIENTIFIC CORP,TMO
THERMO FISHER SCIENTIFIC CORPORATION,TMO
THERMO FISHER SCIENTIFIC INC,TMO
THERMO FISHER SCIENTIFIC INC.,TMO
THERMO FISHER SCIENTIFIC LTD,TMO
THERMO FISHER SCIENTIFIC PLC,TMO
Thermo Fisher Scientific,TMO
TJX COMPANIES,TJX
TJX COMPANIES CO,TJX
TJX COMPANIES COMPANY,TJX
TJX COMPANIES CORP,TJX
TJX COMPANIES CORPORATION,TJX
TJX COMPANIES INC,TJX
TJX COMPANIES INC.,TJX
TJX COMPANIES LTD,TJX
TJX COMPANIES PLC,TJX
TJX Companies,TJX
TKO GROUP HOLDINGS,TKO
TKO GROUP HOLDINGS CO,TKO
TKO GROUP HOLDINGS COMPANY,TKO
TKO GROUP HOLDINGS CORP,TKO
TKO GROUP HOLDINGS CORPORATION,TKO
TKO GROUP HOLDINGS INC,TKO
TKO GROUP HOLDINGS INC.,TKO
TKO GROUP HOLDINGS LTD,TKO
TKO GROUP HOLDINGS PLC,TKO
TKO Group Holdings,TKO
TRADE DESK (THE),TTD
TRADE DESK (THE) CO,TTD
TRADE DESK (THE) COMPANY,TTD
TRADE DESK (THE) CORP,TTD
TRADE DESK (THE) CORPORATION,TTD
TRADE DESK (THE) INC,TTD
TRADE DESK (THE) INC.,TTD
TRADE DESK (THE) LTD,TTD
TRADE DESK (THE) PLC,TTD
Trade Desk (The),TTD
TRACTOR SUPPLY,TSCO
TRACTOR SUPPLY CO,TSCO
TRACTOR SUPPLY COMPANY,TSCO
TRACTOR SUPPLY CORP,TSCO
TRACTOR SUPPLY CORPORATION,TSCO
TRACTOR SUPPLY INC,TSCO
TRACTOR SUPPLY INC.,TSCO
TRACTOR SUPPLY LTD,TSCO
TRACTOR SUPPLY PLC,TSCO
Tractor Supply,TSCO
TRANE TECHNOLOGIES,TT
TRANE TECHNOLOGIES CO,TT
TRANE TECHNOLOGIES COMPANY,TT
TRANE TECHNOLOGIES CORP,TT
TRANE TECHNOLOGIES CORPORATION,TT
TRANE TECHNOLOGIES INC,TT
TRANE TECHNOLOGIES INC.,TT
TRANE TECHNOLOGIES LTD,TT
TRANE TECHNOLOGIES PLC,TT
Trane Technologies,TT
TRANSDIGM GROUP,TDG
TRANSDIGM GROUP CO,TDG
TRANSDIGM GROUP COMPANY,TDG
TRANSDIGM GROUP CORP,TDG
TRANSDIGM GROUP CORPORATION,TDG
TRANSDIGM GROUP INC,TDG
TRANSDIGM GROUP INC.,TDG
TRANSDIGM GROUP LTD,TDG
TRANSDIGM GROUP PLC,TDG
TransDigm Group,TDG
TRAVELERS COMPANIES (THE),TRV
TRAVELERS COMPANIES (THE) CO,TRV
TRAVELERS COMPANIES (THE) COMPANY,TRV
TRAVELERS COMPANIES (THE) CORP,TRV
TRAVELERS COMPANIES (THE) CORPORATION,TRV
TRAVELERS COMPANIES (THE) INC,TRV
TRAVELERS COMPANIES (THE) INC.,TRV
TRAVELERS COMPANIES (THE) LTD,TRV
TRAVELERS COMPANIES (THE) PLC,TRV
Travelers Companies (The),TRV
TRIMBLE,TRMB
TRIMBLE CO,TRMB
TRIMBLE COMPANY,TRMB
TRIMBLE CORP,TRMB
TRIMBLE CORPORATION,TRMB
TRIMBLE INC,TRMB
TRIMBLE INC.,TRMB
TRIMBLE LTD,TRMB
TRIMBLE PLC,TRMB
Trimble Inc.,TRMB
TRUIST FINANCIAL,TFC
TRUIST FINANCIAL CO,TFC
TRUIST FINANCIAL COMPANY,TFC
TRUIST FINANCIAL CORP,TFC
TRUIST FINANCIAL CORPORATION,TFC
TRUIST FINANCIAL INC,TFC
TRUIST FINANCIAL INC.,TFC
TRUIST FINANCIAL LTD,TFC
TRUIST FINANCIAL PLC,TFC
Truist Financial,TFC
TYLER TECHNOLOGIES,TYL
TYLER TECHNOLOGIES CO,TYL
TYLER TECHNOLOGIES COMPANY,TYL
TYLER TECHNOLOGIES CORP,TYL
TYLER TECHNOLOGIES CORPORATION,TYL
TYLER TECHNOLOGIES INC,TYL
TYLER TECHNOLOGIES INC.,TYL
TYLER TECHNOLOGIES LTD,TYL
TYLER TECHNOLOGIES PLC,TYL
Tyler Technologies,TYL
TYSON FOODS,TSN
TYSON FOODS CO,TSN
TYSON FOODS COMPANY,TSN
TYSON FOODS CORP,TSN
TYSON FOODS CORPORATION,TSN
TYSON FOODS INC,TSN
TYSON FOODS INC.,TSN
TYSON FOODS LTD,TSN
TYSON FOODS PLC,TSN
Tyson Foods,TSN
U.S. BANCORP,USB
U.S. Bancorp,USB
US BANCORP,USB
US BANCORP CO,USB
US BANCORP COMPANY,USB
US BANCORP CORP,USB
US BANCORP CORPORATION,USB
US BANCORP INC,USB
US BANCORP INC.,USB
US BANCORP LTD,USB
US BANCORP PLC,USB
UBER,UBER
UBER CO,UBER
UBER COMPANY,UBER
UBER CORP,UBER
UBER CORPORATION,UBER
UBER INC,UBER
UBER INC.,UBER
UBER LTD,UBER
UBER PLC,UBER
Uber,UBER
UDR,UDR
UDR CO,UDR
UDR COMPANY,UDR
UDR CORP,UDR
UDR CORPORATION,UDR
UDR INC,UDR
UDR INC.,UDR
UDR LTD,UDR
UDR PLC,UDR
"UDR, INC.",UDR
"UDR, Inc.",UDR
ULTA BEAUTY,ULTA
ULTA BEAUTY CO,ULTA
ULTA BEAUTY COMPANY,ULTA
ULTA BEAUTY CORP,ULTA
ULTA BEAUTY CORPORATION,ULTA
ULTA BEAUTY INC,ULTA
ULTA BEAUTY INC.,ULTA
ULTA BEAUTY LTD,ULTA
ULTA BEAUTY PLC,ULTA
Ulta Beauty,ULTA
UNION PACIFIC,UNP
UNION PACIFIC CO,UNP
UNION PACIFIC COMPANY,UNP
UNION PACIFIC CORP,UNP
UNION PACIFIC CORPORATION,UNP
UNION PACIFIC INC,UNP
UNION PACIFIC INC.,UNP
UNION PACIFIC LTD,UNP
UNION PACIFIC PLC,UNP
Union Pacific Corporation,UNP
UNITED AIRLINES HOLDINGS,UAL
UNITED AIRLINES HOLDINGS CO,UAL
UNITED AIRLINES HOLDINGS COMPANY,UAL
UNITED AIRLINES HOLDINGS CORP,UAL
UNITED AIRLINES HOLDINGS CORPORATION,UAL
UNITED AIRLINES HOLDINGS INC,UAL
UNITED AIRLINES HOLDINGS INC.,UAL
UNITED AIRLINES HOLDINGS LTD,UAL
UNITED AIRLINES HOLDINGS PLC,UAL
United Airlines Holdings,UAL
UNITED PARCEL SERVICE,UPS
UNITED PARCEL SERVICE CO,UPS
UNITED PARCEL SERVICE COMPANY,UPS
UNITED PARCEL SERVICE CORP,UPS
UNITED PARCEL SERVICE CORPORATION,UPS
UNITED PARCEL SERVICE INC,UPS
UNITED PARCEL SERVICE INC.,UPS
UNITED PARCEL SERVICE LTD,UPS
UNITED PARCEL SERVICE PLC,UPS
United Parcel Service,UPS
UNITED RENTALS,URI
UNITED RENTALS CO,URI
UNITED RENTALS COMPANY,URI
UNITED RENTALS CORP,URI
UNITED RENTALS CORPORATION,URI
UNITED RENTALS INC,URI
UNITED RENTALS INC.,URI
UNITED RENTALS LTD,URI
UNITED RENTALS PLC,URI
United Rentals,URI
UNITEDHEALTH GROUP,UNH
UNITEDHEALTH GROUP CO,UNH
UNITEDHEALTH GROUP COMPANY,UNH
UNITEDHEALTH GROUP CORP,UNH
UNITEDHEALTH GROUP CORPORATION,UNH
UNITEDHEALTH GROUP INC,UNH
UNITEDHEALTH GROUP INC.,UNH
UNITEDHEALTH GROUP LTD,UNH
UNITEDHEALTH GROUP PLC,UNH
UnitedHealth Group,UNH
UNIVERSAL HEALTH SERVICES,UHS
UNIVERSAL HEALTH SERVICES CO,UHS
UNIVERSAL HEALTH SERVICES COMPANY,UHS
UNIVERSAL HEALTH SERVICES CORP,UHS
UNIVERSAL HEALTH SERVICES CORPORATION,UHS
UNIVERSAL HEALTH SERVICES INC,UHS
UNIVERSAL HEALTH SERVICES INC.,UHS
UNIVERSAL HEALTH SERVICES LTD,UHS
UNIVERSAL HEALTH SERVICES PLC,UHS
Universal Health Services,UHS
VALERO ENERGY,VLO
VALERO ENERGY CO,VLO
VALERO ENERGY COMPANY,VLO
VALERO ENERGY CORP,VLO
VALERO ENERGY CORPORATION,VLO
VALERO ENERGY INC,VLO
VALERO ENERGY INC.,VLO
VALERO ENERGY LTD,VLO
VALERO ENERGY PLC,VLO
Valero Energy,VLO
VEEVA SYSTEMS,VEEV
VEEVA SYSTEMS CO,VEEV
VEEVA SYSTEMS COMPANY,VEEV
VEEVA SYSTEMS CORP,VEEV
VEEVA SYSTEMS CORPORATION,VEEV
VEEVA SYSTEMS INC,VEEV
VEEVA SYSTEMS INC.,VEEV
VEEVA SYSTEMS LTD,VEEV
VEEVA SYSTEMS PLC,VEEV
Veeva Systems,VEEV
VENTAS,VTR
VENTAS CO,VTR
VENTAS COMPANY,VTR
VENTAS CORP,VTR
VENTAS CORPORATION,VTR
VENTAS INC,VTR
VENTAS INC.,VTR
VENTAS LTD,VTR
VENTAS PLC,VTR
Ventas,VTR
VERALTO,VLTO
VERALTO CO,VLTO
VERALTO COMPANY,VLTO
VERALTO CORP,VLTO
VERALTO CORPORATION,VLTO
VERALTO INC,VLTO
VERALTO INC.,VLTO
VERALTO LTD,VLTO
VERALTO PLC,VLTO
Veralto,VLTO
VERISIGN,VRSN
VERISIGN CO,VRSN
VERISIGN COMPANY,VRSN
VERISIGN CORP,VRSN
VERISIGN CORPORATION,VRSN
VERISIGN INC,VRSN
VERISIGN INC.,VRSN
VERISIGN LTD,VRSN
VERISIGN PLC,VRSN
Verisign,VRSN
VERISK ANALYTICS,VRSK
VERISK ANALYTICS CO,VRSK
VERISK ANALYTICS COMPANY,VRSK
VERISK ANALYTICS CORP,VRSK
VERISK ANALYTICS CORPORATION,VRSK
VERISK ANALYTICS INC,VRSK
VERISK ANALYTICS INC.,VRSK
VERISK ANALYTICS LTD,VRSK
VERISK ANALYTICS PLC,VRSK
Verisk Analytics,VRSK
VERIZON,VZ
VERIZON CO,VZ
VERIZON COMPANY,VZ
VERIZON CORP,VZ
VERIZON CORPORATION,VZ
VERIZON INC,VZ
VERIZON INC.,VZ
VERIZON LTD,VZ
VERIZON PLC,VZ
Verizon,VZ
VERTEX PHARMACEUTICALS,VRTX
VERTEX PHARMACEUTICALS CO,VRTX
VERTEX PHARMACEUTICALS COMPANY,VRTX
VERTEX PHARMACEUTICALS CORP,VRTX
VERTEX PHARMACEUTICALS CORPORATION,VRTX
VERTEX PHARMACEUTICALS INC,VRTX
VERTEX PHARMACEUTICALS INC.,VRTX
VERTEX PHARMACEUTICALS LTD,VRTX
VERTEX PHARMACEUTICALS PLC,VRTX
Vertex Pharmaceuticals,VRTX
VERTIV,VRT
VERTIV CO,VRT
VERTIV COMPANY,VRT
VERTIV CORP,VRT
VERTIV CORPORATION,VRT
VERTIV INC,VRT
VERTIV INC.,VRT
VERTIV LTD,VRT
VERTIV PLC,VRT
Vertiv,VRT
VIATRIS,VTRS
VIATRIS CO,VTRS
VIATRIS COMPANY,VTRS
VIATRIS CORP,VTRS
VIATRIS CORPORATION,VTRS
VIATRIS INC,VTRS
VIATRIS INC.,VTRS
VIATRIS LTD,VTRS
VIATRIS PLC,VTRS
Viatris,VTRS
VICI PROPERTIES,VICI
VICI PROPERTIES CO,VICI
VICI PROPERTIES COMPANY,VICI
VICI PROPERTIES CORP,VICI
VICI PROPERTIES CORPORATION,VICI
VICI PROPERTIES INC,VICI
VICI PROPERTIES INC.,VICI
VICI PROPERTIES LTD,VICI
VICI PROPERTIES PLC,VICI
Vici Properties,VICI
VISA,V
VISA CO,V
VISA COMPANY,V
VISA CORP,V
VISA CORPORATION,V
VISA INC,V
VISA INC.,V
VISA LTD,V
VISA PLC,V
Visa Inc.,V
VISTRA,VST
VISTRA CO,VST
VISTRA COMPANY,VST
VISTRA CORP,VST
VISTRA CORP.,VST
VISTRA CORPORATION,VST
VISTRA INC,VST
VISTRA INC.,VST
VISTRA LTD,VST
VISTRA PLC,VST
Vistra Corp.,VST
VULCAN MATERIALS,VMC
VULCAN MATERIALS CO,VMC
VULCAN MATERIALS COMPANY,VMC
VULCAN MATERIALS CORP,VMC
VULCAN MATERIALS CORPORATION,VMC
VULCAN MATERIALS INC,VMC
VULCAN MATERIALS INC.,VMC
VULCAN MATERIALS LTD,VMC
VULCAN MATERIALS PLC,VMC
Vulcan Materials Company,VMC
W R BERKLEY,WRB
W R BERKLEY CO,WRB
W R BERKLEY COMPANY,WRB
W R BERKLEY CORP,WRB
W R BERKLEY CORPORATION,WRB
W R BERKLEY INC,WRB
W R BERKLEY INC.,WRB
W R BERKLEY LTD,WRB
W R BERKLEY PLC,WRB
W. R. BERKLEY CORPORATION,WRB
W. R. Berkley Corporation,WRB
W W GRAINGER,GWW
W W GRAINGER CO,GWW
W W GRAINGER COMPANY,GWW
W W GRAINGER CORP,GWW
W W GRAINGER CORPORATION,GWW
W W GRAINGER INC,GWW
W W GRAINGER INC.,GWW
W W GRAINGER LTD,GWW
W W GRAINGER PLC,GWW
W. W. GRAINGER,GWW
W. W. Grainger,GWW
WABTEC,WAB
WABTEC CO,WAB
WABTEC COMPANY,WAB
WABTEC CORP,WAB
WABTEC CORPORATION,WAB
WABTEC INC,WAB
WABTEC INC.,WAB
WABTEC LTD,WAB
WABTEC PLC,WAB
Wabtec,WAB
WALMART,WMT
WALMART CO,WMT
WALMART COMPANY,WMT
WALMART CORP,WMT
WALMART CORPORATION,WMT
WALMART INC,WMT
WALMART INC.,WMT
WALMART LTD,WMT
WALMART PLC,WMT
Walmart,WMT
WALT DISNEY COMPANY (THE),DIS
WALT DISNEY COMPANY (THE) CO,DIS
WALT DISNEY COMPANY (THE) COMPANY,DIS
WALT DISNEY COMPANY (THE) CORP,DIS
WALT DISNEY COMPANY (THE) CORPORATION,DIS
WALT DISNEY COMPANY (THE) INC,DIS
WALT DISNEY COMPANY (THE) INC.,DIS
WALT DISNEY COMPANY (THE) LTD,DIS
WALT DISNEY COMPANY (THE) PLC,DIS
Walt Disney Company (The),DIS
WARNER BROS DISCOVERY,WBD
WARNER BROS DISCOVERY CO,WBD
WARNER BROS DISCOVERY COMPANY,WBD
WARNER BROS DISCOVERY CORP,WBD
WARNER BROS DISCOVERY CORPORATION,WBD
WARNER BROS DISCOVERY INC,WBD
WARNER BROS DISCOVERY INC.,WBD
WARNER BROS DISCOVERY LTD,WBD
WARNER BROS DISCOVERY PLC,WBD
WARNER BROS. DISCOVERY,WBD
Warner Bros. Discovery,WBD
WASTE MANAGEMENT,WM
WASTE MANAGEMENT CO,WM
WASTE MANAGEMENT COMPANY,WM
WASTE MANAGEMENT CORP,WM
WASTE MANAGEMENT CORPORATION,WM
WASTE MANAGEMENT INC,WM
WASTE MANAGEMENT INC.,WM
WASTE MANAGEMENT LTD,WM
WASTE MANAGEMENT PLC,WM
Waste Management,WM
WATERS,WAT
WATERS CO,WAT
WATERS COMPANY,WAT
WATERS CORP,WAT
WATERS CORPORATION,WAT
WATERS INC,WAT
WATERS INC.,WAT
WATERS LTD,WAT
WATERS PLC,WAT
Waters Corporation,WAT
WEC ENERGY GROUP,WEC
WEC ENERGY GROUP CO,WEC
WEC ENERGY GROUP COMPANY,WEC
WEC ENERGY GROUP CORP,WEC
WEC ENERGY GROUP CORPORATION,WEC
WEC ENERGY GROUP INC,WEC
WEC ENERGY GROUP INC.,WEC
WEC ENERGY GROUP LTD,WEC
WEC ENERGY GROUP PLC,WEC
WEC Energy Group,WEC
WELLS FARGO,WFC
WELLS FARGO CO,WFC
WELLS FARGO COMPANY,WFC
WELLS FARGO CORP,WFC
WELLS FARGO CORPORATION,WFC
WELLS FARGO INC,WFC
WELLS FARGO INC.,WFC
WELLS FARGO LTD,WFC
WELLS FARGO PLC,WFC
Wells Fargo,WFC
WELLTOWER,WELL
WELLTOWER CO,WELL
WELLTOWER COMPANY,WELL
WELLTOWER CORP,WELL
WELLTOWER CORPORATION,WELL
WELLTOWER INC,WELL
WELLTOWER INC.,WELL
WELLTOWER LTD,WELL
WELLTOWER PLC,WELL
Welltower,WELL
WEST PHARMACEUTICAL SERVICES,WST
WEST PHARMACEUTICAL SERVICES CO,WST
WEST PHARMACEUTICAL SERVICES COMPANY,WST
WEST PHARMACEUTICAL SERVICES CORP,WST
WEST PHARMACEUTICAL SERVICES CORPORATION,WST
WEST PHARMACEUTICAL SERVICES INC,WST
WEST PHARMACEUTICAL SERVICES INC.,WST
WEST PHARMACEUTICAL SERVICES LTD,WST
WEST PHARMACEUTICAL SERVICES PLC,WST
West Pharmaceutical Services,WST
WESTERN DIGITAL,WDC
WESTERN DIGITAL CO,WDC
WESTERN DIGITAL COMPANY,WDC
WESTERN DIGITAL CORP,WDC
WESTERN DIGITAL CORPORATION,WDC
WESTERN DIGITAL INC,WDC
WESTERN DIGITAL INC.,WDC
WESTERN DIGITAL LTD,WDC
WESTERN DIGITAL PLC,WDC
Western Digital,WDC
WEYERHAEUSER,WY
WEYERHAEUSER CO,WY
WEYERHAEUSER COMPANY,WY
WEYERHAEUSER CORP,WY
WEYERHAEUSER CORPORATION,WY
WEYERHAEUSER INC,WY
WEYERHAEUSER INC.,WY
WEYERHAEUSER LTD,WY
WEYERHAEUSER PLC,WY
Weyerhaeuser,WY
WILLIAMS-SONOMA,WSM
WILLIAMS-SONOMA CO,WSM
WILLIAMS-SONOMA COMPANY,WSM
WILLIAMS-SONOMA CORP,WSM
WILLIAMS-SONOMA CORPORATION,WSM
WILLIAMS-SONOMA INC,WSM
WILLIAMS-SONOMA INC.,WSM
WILLIAMS-SONOMA LTD,WSM
WILLIAMS-SONOMA PLC,WSM
"WILLIAMS-SONOMA, INC.",WSM
"Williams-Sonoma, Inc.",WSM
WILLIAMS COMPANIES,WMB
WILLIAMS COMPANIES CO,WMB
WILLIAMS COMPANIES COMPANY,WMB
WILLIAMS COMPANIES CORP,WMB
WILLIAMS COMPANIES CORPORATION,WMB
WILLIAMS COMPANIES INC,WMB
WILLIAMS COMPANIES INC.,WMB
WILLIAMS COMPANIES LTD,WMB
WILLIAMS COMPANIES PLC,WMB
Williams Companies,WMB
WILLIS TOWERS WATSON,WTW
WILLIS TOWERS WATSON CO,WTW
WILLIS TOWERS WATSON COMPANY,WTW
WILLIS TOWERS WATSON CORP,WTW
WILLIS TOWERS WATSON CORPORATION,WTW
WILLIS TOWERS WATSON INC,WTW
WILLIS TOWERS WATSON INC.,WTW
WILLIS TOWERS WATSON LTD,WTW
WILLIS TOWERS WATSON PLC,WTW
Willis Towers Watson,WTW
WORKDAY,WDAY
WORKDAY CO,WDAY
WORKDAY COMPANY,WDAY
WORKDAY CORP,WDAY
WORKDAY CORPORATION,WDAY
WORKDAY INC,WDAY
WORKDAY INC.,WDAY
WORKDAY LTD,WDAY
WORKDAY PLC,WDAY
"WORKDAY, INC.",WDAY
"Workday, Inc.",WDAY
WYNN RESORTS,WYNN
WYNN RESORTS CO,WYNN
WYNN RESORTS COMPANY,WYNN
WYNN RESORTS CORP,WYNN
WYNN RESORTS CORPORATION,WYNN
WYNN RESORTS INC,WYNN
WYNN RESORTS INC.,WYNN
WYNN RESORTS LTD,WYNN
WYNN RESORTS PLC,WYNN
Wynn Resorts,WYNN
XCEL ENERGY,XEL
XCEL ENERGY CO,XEL
XCEL ENERGY COMPANY,XEL
XCEL ENERGY CORP,XEL
XCEL ENERGY CORPORATION,XEL
XCEL ENERGY INC,XEL
XCEL ENERGY INC.,XEL
XCEL ENERGY LTD,XEL
XCEL ENERGY PLC,XEL
Xcel Energy,XEL
XYLEM,XYL
XYLEM CO,XYL
XYLEM COMPANY,XYL
XYLEM CORP,XYL
XYLEM CORPORATION,XYL
XYLEM INC,XYL
XYLEM INC.,XYL
XYLEM LTD,XYL
XYLEM PLC,XYL
Xylem Inc.,XYL
YUM! BRANDS,YUM
YUM! BRANDS CO,YUM
YUM! BRANDS COMPANY,YUM
YUM! BRANDS CORP,YUM
YUM! BRANDS CORPORATION,YUM
YUM! BRANDS INC,YUM
YUM! BRANDS INC.,YUM
YUM! BRANDS LTD,YUM
YUM! BRANDS PLC,YUM
Yum! Brands,YUM
ZEBRA TECHNOLOGIES,ZBRA
ZEBRA TECHNOLOGIES CO,ZBRA
ZEBRA TECHNOLOGIES COMPANY,ZBRA
ZEBRA TECHNOLOGIES CORP,ZBRA
ZEBRA TECHNOLOGIES CORPORATION,ZBRA
ZEBRA TECHNOLOGIES INC,ZBRA
ZEBRA TECHNOLOGIES INC.,ZBRA
ZEBRA TECHNOLOGIES LTD,ZBRA
ZEBRA TECHNOLOGIES PLC,ZBRA
Zebra Technologies,ZBRA
ZIMMER BIOMET,ZBH
ZIMMER BIOMET CO,ZBH
ZIMMER BIOMET COMPANY,ZBH
ZIMMER BIOMET CORP,ZBH
ZIMMER BIOMET CORPORATION,ZBH
ZIMMER BIOMET INC,ZBH
ZIMMER BIOMET INC.,ZBH
ZIMMER BIOMET LTD,ZBH
ZIMMER BIOMET PLC,ZBH
Zimmer Biomet,ZBH
ZOETIS,ZTS
ZOETIS CO,ZTS
ZOETIS COMPANY,ZTS
ZOETIS CORP,ZTS
ZOETIS CORPORATION,ZTS
ZOETIS INC,ZTS
ZOETIS INC.,ZTS
ZOETIS LTD,ZTS
ZOETIS PLC,ZTS
Zoetis,ZTS
ALNYLAM PHARMACEUTICALS,ALNY
ALNYLAM PHARMACEUTICALS CO,ALNY
ALNYLAM PHARMACEUTICALS COMPANY,ALNY
ALNYLAM PHARMACEUTICALS CORP,ALNY
ALNYLAM PHARMACEUTICALS CORPORATION,ALNY
ALNYLAM PHARMACEUTICALS INC,ALNY
ALNYLAM PHARMACEUTICALS INC.,ALNY
ALNYLAM PHARMACEUTICALS LTD,ALNY
ALNYLAM PHARMACEUTICALS PLC,ALNY
Alnylam Pharmaceuticals,ALNY
ARM HOLDINGS,ARM
ARM HOLDINGS CO,ARM
ARM HOLDINGS COMPANY,ARM
ARM HOLDINGS CORP,ARM
ARM HOLDINGS CORPORATION,ARM
ARM HOLDINGS INC,ARM
ARM HOLDINGS INC.,ARM
ARM HOLDINGS LTD,ARM
ARM HOLDINGS PLC,ARM
Arm Holdings,ARM
ASML HOLDING,ASML
ASML HOLDING CO,ASML
ASML HOLDING COMPANY,ASML
ASML HOLDING CORP,ASML
ASML HOLDING CORPORATION,ASML
ASML HOLDING INC,ASML
ASML HOLDING INC.,ASML
ASML HOLDING LTD,ASML
ASML HOLDING PLC,ASML
ASML Holding,ASML
COCA-COLA EUROPACIFIC PARTNERS,CCEP
COCA-COLA EUROPACIFIC PARTNERS CO,CCEP
COCA-COLA EUROPACIFIC PARTNERS COMPANY,CCEP
COCA-COLA EUROPACIFIC PARTNERS CORP,CCEP
COCA-COLA EUROPACIFIC PARTNERS CORPORATION,CCEP
COCA-COLA EUROPACIFIC PARTNERS INC,CCEP
COCA-COLA EUROPACIFIC PARTNERS INC.,CCEP
COCA-COLA EUROPACIFIC PARTNERS LTD,CCEP
COCA-COLA EUROPACIFIC PARTNERS PLC,CCEP
Coca-Cola Europacific Partners,CCEP
DexCom,DXCM
FERROVIAL,FER
FERROVIAL CO,FER
FERROVIAL COMPANY,FER
FERROVIAL CORP,FER
FERROVIAL CORPORATION,FER
FERROVIAL INC,FER
FERROVIAL INC.,FER
FERROVIAL LTD,FER
FERROVIAL PLC,FER
Ferrovial,FER
INSMED INCORPORATED,INSM
INSMED INCORPORATED CO,INSM
INSMED INCORPORATED COMPANY,INSM
INSMED INCORPORATED CORP,INSM
INSMED INCORPORATED CORPORATION,INSM
INSMED INCORPORATED INC,INSM
INSMED INCORPORATED INC.,INSM
INSMED INCORPORATED LTD,INSM
INSMED INCORPORATED PLC,INSM
Insmed Incorporated,INSM
MARVELL TECHNOLOGY,MRVL
MARVELL TECHNOLOGY CO,MRVL
MARVELL TECHNOLOGY COMPANY,MRVL
MARVELL TECHNOLOGY CORP,MRVL
MARVELL TECHNOLOGY CORPORATION,MRVL
MARVELL TECHNOLOGY INC,MRVL
MARVELL TECHNOLOGY INC.,MRVL
MARVELL TECHNOLOGY LTD,MRVL
MARVELL TECHNOLOGY PLC,MRVL
Marvell Technology,MRVL
MERCADO LIBRE,MELI
MERCADO LIBRE CO,MELI
MERCADO LIBRE COMPANY,MELI
MERCADO LIBRE CORP,MELI
MERCADO LIBRE CORPORATION,MELI
MERCADO LIBRE INC,MELI
MERCADO LIBRE INC.,MELI
MERCADO LIBRE LTD,MELI
MERCADO LIBRE PLC,MELI
Mercado Libre,MELI
MICROSTRATEGY,MSTR
MICROSTRATEGY CO,MSTR
MICROSTRATEGY COMPANY,MSTR
MICROSTRATEGY CORP,MSTR
MICROSTRATEGY CORPORATION,MSTR
MICROSTRATEGY INC,MSTR
MICROSTRATEGY INC.,MSTR
MICROSTRATEGY LTD,MSTR
MICROSTRATEGY PLC,MSTR
MicroStrategy,MSTR
"NETFLIX, INC.",NFLX
"Netflix, Inc.",NFLX
O'REILLY AUTOMOTIVE,ORLY
O'REILLY AUTOMOTIVE CO,ORLY
O'REILLY AUTOMOTIVE COMPANY,ORLY
O'REILLY AUTOMOTIVE CORP,ORLY
O'REILLY AUTOMOTIVE CORPORATION,ORLY
O'REILLY AUTOMOTIVE INC,ORLY
O'REILLY AUTOMOTIVE INC.,ORLY
O'REILLY AUTOMOTIVE LTD,ORLY
O'REILLY AUTOMOTIVE PLC,ORLY
O'Reilly Automotive,ORLY
OLD DOMINION FREIGHT LINE,ODFL
OLD DOMINION FREIGHT LINE CO,ODFL
OLD DOMINION FREIGHT LINE COMPANY,ODFL
OLD DOMINION FREIGHT LINE CORP,ODFL
OLD DOMINION FREIGHT LINE CORPORATION,ODFL
OLD DOMINION FREIGHT LINE INC,ODFL
OLD DOMINION FREIGHT LINE INC.,ODFL
OLD DOMINION FREIGHT LINE LTD,ODFL
OLD DOMINION FREIGHT LINE PLC,ODFL
Old Dominion Freight Line,ODFL
PDD HOLDINGS,PDD
PDD HOLDINGS CO,PDD
PDD HOLDINGS COMPANY,PDD
PDD HOLDINGS CORP,PDD
PDD HOLDINGS CORPORATION,PDD
PDD HOLDINGS INC,PDD
PDD HOLDINGS INC.,PDD
PDD HOLDINGS LTD,PDD
PDD HOLDINGS PLC,PDD
PDD Holdings,PDD
SHOPIFY,SHOP
SHOPIFY CO,SHOP
SHOPIFY COMPANY,SHOP
SHOPIFY CORP,SHOP
SHOPIFY CORPORATION,SHOP
SHOPIFY INC,SHOP
SHOPIFY INC.,SHOP
SHOPIFY LTD,SHOP
SHOPIFY PLC,SHOP
Shopify,SHOP
THOMSON REUTERS,TRI
THOMSON REUTERS CO,TRI
THOMSON REUTERS COMPANY,TRI
THOMSON REUTERS CORP,TRI
THOMSON REUTERS CORPORATION,TRI
THOMSON REUTERS INC,TRI
THOMSON REUTERS INC.,TRI
THOMSON REUTERS LTD,TRI
THOMSON REUTERS PLC,TRI
Thomson Reuters,TRI
ZSCALER,ZS
ZSCALER CO,ZS
ZSCALER COMPANY,ZS
ZSCALER CORP,ZS
ZSCALER CORPORATION,ZS
ZSCALER INC,ZS
ZSCALER INC.,ZS
ZSCALER LTD,ZS
ZSCALER PLC,ZS
Zscaler,ZS
